"city","city__URI","state","state__URI"
"Abbeville","http://dbpedia.org/resource/Abbeville,_Georgia","Georgia, GA","http://dbpedia.org/resource/Georgia_(U.S._state)"
"Abilene","http://dbpedia.org/resource/Abilene,_Texas","Texas, TX","http://dbpedia.org/resource/Texas_(state)"
"Adamsville","http://dbpedia.org/resource/Adamsville,_Tennessee","Tennessee, TN","http://dbpedia.org/resource/Tennessee_(state)"
"Akron","http://dbpedia.org/resource/Akron,_Ohio","Ohio, OH","http://dbpedia.org/resource/Ohio_(state)"
"Alabaster","http://dbpedia.org/resource/Alabaster,_Alabama","Alabama, AL","http://dbpedia.org/resource/Alabama_(state)"
"Alameda","http://dbpedia.org/resource/Alameda,_California","California, CA","http://dbpedia.org/resource/California_(state)"
"Alamosa","http://dbpedia.org/resource/Alamosa,_Colorado","Colorado, CO","http://dbpedia.org/resource/Colorado_(state)"
"Albany","http://dbpedia.org/resource/Albany,_Oregon","Oregon, OR","http://dbpedia.org/resource/Oregon_(state)"
"Albany","http://dbpedia.org/resource/Albany,_New_York","New York, NY","http://dbpedia.org/resource/New_York_(state)"
"Albertville","http://dbpedia.org/resource/Albertville,_Alabama","Alabama, AL","http://dbpedia.org/resource/Alabama_(state)"
"Albuquerque","http://dbpedia.org/resource/Albuquerque,_New_Mexico","New Mexico, NM","http://dbpedia.org/resource/New_Mexico_(state)"
"Algona","http://dbpedia.org/resource/Algona,_Washington","Washington, WA","http://dbpedia.org/resource/Washington_(state)"
"Algona","http://dbpedia.org/resource/Algona,_Iowa","Iowa, IA","http://dbpedia.org/resource/Iowa_(state)"
"Algonquin","http://dbpedia.org/resource/Algonquin,_Illinois","Illinois, IL","http://dbpedia.org/resource/Illinois_(state)"
"Allentown","http://dbpedia.org/resource/Allentown,_Pennsylvania","Pennsylvania, PA","http://dbpedia.org/resource/Pennsylvania_(state)"
"Alma","http://dbpedia.org/resource/Alma,_Arkansas","Arkansas, AR","http://dbpedia.org/resource/Arkansas_(state)"
"Anderson","http://dbpedia.org/resource/Anderson,_South_Carolina","South Carolina, SC","http://dbpedia.org/resource/South_Carolina_(state)"
"Ann Arbor","http://dbpedia.org/resource/Ann_Arbor,_Michigan","Michigan, MI","http://dbpedia.org/resource/Michigan_(state)"
"Annapolis","http://dbpedia.org/resource/Annapolis,_Maryland","Maryland, MD","http://dbpedia.org/resource/Maryland_(state)"
"Anniston","http://dbpedia.org/resource/Anniston,_Alabama","Alabama, AL","http://dbpedia.org/resource/Alabama_(state)"
"Anoka","http://dbpedia.org/resource/Anoka,_Minnesota","Minnesota, MN","http://dbpedia.org/resource/Minnesota_(state)"
"Anthony","http://dbpedia.org/resource/Anthony,_New_Mexico","New Mexico, NM","http://dbpedia.org/resource/New_Mexico_(state)"
"Apache Junction","http://dbpedia.org/resource/Apache_Junction,_Arizona","Arizona, AZ","http://dbpedia.org/resource/Arizona_(state)"
"Apex","http://dbpedia.org/resource/Apex,_North_Carolina","North Carolina, NC","http://dbpedia.org/resource/North_Carolina_(state)"
"Artesia","http://dbpedia.org/resource/Artesia,_Mississippi","Mississippi, MS","http://dbpedia.org/resource/Mississippi_(state)"
"Arvada","http://dbpedia.org/resource/Arvada,_Colorado","Colorado, CO","http://dbpedia.org/resource/Colorado_(state)"
"Ashton","http://dbpedia.org/resource/Ashton,_Idaho","Idaho, ID","http://dbpedia.org/resource/Idaho_(state)"
"Aspen","http://dbpedia.org/resource/Aspen,_Colorado","Colorado, CO","http://dbpedia.org/resource/Colorado_(state)"
"Athens","http://dbpedia.org/resource/Athens,_Georgia","Georgia, GA","http://dbpedia.org/resource/Georgia_(U.S._state)"
"Athol","http://dbpedia.org/resource/Athol,_Massachusetts","Massachusetts, MA","http://dbpedia.org/resource/Massachusetts_(state)"
"Atlanta","http://dbpedia.org/resource/Atlanta,_Georgia","Georgia, GA","http://dbpedia.org/resource/Georgia_(U.S._state)"
"Auburn","http://dbpedia.org/resource/Auburn,_Alabama","Alabama, AL","http://dbpedia.org/resource/Alabama_(state)"
"Auburn","http://dbpedia.org/resource/Auburn,_Washington","Washington, WA","http://dbpedia.org/resource/Washington_(state)"
"Ault","http://dbpedia.org/resource/Ault,_Colorado","Colorado, CO","http://dbpedia.org/resource/Colorado_(state)"
"Aurora","http://dbpedia.org/resource/Aurora,_Colorado","Colorado, CO","http://dbpedia.org/resource/Colorado_(state)"
"Aurora","http://dbpedia.org/resource/Aurora,_Illinois","Illinois, IL","http://dbpedia.org/resource/Illinois_(state)"
"Austin","http://dbpedia.org/resource/Austin,_Texas","Texas, TX","http://dbpedia.org/resource/Texas_(state)"
"Bakersfield","http://dbpedia.org/resource/Bakersfield,_California","California, CA","http://dbpedia.org/resource/California_(state)"
"Baltimore","http://dbpedia.org/resource/Baltimore,_Maryland","Maryland, MD","http://dbpedia.org/resource/Maryland_(state)"
"Bandera","http://dbpedia.org/resource/Bandera,_Texas","Texas, TX","http://dbpedia.org/resource/Texas_(state)"
"Bangor","http://dbpedia.org/resource/Bangor,_Maine","Maine, ME","http://dbpedia.org/resource/Maine_(state)"
"Bardstown","http://dbpedia.org/resource/Bardstown,_Kentucky","Kentucky, KY","http://dbpedia.org/resource/Kentucky_(state)"
"Barre","http://dbpedia.org/resource/Barre,_Vermont","Vermont, VT","http://dbpedia.org/resource/Vermont_(state)"
"Batavia","http://dbpedia.org/resource/Batavia,_Illinois","Illinois, IL","http://dbpedia.org/resource/Illinois_(state)"
"Baxter Springs","http://dbpedia.org/resource/Baxter_Springs,_Kansas","Kansas, KS","http://dbpedia.org/resource/Kansas_(state)"
"Bayou La Batre","http://dbpedia.org/resource/Bayou_La_Batre,_Alabama","Alabama, AL","http://dbpedia.org/resource/Alabama_(state)"
"Beardstown","http://dbpedia.org/resource/Beardstown,_Illinois","Illinois, IL","http://dbpedia.org/resource/Illinois_(state)"
"Beattie","http://dbpedia.org/resource/Beattie,_Kansas","Kansas, KS","http://dbpedia.org/resource/Kansas_(state)"
"Beaver","http://dbpedia.org/resource/Beaver,_Oklahoma","Oklahoma, OK","http://dbpedia.org/resource/Oklahoma_(state)"
"Bellevue","http://dbpedia.org/resource/Bellevue,_Washington","Washington, WA","http://dbpedia.org/resource/Washington_(state)"
"Bellingham","http://dbpedia.org/resource/Bellingham,_Washington","Washington, WA","http://dbpedia.org/resource/Washington_(state)"
"Belzoni","http://dbpedia.org/resource/Belzoni,_Mississippi","Mississippi, MS","http://dbpedia.org/resource/Mississippi_(state)"
"Bemidji","http://dbpedia.org/resource/Bemidji,_Minnesota","Minnesota, MN","http://dbpedia.org/resource/Minnesota_(state)"
"Berea","http://dbpedia.org/resource/Berea,_Kentucky","Kentucky, KY","http://dbpedia.org/resource/Kentucky_(state)"
"Berkeley","http://dbpedia.org/resource/Berkeley,_California","California, CA","http://dbpedia.org/resource/California_(state)"
"Berlin","http://dbpedia.org/resource/Berlin,_New_Hampshire","New Hampshire, NH","http://dbpedia.org/resource/New_Hampshire_(state)"
"Berrien Springs","http://dbpedia.org/resource/Berrien_Springs,_Michigan","Michigan, MI","http://dbpedia.org/resource/Michigan_(state)"
"Berryville","http://dbpedia.org/resource/Berryville,_Arkansas","Arkansas, AR","http://dbpedia.org/resource/Arkansas_(state)"
"Berthoud","http://dbpedia.org/resource/Berthoud,_Colorado","Colorado, CO","http://dbpedia.org/resource/Colorado_(state)"
"Bertram","http://dbpedia.org/resource/Bertram,_Texas","Texas, TX","http://dbpedia.org/resource/Texas_(state)"
"Bessemer","http://dbpedia.org/resource/Bessemer,_Alabama","Alabama, AL","http://dbpedia.org/resource/Alabama_(state)"
"Bethany Beach","http://dbpedia.org/resource/Bethany_Beach,_Delaware","Delaware, DE","http://dbpedia.org/resource/Delaware_(state)"
"Bethlehem","http://dbpedia.org/resource/Bethlehem,_Connecticut","Connecticut, CT","http://dbpedia.org/resource/Connecticut_(state)"
"Bethlehem","http://dbpedia.org/resource/Bethlehem,_Pennsylvania","Pennsylvania, PA","http://dbpedia.org/resource/Pennsylvania_(state)"
"Biloxi","http://dbpedia.org/resource/Biloxi,_Mississippi","Mississippi, MS","http://dbpedia.org/resource/Mississippi_(state)"
"Binghamton","http://dbpedia.org/resource/Binghamton,_New_York","New York, NY","http://dbpedia.org/resource/New_York_(state)"
"Birmingham","http://dbpedia.org/resource/Birmingham,_Alabama","Alabama, AL","http://dbpedia.org/resource/Alabama_(state)"
"Bishop","http://dbpedia.org/resource/Bishop,_California","California, CA","http://dbpedia.org/resource/California_(state)"
"Bloomington","http://dbpedia.org/resource/Bloomington,_Illinois","Illinois, IL","http://dbpedia.org/resource/Illinois_(state)"
"Bluefield","http://dbpedia.org/resource/Bluefield,_West_Virginia","West Virginia, WV","http://dbpedia.org/resource/West_Virginia_(state)"
"Boone","http://dbpedia.org/resource/Boone,_North_Carolina","North Carolina, NC","http://dbpedia.org/resource/North_Carolina_(state)"
"Boston","http://dbpedia.org/resource/Boston,_Massachusetts","Massachusetts, MA","http://dbpedia.org/resource/Massachusetts_(state)"
"Bothell","http://dbpedia.org/resource/Bothell,_Washington","Washington, WA","http://dbpedia.org/resource/Washington_(state)"
"Boulder","http://dbpedia.org/resource/Boulder,_Colorado","Colorado, CO","http://dbpedia.org/resource/Colorado_(state)"
"Bozeman","http://dbpedia.org/resource/Bozeman,_Montana","Montana, MT","http://dbpedia.org/resource/Montana_(state)"
"Breaux Bridge","http://dbpedia.org/resource/Breaux_Bridge,_Louisiana","Louisiana, LA","http://dbpedia.org/resource/Louisiana_(state)"
"Breckenridge","http://dbpedia.org/resource/Breckenridge,_Colorado","Colorado, CO","http://dbpedia.org/resource/Colorado_(state)"
"Brevard","http://dbpedia.org/resource/Brevard,_North_Carolina","North Carolina, NC","http://dbpedia.org/resource/North_Carolina_(state)"
"Bridgeport","http://dbpedia.org/resource/Bridgeport,_Connecticut","Connecticut, CT","http://dbpedia.org/resource/Connecticut_(state)"
"Brinkley","http://dbpedia.org/resource/Brinkley,_Arkansas","Arkansas, AR","http://dbpedia.org/resource/Arkansas_(state)"
"Bristol","http://dbpedia.org/resource/Bristol,_Connecticut","Connecticut, CT","http://dbpedia.org/resource/Connecticut_(state)"
"Bristol","http://dbpedia.org/resource/Bristol,_Tennessee","Tennessee, TN","http://dbpedia.org/resource/Tennessee_(state)"
"Bristol","http://dbpedia.org/resource/Bristol,_Virginia","Virginia, VA","http://dbpedia.org/resource/Virginia_(state)"
"Brockton","http://dbpedia.org/resource/Brockton,_Massachusetts","Massachusetts, MA","http://dbpedia.org/resource/Massachusetts_(state)"
"Brooklyn","http://dbpedia.org/resource/Brooklyn,_New_York","New York, NY","http://dbpedia.org/resource/New_York_(state)"
"Brunswick","http://dbpedia.org/resource/Brunswick,_Missouri","Missouri, MO","http://dbpedia.org/resource/Missouri_(state)"
"Buena Park","http://dbpedia.org/resource/Buena_Park,_California","California, CA","http://dbpedia.org/resource/California_(state)"
"Buhl","http://dbpedia.org/resource/Buhl,_Idaho","Idaho, ID","http://dbpedia.org/resource/Idaho_(state)"
"Burlington","http://dbpedia.org/resource/Burlington,_Vermont","Vermont, VT","http://dbpedia.org/resource/Vermont_(state)"
"Butte","http://dbpedia.org/resource/Butte,_Montana","Montana, MT","http://dbpedia.org/resource/Montana_(state)"
"Byram Township","http://dbpedia.org/resource/Byram_Township,_New_Jersey","New Jersey, NJ","http://dbpedia.org/resource/New_Jersey_(state)"
"Calabash","http://dbpedia.org/resource/Calabash,_North_Carolina","North Carolina, NC","http://dbpedia.org/resource/North_Carolina_(state)"
"Caldwell","http://dbpedia.org/resource/Caldwell,_Texas","Texas, TX","http://dbpedia.org/resource/Texas_(state)"
"Campbell","http://dbpedia.org/resource/Campbell,_California","California, CA","http://dbpedia.org/resource/California_(state)"
"Canon","http://dbpedia.org/resource/Canon,_Georgia","Georgia, GA","http://dbpedia.org/resource/Georgia_(U.S._state)"
"Carbondale","http://dbpedia.org/resource/Carbondale,_Colorado","Colorado, CO","http://dbpedia.org/resource/Colorado_(state)"
"Carrboro","http://dbpedia.org/resource/Carrboro,_North_Carolina","North Carolina, NC","http://dbpedia.org/resource/North_Carolina_(state)"
"Castroville","http://dbpedia.org/resource/Castroville,_California","California, CA","http://dbpedia.org/resource/California_(state)"
"Cawker City","http://dbpedia.org/resource/Cawker_City,_Kansas","Kansas, KS","http://dbpedia.org/resource/Kansas_(state)"
"Cedaredge","http://dbpedia.org/resource/Cedaredge,_Colorado","Colorado, CO","http://dbpedia.org/resource/Colorado_(state)"
"Central City","http://dbpedia.org/resource/Central_City,_Colorado","Colorado, CO","http://dbpedia.org/resource/Colorado_(state)"
"Chadbourn","http://dbpedia.org/resource/Chadbourn,_North_Carolina","North Carolina, NC","http://dbpedia.org/resource/North_Carolina_(state)"
"Champaign-Urbana","http://dbpedia.org/resource/Champaign-Urbana,_Illinois","Illinois, IL","http://dbpedia.org/resource/Illinois_(state)"
"Chandler","http://dbpedia.org/resource/Chandler,_Arizona","Arizona, AZ","http://dbpedia.org/resource/Arizona_(state)"
"Charleston","http://dbpedia.org/resource/Charleston,_South_Carolina","South Carolina, SC","http://dbpedia.org/resource/South_Carolina_(state)"
"Charlotte","http://dbpedia.org/resource/Charlotte,_North_Carolina","North Carolina, NC","http://dbpedia.org/resource/North_Carolina_(state)"
"Chatsworth","http://dbpedia.org/resource/Chatsworth,_California","California, CA","http://dbpedia.org/resource/California_(state)"
"Chattanooga","http://dbpedia.org/resource/Chattanooga,_Tennessee","Tennessee, TN","http://dbpedia.org/resource/Tennessee_(state)"
"Cherryfield","http://dbpedia.org/resource/Cherryfield,_Maine","Maine, ME","http://dbpedia.org/resource/Maine_(state)"
"Cheshire","http://dbpedia.org/resource/Cheshire,_Connecticut","Connecticut, CT","http://dbpedia.org/resource/Connecticut_(state)"
"Cheyenne","http://dbpedia.org/resource/Cheyenne,_Wyoming","Wyoming, WY","http://dbpedia.org/resource/Wyoming_(state)"
"Chicago","http://dbpedia.org/resource/Chicago,_Illinois","Illinois, IL","http://dbpedia.org/resource/Illinois_(state)"
"Chico","http://dbpedia.org/resource/Chico,_California","California, CA","http://dbpedia.org/resource/California_(state)"
"Chula Vista","http://dbpedia.org/resource/Chula_Vista,_California","California, CA","http://dbpedia.org/resource/California_(state)"
"Churubusco","http://dbpedia.org/resource/Churubusco,_Indiana","Indiana, IN","http://dbpedia.org/resource/Indiana_(state)"
"Cincinnati","http://dbpedia.org/resource/Cincinnati,_Ohio","Ohio, OH","http://dbpedia.org/resource/Ohio_(state)"
"Circleville","http://dbpedia.org/resource/Circleville,_Ohio","Ohio, OH","http://dbpedia.org/resource/Ohio_(state)"
"Clark","http://dbpedia.org/resource/Clark,_South_Dakota","South Dakota, SD","http://dbpedia.org/resource/South_Dakota_(state)"
"Clarksville","http://dbpedia.org/resource/Clarksville,_Tennessee","Tennessee, TN","http://dbpedia.org/resource/Tennessee_(state)"
"Claxton","http://dbpedia.org/resource/Claxton,_Georgia","Georgia, GA","http://dbpedia.org/resource/Georgia_(U.S._state)"
"Cleveland","http://dbpedia.org/resource/Cleveland,_Ohio","Ohio, OH","http://dbpedia.org/resource/Ohio_(state)"
"Clifton","http://dbpedia.org/resource/Clifton,_Texas","Texas, TX","http://dbpedia.org/resource/Texas_(state)"
"Clovis","http://dbpedia.org/resource/Clovis,_California","California, CA","http://dbpedia.org/resource/California_(state)"
"Coachella","http://dbpedia.org/resource/Coachella,_California","California, CA","http://dbpedia.org/resource/California_(state)"
"Coconut Creek","http://dbpedia.org/resource/Coconut_Creek,_Florida","Florida, FL","http://dbpedia.org/resource/Florida_(state)"
"Cody","http://dbpedia.org/resource/Cody,_Wyoming","Wyoming, WY","http://dbpedia.org/resource/Wyoming_(state)"
"Collinsville","http://dbpedia.org/resource/Collinsville,_Illinois","Illinois, IL","http://dbpedia.org/resource/Illinois_(state)"
"Colonial Beach","http://dbpedia.org/resource/Colonial_Beach,_Virginia","Virginia, VA","http://dbpedia.org/resource/Virginia_(state)"
"Colquitt","http://dbpedia.org/resource/Colquitt,_Georgia","Georgia, GA","http://dbpedia.org/resource/Georgia_(U.S._state)"
"Columbia","http://dbpedia.org/resource/Columbia,_Maryland","Maryland, MD","http://dbpedia.org/resource/Maryland_(state)"
"Columbia","http://dbpedia.org/resource/Columbia,_South_Carolina","South Carolina, SC","http://dbpedia.org/resource/South_Carolina_(state)"
"Columbus","http://dbpedia.org/resource/Columbus,_Indiana","Indiana, IN","http://dbpedia.org/resource/Indiana_(state)"
"Columbus","http://dbpedia.org/resource/Columbus,_Ohio","Ohio, OH","http://dbpedia.org/resource/Ohio_(state)"
"Colville","http://dbpedia.org/resource/Colville,_Washington","Washington, WA","http://dbpedia.org/resource/Washington_(state)"
"Compton","http://dbpedia.org/resource/Compton,_California","California, CA","http://dbpedia.org/resource/California_(state)"
"Concord","http://dbpedia.org/resource/Concord,_New_Hampshire","New Hampshire, NH","http://dbpedia.org/resource/New_Hampshire_(state)"
"Conway","http://dbpedia.org/resource/Conway,_Arkansas","Arkansas, AR","http://dbpedia.org/resource/Arkansas_(state)"
"Cooperstown","http://dbpedia.org/resource/Cooperstown,_New_York","New York, NY","http://dbpedia.org/resource/New_York_(state)"
"Coral Springs","http://dbpedia.org/resource/Coral_Springs,_Florida","Florida, FL","http://dbpedia.org/resource/Florida_(state)"
"Cordele","http://dbpedia.org/resource/Cordele,_Georgia","Georgia, GA","http://dbpedia.org/resource/Georgia_(U.S._state)"
"Corning","http://dbpedia.org/resource/Corning,_California","California, CA","http://dbpedia.org/resource/California_(state)"
"Corning","http://dbpedia.org/resource/Corning,_New_York","New York, NY","http://dbpedia.org/resource/New_York_(state)"
"Corona","http://dbpedia.org/resource/Corona,_California","California, CA","http://dbpedia.org/resource/California_(state)"
"Corsicana","http://dbpedia.org/resource/Corsicana,_Texas","Texas, TX","http://dbpedia.org/resource/Texas_(state)"
"Cottonwood Heights","http://dbpedia.org/resource/Cottonwood_Heights,_Utah","Utah, UT","http://dbpedia.org/resource/Utah_(state)"
"Cozad","http://dbpedia.org/resource/Cozad,_Nebraska","Nebraska, NE","http://dbpedia.org/resource/Nebraska_(state)"
"Cranford","http://dbpedia.org/resource/Cranford,_New_Jersey","New Jersey, NJ","http://dbpedia.org/resource/New_Jersey_(state)"
"Crawford","http://dbpedia.org/resource/Crawford,_Nebraska","Nebraska, NE","http://dbpedia.org/resource/Nebraska_(state)"
"Creede","http://dbpedia.org/resource/Creede,_Colorado","Colorado, CO","http://dbpedia.org/resource/Colorado_(state)"
"Crested Butte","http://dbpedia.org/resource/Crested_Butte,_Colorado","Colorado, CO","http://dbpedia.org/resource/Colorado_(state)"
"Crisfield","http://dbpedia.org/resource/Crisfield,_Maryland","Maryland, MD","http://dbpedia.org/resource/Maryland_(state)"
"Crystal Lake","http://dbpedia.org/resource/Crystal_Lake,_Illinois","Illinois, IL","http://dbpedia.org/resource/Illinois_(state)"
"Cuero","http://dbpedia.org/resource/Cuero,_Texas","Texas, TX","http://dbpedia.org/resource/Texas_(state)"
"Dalton","http://dbpedia.org/resource/Dalton,_Georgia","Georgia, GA","http://dbpedia.org/resource/Georgia_(U.S._state)"
"Daly City","http://dbpedia.org/resource/Daly_City,_California","California, CA","http://dbpedia.org/resource/California_(state)"
"Danbury","http://dbpedia.org/resource/Danbury,_Connecticut","Connecticut, CT","http://dbpedia.org/resource/Connecticut_(state)"
"Dannebrog","http://dbpedia.org/resource/Dannebrog,_Nebraska","Nebraska, NE","http://dbpedia.org/resource/Nebraska_(state)"
"Danville","http://dbpedia.org/resource/Danville,_Kentucky","Kentucky, KY","http://dbpedia.org/resource/Kentucky_(state)"
"Davis","http://dbpedia.org/resource/Davis,_California","California, CA","http://dbpedia.org/resource/California_(state)"
"Davison","http://dbpedia.org/resource/Davison,_Michigan","Michigan, MI","http://dbpedia.org/resource/Michigan_(state)"
"Dawson","http://dbpedia.org/resource/Dawson,_Georgia","Georgia, GA","http://dbpedia.org/resource/Georgia_(U.S._state)"
"Dayton","http://dbpedia.org/resource/Dayton,_Ohio","Ohio, OH","http://dbpedia.org/resource/Ohio_(state)"
"DeKalb","http://dbpedia.org/resource/DeKalb,_Illinois","Illinois, IL","http://dbpedia.org/resource/Illinois_(state)"
"Decatur","http://dbpedia.org/resource/Decatur,_Alabama","Alabama, AL","http://dbpedia.org/resource/Alabama_(state)"
"Deer Trail","http://dbpedia.org/resource/Deer_Trail,_Colorado","Colorado, CO","http://dbpedia.org/resource/Colorado_(state)"
"Deland","http://dbpedia.org/resource/Deland,_Florida","Florida, FL","http://dbpedia.org/resource/Florida_(state)"
"Delphos","http://dbpedia.org/resource/Delphos,_Ohio","Ohio, OH","http://dbpedia.org/resource/Ohio_(state)"
"Demopolis","http://dbpedia.org/resource/Demopolis,_Alabama","Alabama, AL","http://dbpedia.org/resource/Alabama_(state)"
"Denver","http://dbpedia.org/resource/Denver,_Colorado","Colorado, CO","http://dbpedia.org/resource/Colorado_(state)"
"Denville","http://dbpedia.org/resource/Denville,_New_Jersey","New Jersey, NJ","http://dbpedia.org/resource/New_Jersey_(state)"
"Derby","http://dbpedia.org/resource/Derby,_Connecticut","Connecticut, CT","http://dbpedia.org/resource/Connecticut_(state)"
"Derry","http://dbpedia.org/resource/Derry,_New_Hampshire","New Hampshire, NH","http://dbpedia.org/resource/New_Hampshire_(state)"
"Des Allemands","http://dbpedia.org/resource/Des_Allemands,_Louisiana","Louisiana, LA","http://dbpedia.org/resource/Louisiana_(state)"
"Des Moines","http://dbpedia.org/resource/Des_Moines,_Iowa","Iowa, IA","http://dbpedia.org/resource/Iowa_(state)"
"Detroit","http://dbpedia.org/resource/Detroit,_Michigan","Michigan, MI","http://dbpedia.org/resource/Michigan_(state)"
"Dickinson","http://dbpedia.org/resource/Dickinson,_North_Dakota","North Dakota, ND","http://dbpedia.org/resource/North_Dakota_(state)"
"Dinuba","http://dbpedia.org/resource/Dinuba,_California","California, CA","http://dbpedia.org/resource/California_(state)"
"Dodge City","http://dbpedia.org/resource/Dodge_City,_Kansas","Kansas, KS","http://dbpedia.org/resource/Kansas_(state)"
"Douglas","http://dbpedia.org/resource/Douglas,_Wyoming","Wyoming, WY","http://dbpedia.org/resource/Wyoming_(state)"
"Douglas","http://dbpedia.org/resource/Douglas,_Alabama","Alabama, AL","http://dbpedia.org/resource/Alabama_(state)"
"Dove Creek","http://dbpedia.org/resource/Dove_Creek,_Colorado","Colorado, CO","http://dbpedia.org/resource/Colorado_(state)"
"Dover","http://dbpedia.org/resource/Dover,_Delaware","Delaware, DE","http://dbpedia.org/resource/Delaware_(state)"
"Drayton","http://dbpedia.org/resource/Drayton,_North_Dakota","North Dakota, ND","http://dbpedia.org/resource/North_Dakota_(state)"
"Drumright","http://dbpedia.org/resource/Drumright,_Oklahoma","Oklahoma, OK","http://dbpedia.org/resource/Oklahoma_(state)"
"Dubach","http://dbpedia.org/resource/Dubach,_Louisiana","Louisiana, LA","http://dbpedia.org/resource/Louisiana_(state)"
"Duluth","http://dbpedia.org/resource/Duluth,_Minnesota","Minnesota, MN","http://dbpedia.org/resource/Minnesota_(state)"
"Dumas","http://dbpedia.org/resource/Dumas,_Arkansas","Arkansas, AR","http://dbpedia.org/resource/Arkansas_(state)"
"Duncanville","http://dbpedia.org/resource/Duncanville,_Texas","Texas, TX","http://dbpedia.org/resource/Texas_(state)"
"Durango","http://dbpedia.org/resource/Durango,_Colorado","Colorado, CO","http://dbpedia.org/resource/Colorado_(state)"
"Dyersville","http://dbpedia.org/resource/Dyersville,_Iowa","Iowa, IA","http://dbpedia.org/resource/Iowa_(state)"
"Eagle Lake","http://dbpedia.org/resource/Eagle_Lake,_Texas","Texas, TX","http://dbpedia.org/resource/Texas_(state)"
"Eaton","http://dbpedia.org/resource/Eaton,_Colorado","Colorado, CO","http://dbpedia.org/resource/Colorado_(state)"
"Eau Claire","http://dbpedia.org/resource/Eau_Claire,_Michigan","Michigan, MI","http://dbpedia.org/resource/Michigan_(state)"
"Edgewater","http://dbpedia.org/resource/Edgewater,_Colorado","Colorado, CO","http://dbpedia.org/resource/Colorado_(state)"
"El Paso","http://dbpedia.org/resource/El_Paso,_Texas","Texas, TX","http://dbpedia.org/resource/Texas_(state)"
"El Reno","http://dbpedia.org/resource/El_Reno,_Oklahoma","Oklahoma, OK","http://dbpedia.org/resource/Oklahoma_(state)"
"Elberton","http://dbpedia.org/resource/Elberton,_Georgia","Georgia, GA","http://dbpedia.org/resource/Georgia_(U.S._state)"
"Elgin","http://dbpedia.org/resource/Elgin,_South_Carolina","South Carolina, SC","http://dbpedia.org/resource/South_Carolina_(state)"
"Elgin","http://dbpedia.org/resource/Elgin,_Texas","Texas, TX","http://dbpedia.org/resource/Texas_(state)"
"Elizabethton","http://dbpedia.org/resource/Elizabethton,_Tennessee","Tennessee, TN","http://dbpedia.org/resource/Tennessee_(state)"
"Elkhart","http://dbpedia.org/resource/Elkhart,_Indiana","Indiana, IN","http://dbpedia.org/resource/Indiana_(state)"
"Emerson","http://dbpedia.org/resource/Emerson,_Arkansas","Arkansas, AR","http://dbpedia.org/resource/Arkansas_(state)"
"Emmetsburg","http://dbpedia.org/resource/Emmetsburg,_Iowa","Iowa, IA","http://dbpedia.org/resource/Iowa_(state)"
"Enumclaw","http://dbpedia.org/resource/Enumclaw,_Washington","Washington, WA","http://dbpedia.org/resource/Washington_(state)"
"Erie","http://dbpedia.org/resource/Erie,_Pennsylvania","Pennsylvania, PA","http://dbpedia.org/resource/Pennsylvania_(state)"
"Erwin","http://dbpedia.org/resource/Erwin,_North_Carolina","North Carolina, NC","http://dbpedia.org/resource/North_Carolina_(state)"
"Eufaula","http://dbpedia.org/resource/Eufaula,_Alabama","Alabama, AL","http://dbpedia.org/resource/Alabama_(state)"
"Eugene","http://dbpedia.org/resource/Eugene,_Oregon","Oregon, OR","http://dbpedia.org/resource/Oregon_(state)"
"Eustis","http://dbpedia.org/resource/Eustis,_Florida","Florida, FL","http://dbpedia.org/resource/Florida_(state)"
"Fairfield","http://dbpedia.org/resource/Fairfield,_Iowa","Iowa, IA","http://dbpedia.org/resource/Iowa_(state)"
"Fallbrook","http://dbpedia.org/resource/Fallbrook,_California","California, CA","http://dbpedia.org/resource/California_(state)"
"Fallon","http://dbpedia.org/resource/Fallon,_Nevada","Nevada, NV","http://dbpedia.org/resource/Nevada_(state)"
"Farmington","http://dbpedia.org/resource/Farmington,_Maine","Maine, ME","http://dbpedia.org/resource/Maine_(state)"
"Fayetteville","http://dbpedia.org/resource/Fayetteville,_Arkansas","Arkansas, AR","http://dbpedia.org/resource/Arkansas_(state)"
"Fayetteville","http://dbpedia.org/resource/Fayetteville,_North_Carolina","North Carolina, NC","http://dbpedia.org/resource/North_Carolina_(state)"
"Fernandina Beach","http://dbpedia.org/resource/Fernandina_Beach,_Florida","Florida, FL","http://dbpedia.org/resource/Florida_(state)"
"Flagstaff","http://dbpedia.org/resource/Flagstaff,_Arizona","Arizona, AZ","http://dbpedia.org/resource/Arizona_(state)"
"Florida","http://dbpedia.org/resource/Florida,_New_York","New York, NY","http://dbpedia.org/resource/New_York_(state)"
"Forestville","http://dbpedia.org/resource/Forestville,_California","California, CA","http://dbpedia.org/resource/California_(state)"
"Fort Collins","http://dbpedia.org/resource/Fort_Collins,_Colorado","Colorado, CO","http://dbpedia.org/resource/Colorado_(state)"
"Fort Dodge","http://dbpedia.org/resource/Fort_Dodge,_Iowa","Iowa, IA","http://dbpedia.org/resource/Iowa_(state)"
"Fort Lauderdale","http://dbpedia.org/resource/Fort_Lauderdale,_Florida","Florida, FL","http://dbpedia.org/resource/Florida_(state)"
"Fort Lee","http://dbpedia.org/resource/Fort_Lee,_New_Jersey","New Jersey, NJ","http://dbpedia.org/resource/New_Jersey_(state)"
"Fort Myers","http://dbpedia.org/resource/Fort_Myers,_Florida","Florida, FL","http://dbpedia.org/resource/Florida_(state)"
"Fort Payne","http://dbpedia.org/resource/Fort_Payne,_Alabama","Alabama, AL","http://dbpedia.org/resource/Alabama_(state)"
"Fort Thompson","http://dbpedia.org/resource/Fort_Thompson,_South_Dakota","South Dakota, SD","http://dbpedia.org/resource/South_Dakota_(state)"
"Fort Wayne","http://dbpedia.org/resource/Fort_Wayne,_Indiana","Indiana, IN","http://dbpedia.org/resource/Indiana_(state)"
"Fort Worth","http://dbpedia.org/resource/Fort_Worth,_Texas","Texas, TX","http://dbpedia.org/resource/Texas_(state)"
"Fortescue","http://dbpedia.org/resource/Fortescue,_New_Jersey","New Jersey, NJ","http://dbpedia.org/resource/New_Jersey_(state)"
"Fruita","http://dbpedia.org/resource/Fruita,_Colorado","Colorado, CO","http://dbpedia.org/resource/Colorado_(state)"
"Fulton","http://dbpedia.org/resource/Fulton,_New_York","New York, NY","http://dbpedia.org/resource/New_York_(state)"
"Gainesville","http://dbpedia.org/resource/Gainesville,_Florida","Florida, FL","http://dbpedia.org/resource/Florida_(state)"
"Gainesville","http://dbpedia.org/resource/Gainesville,_Georgia","Georgia, GA","http://dbpedia.org/resource/Georgia_(U.S._state)"
"Galilee","http://dbpedia.org/resource/Galilee,_Rhode_Island","Rhode Island, RI","http://dbpedia.org/resource/Rhode_Island_(state)"
"Gallup","http://dbpedia.org/resource/Gallup,_New_Mexico","New Mexico, NM","http://dbpedia.org/resource/New_Mexico_(state)"
"Galveston","http://dbpedia.org/resource/Galveston,_Texas","Texas, TX","http://dbpedia.org/resource/Texas_(state)"
"Gary","http://dbpedia.org/resource/Gary,_Indiana","Indiana, IN","http://dbpedia.org/resource/Indiana_(state)"
"Gaylord","http://dbpedia.org/resource/Gaylord,_Michigan","Michigan, MI","http://dbpedia.org/resource/Michigan_(state)"
"Genoa","http://dbpedia.org/resource/Genoa,_Nevada","Nevada, NV","http://dbpedia.org/resource/Nevada_(state)"
"Gilroy","http://dbpedia.org/resource/Gilroy,_California","California, CA","http://dbpedia.org/resource/California_(state)"
"Girard","http://dbpedia.org/resource/Girard,_Kansas","Kansas, KS","http://dbpedia.org/resource/Kansas_(state)"
"Glendale","http://dbpedia.org/resource/Glendale,_California","California, CA","http://dbpedia.org/resource/California_(state)"
"Glendive","http://dbpedia.org/resource/Glendive,_Montana","Montana, MT","http://dbpedia.org/resource/Montana_(state)"
"Gloucester","http://dbpedia.org/resource/Gloucester,_Massachusetts","Massachusetts, MA","http://dbpedia.org/resource/Massachusetts_(state)"
"Goleta","http://dbpedia.org/resource/Goleta,_California","California, CA","http://dbpedia.org/resource/California_(state)"
"Gonzales","http://dbpedia.org/resource/Gonzales,_Louisiana","Louisiana, LA","http://dbpedia.org/resource/Louisiana_(state)"
"Granville","http://dbpedia.org/resource/Granville,_New_York","New York, NY","http://dbpedia.org/resource/New_York_(state)"
"Greeley","http://dbpedia.org/resource/Greeley,_Colorado","Colorado, CO","http://dbpedia.org/resource/Colorado_(state)"
"Green Forest","http://dbpedia.org/resource/Green_Forest,_Arkansas","Arkansas, AR","http://dbpedia.org/resource/Arkansas_(state)"
"Greenfield","http://dbpedia.org/resource/Greenfield,_California","California, CA","http://dbpedia.org/resource/California_(state)"
"Greenville","http://dbpedia.org/resource/Greenville,_Alabama","Alabama, AL","http://dbpedia.org/resource/Alabama_(state)"
"Greenville","http://dbpedia.org/resource/Greenville,_South_Carolina","South Carolina, SC","http://dbpedia.org/resource/South_Carolina_(state)"
"Greenwood","http://dbpedia.org/resource/Greenwood,_South_Carolina","South Carolina, SC","http://dbpedia.org/resource/South_Carolina_(state)"
"Gridley","http://dbpedia.org/resource/Gridley,_California","California, CA","http://dbpedia.org/resource/California_(state)"
"Griffin","http://dbpedia.org/resource/Griffin,_Georgia","Georgia, GA","http://dbpedia.org/resource/Georgia_(U.S._state)"
"Griggsville","http://dbpedia.org/resource/Griggsville,_Illinois","Illinois, IL","http://dbpedia.org/resource/Illinois_(state)"
"Grinnell","http://dbpedia.org/resource/Grinnell,_Iowa","Iowa, IA","http://dbpedia.org/resource/Iowa_(state)"
"Groton","http://dbpedia.org/resource/Groton,_Connecticut","Connecticut, CT","http://dbpedia.org/resource/Connecticut_(state)"
"Gueydan","http://dbpedia.org/resource/Gueydan,_Louisiana","Louisiana, LA","http://dbpedia.org/resource/Louisiana_(state)"
"Gulfport","http://dbpedia.org/resource/Gulfport,_Mississippi","Mississippi, MS","http://dbpedia.org/resource/Mississippi_(state)"
"Hacienda Heights","http://dbpedia.org/resource/Hacienda_Heights,_California","California, CA","http://dbpedia.org/resource/California_(state)"
"Hadley","http://dbpedia.org/resource/Hadley,_Massachusetts","Massachusetts, MA","http://dbpedia.org/resource/Massachusetts_(state)"
"Hagerstown","http://dbpedia.org/resource/Hagerstown,_Maryland","Maryland, MD","http://dbpedia.org/resource/Maryland_(state)"
"Haines","http://dbpedia.org/resource/Haines,_Alaska","Alaska, AK","http://dbpedia.org/resource/Alaska_(state)"
"Haines City","http://dbpedia.org/resource/Haines_City,_Florida","Florida, FL","http://dbpedia.org/resource/Florida_(state)"
"Haleyville","http://dbpedia.org/resource/Haleyville,_Alabama","Alabama, AL","http://dbpedia.org/resource/Alabama_(state)"
"Hamden","http://dbpedia.org/resource/Hamden,_Connecticut","Connecticut, CT","http://dbpedia.org/resource/Connecticut_(state)"
"Hamilton","http://dbpedia.org/resource/Hamilton,_Texas","Texas, TX","http://dbpedia.org/resource/Texas_(state)"
"Hammondsport","http://dbpedia.org/resource/Hammondsport,_New_York","New York, NY","http://dbpedia.org/resource/New_York_(state)"
"Hannibal","http://dbpedia.org/resource/Hannibal,_Missouri","Missouri, MO","http://dbpedia.org/resource/Missouri_(state)"
"Hartford","http://dbpedia.org/resource/Hartford,_Connecticut","Connecticut, CT","http://dbpedia.org/resource/Connecticut_(state)"
"Hartselle","http://dbpedia.org/resource/Hartselle,_Alabama","Alabama, AL","http://dbpedia.org/resource/Alabama_(state)"
"Hastings","http://dbpedia.org/resource/Hastings,_Nebraska","Nebraska, NE","http://dbpedia.org/resource/Nebraska_(state)"
"Hattiesburg","http://dbpedia.org/resource/Hattiesburg,_Mississippi","Mississippi, MS","http://dbpedia.org/resource/Mississippi_(state)"
"Haverstraw","http://dbpedia.org/resource/Haverstraw,_New_York","New York, NY","http://dbpedia.org/resource/New_York_(state)"
"Haysville","http://dbpedia.org/resource/Haysville,_Kansas","Kansas, KS","http://dbpedia.org/resource/Kansas_(state)"
"Hercules","http://dbpedia.org/resource/Hercules,_California","California, CA","http://dbpedia.org/resource/California_(state)"
"Hershey","http://dbpedia.org/resource/Hershey,_Pennsylvania","Pennsylvania, PA","http://dbpedia.org/resource/Pennsylvania_(state)"
"Hialeah","http://dbpedia.org/resource/Hialeah,_Florida","Florida, FL","http://dbpedia.org/resource/Florida_(state)"
"Holtville","http://dbpedia.org/resource/Holtville,_California","California, CA","http://dbpedia.org/resource/California_(state)"
"Holyoke","http://dbpedia.org/resource/Holyoke,_Massachusetts","Massachusetts, MA","http://dbpedia.org/resource/Massachusetts_(state)"
"Honaker","http://dbpedia.org/resource/Honaker,_Virginia","Virginia, VA","http://dbpedia.org/resource/Virginia_(state)"
"Honolulu","http://dbpedia.org/resource/Honolulu,_Hawaii","Hawaii, HI","http://dbpedia.org/resource/Hawaii_(state)"
"Hot Springs","http://dbpedia.org/resource/Hot_Springs,_Arkansas","Arkansas, AR","http://dbpedia.org/resource/Arkansas_(state)"
"Houston","http://dbpedia.org/resource/Houston,_Texas","Texas, TX","http://dbpedia.org/resource/Texas_(state)"
"Hueytown","http://dbpedia.org/resource/Hueytown,_Alabama","Alabama, AL","http://dbpedia.org/resource/Alabama_(state)"
"Huntington Beach","http://dbpedia.org/resource/Huntington_Beach,_California","California, CA","http://dbpedia.org/resource/California_(state)"
"Huntley","http://dbpedia.org/resource/Huntley,_Illinois","Illinois, IL","http://dbpedia.org/resource/Illinois_(state)"
"Huntsville","http://dbpedia.org/resource/Huntsville,_Alabama","Alabama, AL","http://dbpedia.org/resource/Alabama_(state)"
"Huntsville","http://dbpedia.org/resource/Huntsville,_Texas","Texas, TX","http://dbpedia.org/resource/Texas_(state)"
"Ilwaco","http://dbpedia.org/resource/Ilwaco,_Washington","Washington, WA","http://dbpedia.org/resource/Washington_(state)"
"Independence","http://dbpedia.org/resource/Independence,_Missouri","Missouri, MO","http://dbpedia.org/resource/Missouri_(state)"
"Indiana","http://dbpedia.org/resource/Indiana,_Pennsylvania","Pennsylvania, PA","http://dbpedia.org/resource/Pennsylvania_(state)"
"Indianapolis","http://dbpedia.org/resource/Indianapolis,_Indiana","Indiana, IN","http://dbpedia.org/resource/Indiana_(state)"
"Indio","http://dbpedia.org/resource/Indio,_California","California, CA","http://dbpedia.org/resource/California_(state)"
"Inola","http://dbpedia.org/resource/Inola,_Oklahoma","Oklahoma, OK","http://dbpedia.org/resource/Oklahoma_(state)"
"Isleton","http://dbpedia.org/resource/Isleton,_California","California, CA","http://dbpedia.org/resource/California_(state)"
"Jackson","http://dbpedia.org/resource/Jackson,_Michigan","Michigan, MI","http://dbpedia.org/resource/Michigan_(state)"
"Jackson","http://dbpedia.org/resource/Jackson,_Mississippi","Mississippi, MS","http://dbpedia.org/resource/Mississippi_(state)"
"Jacksonville","http://dbpedia.org/resource/Jacksonville,_Alabama","Alabama, AL","http://dbpedia.org/resource/Alabama_(state)"
"Jacksonville","http://dbpedia.org/resource/Jacksonville,_Florida","Florida, FL","http://dbpedia.org/resource/Florida_(state)"
"Jamestown","http://dbpedia.org/resource/Jamestown,_North_Dakota","North Dakota, ND","http://dbpedia.org/resource/North_Dakota_(state)"
"Jasper","http://dbpedia.org/resource/Jasper,_Arkansas","Arkansas, AR","http://dbpedia.org/resource/Arkansas_(state)"
"Jennings","http://dbpedia.org/resource/Jennings,_Kansas","Kansas, KS","http://dbpedia.org/resource/Kansas_(state)"
"Jennings","http://dbpedia.org/resource/Jennings,_Louisiana","Louisiana, LA","http://dbpedia.org/resource/Louisiana_(state)"
"Jerome","http://dbpedia.org/resource/Jerome,_Arizona","Arizona, AZ","http://dbpedia.org/resource/Arizona_(state)"
"Jersey City","http://dbpedia.org/resource/Jersey_City,_New_Jersey","New Jersey, NJ","http://dbpedia.org/resource/New_Jersey_(state)"
"Johnson City","http://dbpedia.org/resource/Johnson_City,_Tennessee","Tennessee, TN","http://dbpedia.org/resource/Tennessee_(state)"
"Johnstown","http://dbpedia.org/resource/Johnstown,_Pennsylvania","Pennsylvania, PA","http://dbpedia.org/resource/Pennsylvania_(state)"
"Joliet","http://dbpedia.org/resource/Joliet,_Illinois","Illinois, IL","http://dbpedia.org/resource/Illinois_(state)"
"Jonesboro","http://dbpedia.org/resource/Jonesboro,_Arkansas","Arkansas, AR","http://dbpedia.org/resource/Arkansas_(state)"
"Jonesborough","http://dbpedia.org/resource/Jonesborough,_Tennessee","Tennessee, TN","http://dbpedia.org/resource/Tennessee_(state)"
"Juneau","http://dbpedia.org/resource/Juneau,_Alaska","Alaska, AK","http://dbpedia.org/resource/Alaska_(state)"
"Kalamazoo","http://dbpedia.org/resource/Kalamazoo,_Michigan","Michigan, MI","http://dbpedia.org/resource/Michigan_(state)"
"Kalispell","http://dbpedia.org/resource/Kalispell,_Montana","Montana, MT","http://dbpedia.org/resource/Montana_(state)"
"Kannapolis","http://dbpedia.org/resource/Kannapolis,_North_Carolina","North Carolina, NC","http://dbpedia.org/resource/North_Carolina_(state)"
"Kansas City","http://dbpedia.org/resource/Kansas_City,_Missouri","Missouri, MO","http://dbpedia.org/resource/Missouri_(state)"
"Kansas City","http://dbpedia.org/resource/Kansas_City,_Kansas","Kansas, KS","http://dbpedia.org/resource/Kansas_(state)"
"Kaufman","http://dbpedia.org/resource/Kaufman,_Texas","Texas, TX","http://dbpedia.org/resource/Texas_(state)"
"Keansburg","http://dbpedia.org/resource/Keansburg,_New_Jersey","New Jersey, NJ","http://dbpedia.org/resource/New_Jersey_(state)"
"Keene","http://dbpedia.org/resource/Keene,_New_Hampshire","New Hampshire, NH","http://dbpedia.org/resource/New_Hampshire_(state)"
"Keizer","http://dbpedia.org/resource/Keizer,_Oregon","Oregon, OR","http://dbpedia.org/resource/Oregon_(state)"
"Kelso","http://dbpedia.org/resource/Kelso,_Washington","Washington, WA","http://dbpedia.org/resource/Washington_(state)"
"Kenai","http://dbpedia.org/resource/Kenai,_Alaska","Alaska, AK","http://dbpedia.org/resource/Alaska_(state)"
"Kennesaw","http://dbpedia.org/resource/Kennesaw,_Georgia","Georgia, GA","http://dbpedia.org/resource/Georgia_(U.S._state)"
"Kenton","http://dbpedia.org/resource/Kenton,_Tennessee","Tennessee, TN","http://dbpedia.org/resource/Tennessee_(state)"
"Keokuk","http://dbpedia.org/resource/Keokuk,_Iowa","Iowa, IA","http://dbpedia.org/resource/Iowa_(state)"
"Ketchikan","http://dbpedia.org/resource/Ketchikan,_Alaska","Alaska, AK","http://dbpedia.org/resource/Alaska_(state)"
"Kewanee","http://dbpedia.org/resource/Kewanee,_Illinois","Illinois, IL","http://dbpedia.org/resource/Illinois_(state)"
"Kingsville","http://dbpedia.org/resource/Kingsville,_Texas","Texas, TX","http://dbpedia.org/resource/Texas_(state)"
"Kirkland","http://dbpedia.org/resource/Kirkland,_Washington","Washington, WA","http://dbpedia.org/resource/Washington_(state)"
"Kirkwood","http://dbpedia.org/resource/Kirkwood,_Missouri","Missouri, MO","http://dbpedia.org/resource/Missouri_(state)"
"Kirwin","http://dbpedia.org/resource/Kirwin,_Kansas","Kansas, KS","http://dbpedia.org/resource/Kansas_(state)"
"Knik","http://dbpedia.org/resource/Knik,_Alaska","Alaska, AK","http://dbpedia.org/resource/Alaska_(state)"
"Knoxville","http://dbpedia.org/resource/Knoxville,_Tennessee","Tennessee, TN","http://dbpedia.org/resource/Tennessee_(state)"
"Kodiak","http://dbpedia.org/resource/Kodiak,_Alaska","Alaska, AK","http://dbpedia.org/resource/Alaska_(state)"
"Kokomo","http://dbpedia.org/resource/Kokomo,_Indiana","Indiana, IN","http://dbpedia.org/resource/Indiana_(state)"
"La Crosse","http://dbpedia.org/resource/La_Crosse,_Kansas","Kansas, KS","http://dbpedia.org/resource/Kansas_(state)"
"Lafayette","http://dbpedia.org/resource/Lafayette,_Louisiana","Louisiana, LA","http://dbpedia.org/resource/Louisiana_(state)"
"Lake Benton","http://dbpedia.org/resource/Lake_Benton,_Minnesota","Minnesota, MN","http://dbpedia.org/resource/Minnesota_(state)"
"Lake Oswego","http://dbpedia.org/resource/Lake_Oswego,_Oregon","Oregon, OR","http://dbpedia.org/resource/Oregon_(state)"
"Laramie","http://dbpedia.org/resource/Laramie,_Wyoming","Wyoming, WY","http://dbpedia.org/resource/Wyoming_(state)"
"Las Vegas","http://dbpedia.org/resource/Las_Vegas,_Nevada","Nevada, NV","http://dbpedia.org/resource/Nevada_(state)"
"Lathrop","http://dbpedia.org/resource/Lathrop,_Missouri","Missouri, MO","http://dbpedia.org/resource/Missouri_(state)"
"Lebanon","http://dbpedia.org/resource/Lebanon,_Tennessee","Tennessee, TN","http://dbpedia.org/resource/Tennessee_(state)"
"Lecompte","http://dbpedia.org/resource/Lecompte,_Louisiana","Louisiana, LA","http://dbpedia.org/resource/Louisiana_(state)"
"Lenexa","http://dbpedia.org/resource/Lenexa,_Kansas","Kansas, KS","http://dbpedia.org/resource/Kansas_(state)"
"Lenoir City","http://dbpedia.org/resource/Lenoir_City,_Tennessee","Tennessee, TN","http://dbpedia.org/resource/Tennessee_(state)"
"Leola","http://dbpedia.org/resource/Leola,_South_Dakota","South Dakota, SD","http://dbpedia.org/resource/South_Dakota_(state)"
"Leoti","http://dbpedia.org/resource/Leoti,_Kansas","Kansas, KS","http://dbpedia.org/resource/Kansas_(state)"
"Lewes","http://dbpedia.org/resource/Lewes,_Delaware","Delaware, DE","http://dbpedia.org/resource/Delaware_(state)"
"Lexington","http://dbpedia.org/resource/Lexington,_Kentucky","Kentucky, KY","http://dbpedia.org/resource/Kentucky_(state)"
"Lexington","http://dbpedia.org/resource/Lexington,_Massachusetts","Massachusetts, MA","http://dbpedia.org/resource/Massachusetts_(state)"
"Limon","http://dbpedia.org/resource/Limon,_Colorado","Colorado, CO","http://dbpedia.org/resource/Colorado_(state)"
"Lincoln","http://dbpedia.org/resource/Lincoln,_Alabama","Alabama, AL","http://dbpedia.org/resource/Alabama_(state)"
"Lincoln","http://dbpedia.org/resource/Lincoln,_Nebraska","Nebraska, NE","http://dbpedia.org/resource/Nebraska_(state)"
"Linden","http://dbpedia.org/resource/Linden,_California","California, CA","http://dbpedia.org/resource/California_(state)"
"Lindsborg","http://dbpedia.org/resource/Lindsborg,_Kansas","Kansas, KS","http://dbpedia.org/resource/Kansas_(state)"
"Lithonia","http://dbpedia.org/resource/Lithonia,_Georgia","Georgia, GA","http://dbpedia.org/resource/Georgia_(U.S._state)"
"Little Rock","http://dbpedia.org/resource/Little_Rock,_Arkansas","Arkansas, AR","http://dbpedia.org/resource/Arkansas_(state)"
"Lockport","http://dbpedia.org/resource/Lockport,_New_York","New York, NY","http://dbpedia.org/resource/New_York_(state)"
"Lodi","http://dbpedia.org/resource/Lodi,_California","California, CA","http://dbpedia.org/resource/California_(state)"
"Lombard","http://dbpedia.org/resource/Lombard,_Illinois","Illinois, IL","http://dbpedia.org/resource/Illinois_(state)"
"Lompoc","http://dbpedia.org/resource/Lompoc,_California","California, CA","http://dbpedia.org/resource/California_(state)"
"Long Beach","http://dbpedia.org/resource/Long_Beach,_California","California, CA","http://dbpedia.org/resource/California_(state)"
"Los Angeles","http://dbpedia.org/resource/Los_Angeles,_California","California, CA","http://dbpedia.org/resource/California_(state)"
"Louisville","http://dbpedia.org/resource/Louisville,_Kentucky","Kentucky, KY","http://dbpedia.org/resource/Kentucky_(state)"
"Loup City","http://dbpedia.org/resource/Loup_City,_Nebraska","Nebraska, NE","http://dbpedia.org/resource/Nebraska_(state)"
"Lowell","http://dbpedia.org/resource/Lowell,_Arkansas","Arkansas, AR","http://dbpedia.org/resource/Arkansas_(state)"
"Lowell","http://dbpedia.org/resource/Lowell,_Massachusetts","Massachusetts, MA","http://dbpedia.org/resource/Massachusetts_(state)"
"Lynchburg","http://dbpedia.org/resource/Lynchburg,_Virginia","Virginia, VA","http://dbpedia.org/resource/Virginia_(state)"
"Madison","http://dbpedia.org/resource/Madison,_Wisconsin","Wisconsin, WI","http://dbpedia.org/resource/Wisconsin_(state)"
"Maggie Valley","http://dbpedia.org/resource/Maggie_Valley,_North_Carolina","North Carolina, NC","http://dbpedia.org/resource/North_Carolina_(state)"
"Malvern","http://dbpedia.org/resource/Malvern,_Arkansas","Arkansas, AR","http://dbpedia.org/resource/Arkansas_(state)"
"Manchester","http://dbpedia.org/resource/Manchester,_New_Hampshire","New Hampshire, NH","http://dbpedia.org/resource/New_Hampshire_(state)"
"Manchester","http://dbpedia.org/resource/Manchester,_Connecticut","Connecticut, CT","http://dbpedia.org/resource/Connecticut_(state)"
"Manhattan","http://dbpedia.org/resource/Manhattan,_Kansas","Kansas, KS","http://dbpedia.org/resource/Kansas_(state)"
"Manhattan","http://dbpedia.org/resource/Manhattan,_New_York","New York, NY","http://dbpedia.org/resource/New_York_(state)"
"Mannford","http://dbpedia.org/resource/Mannford,_Oklahoma","Oklahoma, OK","http://dbpedia.org/resource/Oklahoma_(state)"
"Marion","http://dbpedia.org/resource/Marion,_Indiana","Indiana, IN","http://dbpedia.org/resource/Indiana_(state)"
"Marionville","http://dbpedia.org/resource/Marionville,_Missouri","Missouri, MO","http://dbpedia.org/resource/Missouri_(state)"
"Marseilles","http://dbpedia.org/resource/Marseilles,_Illinois","Illinois, IL","http://dbpedia.org/resource/Illinois_(state)"
"Marysville","http://dbpedia.org/resource/Marysville,_California","California, CA","http://dbpedia.org/resource/California_(state)"
"Marysville","http://dbpedia.org/resource/Marysville,_Kansas","Kansas, KS","http://dbpedia.org/resource/Kansas_(state)"
"Mattoon","http://dbpedia.org/resource/Mattoon,_Illinois","Illinois, IL","http://dbpedia.org/resource/Illinois_(state)"
"McAllen","http://dbpedia.org/resource/McAllen,_Texas","Texas, TX","http://dbpedia.org/resource/Texas_(state)"
"McCloud","http://dbpedia.org/resource/McCloud,_California","California, CA","http://dbpedia.org/resource/California_(state)"
"McMinnville","http://dbpedia.org/resource/McMinnville,_Tennessee","Tennessee, TN","http://dbpedia.org/resource/Tennessee_(state)"
"Medfield","http://dbpedia.org/resource/Medfield,_Massachusetts","Massachusetts, MA","http://dbpedia.org/resource/Massachusetts_(state)"
"Melbourne","http://dbpedia.org/resource/Melbourne,_Florida","Florida, FL","http://dbpedia.org/resource/Florida_(state)"
"Memphis","http://dbpedia.org/resource/Memphis,_Tennessee","Tennessee, TN","http://dbpedia.org/resource/Tennessee_(state)"
"Merced","http://dbpedia.org/resource/Merced,_California","California, CA","http://dbpedia.org/resource/California_(state)"
"Meredith","http://dbpedia.org/resource/Meredith,_New_Hampshire","New Hampshire, NH","http://dbpedia.org/resource/New_Hampshire_(state)"
"Meriden","http://dbpedia.org/resource/Meriden,_Connecticut","Connecticut, CT","http://dbpedia.org/resource/Connecticut_(state)"
"Mesick","http://dbpedia.org/resource/Mesick,_Michigan","Michigan, MI","http://dbpedia.org/resource/Michigan_(state)"
"Metropolis","http://dbpedia.org/resource/Metropolis,_Illinois","Illinois, IL","http://dbpedia.org/resource/Illinois_(state)"
"Miami","http://dbpedia.org/resource/Miami,_Florida","Florida, FL","http://dbpedia.org/resource/Florida_(state)"
"Middletown","http://dbpedia.org/resource/Middletown,_Connecticut","Connecticut, CT","http://dbpedia.org/resource/Connecticut_(state)"
"Midlothian","http://dbpedia.org/resource/Midlothian,_Texas","Texas, TX","http://dbpedia.org/resource/Texas_(state)"
"Millinocket","http://dbpedia.org/resource/Millinocket,_Maine","Maine, ME","http://dbpedia.org/resource/Maine_(state)"
"Milpitas","http://dbpedia.org/resource/Milpitas,_California","California, CA","http://dbpedia.org/resource/California_(state)"
"Milwaukee","http://dbpedia.org/resource/Milwaukee,_Wisconsin","Wisconsin, WI","http://dbpedia.org/resource/Wisconsin_(state)"
"Minneapolis","http://dbpedia.org/resource/Minneapolis,_Minnesota","Minnesota, MN","http://dbpedia.org/resource/Minnesota_(state)"
"Mishawaka","http://dbpedia.org/resource/Mishawaka,_Indiana","Indiana, IN","http://dbpedia.org/resource/Indiana_(state)"
"Missoula","http://dbpedia.org/resource/Missoula,_Montana","Montana, MT","http://dbpedia.org/resource/Montana_(state)"
"Modesto","http://dbpedia.org/resource/Modesto,_California","California, CA","http://dbpedia.org/resource/California_(state)"
"Monterey","http://dbpedia.org/resource/Monterey,_California","California, CA","http://dbpedia.org/resource/California_(state)"
"Montgomery","http://dbpedia.org/resource/Montgomery,_Minnesota","Minnesota, MN","http://dbpedia.org/resource/Minnesota_(state)"
"Montgomery","http://dbpedia.org/resource/Montgomery,_Alabama","Alabama, AL","http://dbpedia.org/resource/Alabama_(state)"
"Monticello","http://dbpedia.org/resource/Monticello,_Minnesota","Minnesota, MN","http://dbpedia.org/resource/Minnesota_(state)"
"Morton","http://dbpedia.org/resource/Morton,_Illinois","Illinois, IL","http://dbpedia.org/resource/Illinois_(state)"
"Mount Ida","http://dbpedia.org/resource/Mount_Ida,_Arkansas","Arkansas, AR","http://dbpedia.org/resource/Arkansas_(state)"
"Mount Pleasant","http://dbpedia.org/resource/Mount_Pleasant,_Texas","Texas, TX","http://dbpedia.org/resource/Texas_(state)"
"Mountain View","http://dbpedia.org/resource/Mountain_View,_Arkansas","Arkansas, AR","http://dbpedia.org/resource/Arkansas_(state)"
"Muskegon","http://dbpedia.org/resource/Muskegon,_Michigan","Michigan, MI","http://dbpedia.org/resource/Michigan_(state)"
"Myrtle Beach","http://dbpedia.org/resource/Myrtle_Beach,_South_Carolina","South Carolina, SC","http://dbpedia.org/resource/South_Carolina_(state)"
"Naperville","http://dbpedia.org/resource/Naperville,_Illinois","Illinois, IL","http://dbpedia.org/resource/Illinois_(state)"
"Nashua","http://dbpedia.org/resource/Nashua,_New_Hampshire","New Hampshire, NH","http://dbpedia.org/resource/New_Hampshire_(state)"
"Nashville","http://dbpedia.org/resource/Nashville,_Arkansas","Arkansas, AR","http://dbpedia.org/resource/Arkansas_(state)"
"Nashville","http://dbpedia.org/resource/Nashville,_Georgia","Georgia, GA","http://dbpedia.org/resource/Georgia_(U.S._state)"
"Nashville","http://dbpedia.org/resource/Nashville,_Tennessee","Tennessee, TN","http://dbpedia.org/resource/Tennessee_(state)"
"Naugatuck","http://dbpedia.org/resource/Naugatuck,_Connecticut","Connecticut, CT","http://dbpedia.org/resource/Connecticut_(state)"
"Nederland","http://dbpedia.org/resource/Nederland,_Colorado","Colorado, CO","http://dbpedia.org/resource/Colorado_(state)"
"Neosho","http://dbpedia.org/resource/Neosho,_Missouri","Missouri, MO","http://dbpedia.org/resource/Missouri_(state)"
"New Britain","http://dbpedia.org/resource/New_Britain,_Connecticut","Connecticut, CT","http://dbpedia.org/resource/Connecticut_(state)"
"New Brunswick","http://dbpedia.org/resource/New_Brunswick,_New_Jersey","New Jersey, NJ","http://dbpedia.org/resource/New_Jersey_(state)"
"New Castle","http://dbpedia.org/resource/New_Castle,_Pennsylvania","Pennsylvania, PA","http://dbpedia.org/resource/Pennsylvania_(state)"
"New Haven","http://dbpedia.org/resource/New_Haven,_Connecticut","Connecticut, CT","http://dbpedia.org/resource/Connecticut_(state)"
"New Orleans","http://dbpedia.org/resource/New_Orleans,_Louisiana","Louisiana, LA","http://dbpedia.org/resource/Louisiana_(state)"
"New Rochelle","http://dbpedia.org/resource/New_Rochelle,_New_York","New York, NY","http://dbpedia.org/resource/New_York_(state)"
"New Ulm","http://dbpedia.org/resource/New_Ulm,_Minnesota","Minnesota, MN","http://dbpedia.org/resource/Minnesota_(state)"
"New York","http://dbpedia.org/resource/New_York,_New_York","New York, NY","http://dbpedia.org/resource/New_York_(state)"
"Newark","http://dbpedia.org/resource/Newark,_New_Jersey","New Jersey, NJ","http://dbpedia.org/resource/New_Jersey_(state)"
"Newberry","http://dbpedia.org/resource/Newberry,_Michigan","Michigan, MI","http://dbpedia.org/resource/Michigan_(state)"
"Newburyport","http://dbpedia.org/resource/Newburyport,_Massachusetts","Massachusetts, MA","http://dbpedia.org/resource/Massachusetts_(state)"
"Newnan","http://dbpedia.org/resource/Newnan,_Georgia","Georgia, GA","http://dbpedia.org/resource/Georgia_(U.S._state)"
"Newport","http://dbpedia.org/resource/Newport,_Rhode_Island","Rhode Island, RI","http://dbpedia.org/resource/Rhode_Island_(state)"
"Niagara Falls","http://dbpedia.org/resource/Niagara_Falls,_New_York","New York, NY","http://dbpedia.org/resource/New_York_(state)"
"Norco","http://dbpedia.org/resource/Norco,_California","California, CA","http://dbpedia.org/resource/California_(state)"
"Norman","http://dbpedia.org/resource/Norman,_Oklahoma","Oklahoma, OK","http://dbpedia.org/resource/Oklahoma_(state)"
"North Adams","http://dbpedia.org/resource/North_Adams,_Massachusetts","Massachusetts, MA","http://dbpedia.org/resource/Massachusetts_(state)"
"North Loup","http://dbpedia.org/resource/North_Loup,_Nebraska","Nebraska, NE","http://dbpedia.org/resource/Nebraska_(state)"
"North Platte","http://dbpedia.org/resource/North_Platte,_Nebraska","Nebraska, NE","http://dbpedia.org/resource/Nebraska_(state)"
"North Tonawanda","http://dbpedia.org/resource/North_Tonawanda,_New_York","New York, NY","http://dbpedia.org/resource/New_York_(state)"
"Northampton","http://dbpedia.org/resource/Northampton,_Massachusetts","Massachusetts, MA","http://dbpedia.org/resource/Massachusetts_(state)"
"Northfield","http://dbpedia.org/resource/Northfield,_Minnesota","Minnesota, MN","http://dbpedia.org/resource/Minnesota_(state)"
"Norwich","http://dbpedia.org/resource/Norwich,_Connecticut","Connecticut, CT","http://dbpedia.org/resource/Connecticut_(state)"
"O'Fallon","http://dbpedia.org/resource/O'Fallon,_Missouri","Missouri, MO","http://dbpedia.org/resource/Missouri_(state)"
"O'Neill","http://dbpedia.org/resource/O'Neill,_Nebraska","Nebraska, NE","http://dbpedia.org/resource/Nebraska_(state)"
"Oak Ridge","http://dbpedia.org/resource/Oak_Ridge,_Tennessee","Tennessee, TN","http://dbpedia.org/resource/Tennessee_(state)"
"Oakland","http://dbpedia.org/resource/Oakland,_Nebraska","Nebraska, NE","http://dbpedia.org/resource/Nebraska_(state)"
"Ocean City","http://dbpedia.org/resource/Ocean_City,_New_Jersey","New Jersey, NJ","http://dbpedia.org/resource/New_Jersey_(state)"
"Ocoee","http://dbpedia.org/resource/Ocoee,_Florida","Florida, FL","http://dbpedia.org/resource/Florida_(state)"
"Ogdensburg","http://dbpedia.org/resource/Ogdensburg,_New_York","New York, NY","http://dbpedia.org/resource/New_York_(state)"
"Okeechobee","http://dbpedia.org/resource/Okeechobee,_Florida","Florida, FL","http://dbpedia.org/resource/Florida_(state)"
"Oklahoma City","http://dbpedia.org/resource/Oklahoma_City,_Oklahoma","Oklahoma, OK","http://dbpedia.org/resource/Oklahoma_(state)"
"Olathe","http://dbpedia.org/resource/Olathe,_Kansas","Kansas, KS","http://dbpedia.org/resource/Kansas_(state)"
"Olney","http://dbpedia.org/resource/Olney,_Illinois","Illinois, IL","http://dbpedia.org/resource/Illinois_(state)"
"Omaha","http://dbpedia.org/resource/Omaha,_Nebraska","Nebraska, NE","http://dbpedia.org/resource/Nebraska_(state)"
"Onaway","http://dbpedia.org/resource/Onaway,_Michigan","Michigan, MI","http://dbpedia.org/resource/Michigan_(state)"
"Orem","http://dbpedia.org/resource/Orem,_Utah","Utah, UT","http://dbpedia.org/resource/Utah_(state)"
"Ormond Beach","http://dbpedia.org/resource/Ormond_Beach,_Florida","Florida, FL","http://dbpedia.org/resource/Florida_(state)"
"Oroville","http://dbpedia.org/resource/Oroville,_California","California, CA","http://dbpedia.org/resource/California_(state)"
"Ouray","http://dbpedia.org/resource/Ouray,_Colorado","Colorado, CO","http://dbpedia.org/resource/Colorado_(state)"
"Owensboro","http://dbpedia.org/resource/Owensboro,_Kentucky","Kentucky, KY","http://dbpedia.org/resource/Kentucky_(state)"
"Oxnard","http://dbpedia.org/resource/Oxnard,_California","California, CA","http://dbpedia.org/resource/California_(state)"
"Ozark","http://dbpedia.org/resource/Ozark,_Alabama","Alabama, AL","http://dbpedia.org/resource/Alabama_(state)"
"Pacifica","http://dbpedia.org/resource/Pacifica,_California","California, CA","http://dbpedia.org/resource/California_(state)"
"Paducah","http://dbpedia.org/resource/Paducah,_Kentucky","Kentucky, KY","http://dbpedia.org/resource/Kentucky_(state)"
"Palisade","http://dbpedia.org/resource/Palisade,_Colorado","Colorado, CO","http://dbpedia.org/resource/Colorado_(state)"
"Palm Springs","http://dbpedia.org/resource/Palm_Springs,_California","California, CA","http://dbpedia.org/resource/California_(state)"
"Panama City Beach","http://dbpedia.org/resource/Panama_City_Beach,_Florida","Florida, FL","http://dbpedia.org/resource/Florida_(state)"
"Parsons","http://dbpedia.org/resource/Parsons,_Kansas","Kansas, KS","http://dbpedia.org/resource/Kansas_(state)"
"Pasadena","http://dbpedia.org/resource/Pasadena,_California","California, CA","http://dbpedia.org/resource/California_(state)"
"Paterson","http://dbpedia.org/resource/Paterson,_New_Jersey","New Jersey, NJ","http://dbpedia.org/resource/New_Jersey_(state)"
"Pawtucket","http://dbpedia.org/resource/Pawtucket,_Rhode_Island","Rhode Island, RI","http://dbpedia.org/resource/Rhode_Island_(state)"
"Peabody","http://dbpedia.org/resource/Peabody,_Massachusetts","Massachusetts, MA","http://dbpedia.org/resource/Massachusetts_(state)"
"Pearsonville","http://dbpedia.org/resource/Pearsonville,_California","California, CA","http://dbpedia.org/resource/California_(state)"
"Pensacola","http://dbpedia.org/resource/Pensacola,_Florida","Florida, FL","http://dbpedia.org/resource/Florida_(state)"
"Peoria","http://dbpedia.org/resource/Peoria,_Illinois","Illinois, IL","http://dbpedia.org/resource/Illinois_(state)"
"Perth Amboy","http://dbpedia.org/resource/Perth_Amboy,_New_Jersey","New Jersey, NJ","http://dbpedia.org/resource/New_Jersey_(state)"
"Peru","http://dbpedia.org/resource/Peru,_Indiana","Indiana, IN","http://dbpedia.org/resource/Indiana_(state)"
"Petersburg","http://dbpedia.org/resource/Petersburg,_West_Virginia","West Virginia, WV","http://dbpedia.org/resource/West_Virginia_(state)"
"Phelps","http://dbpedia.org/resource/Phelps,_New_York","New York, NY","http://dbpedia.org/resource/New_York_(state)"
"Philadelphia","http://dbpedia.org/resource/Philadelphia,_Pennsylvania","Pennsylvania, PA","http://dbpedia.org/resource/Pennsylvania_(state)"
"Phoenix","http://dbpedia.org/resource/Phoenix,_Arizona","Arizona, AZ","http://dbpedia.org/resource/Arizona_(state)"
"Pikeville","http://dbpedia.org/resource/Pikeville,_Kentucky","Kentucky, KY","http://dbpedia.org/resource/Kentucky_(state)"
"Pinehurst","http://dbpedia.org/resource/Pinehurst,_North_Carolina","North Carolina, NC","http://dbpedia.org/resource/North_Carolina_(state)"
"Pittsburg","http://dbpedia.org/resource/Pittsburg,_Kansas","Kansas, KS","http://dbpedia.org/resource/Kansas_(state)"
"Pittsburgh","http://dbpedia.org/resource/Pittsburgh,_Pennsylvania","Pennsylvania, PA","http://dbpedia.org/resource/Pennsylvania_(state)"
"Placerville","http://dbpedia.org/resource/Placerville,_California","California, CA","http://dbpedia.org/resource/California_(state)"
"Plainfield","http://dbpedia.org/resource/Plainfield,_New_Jersey","New Jersey, NJ","http://dbpedia.org/resource/New_Jersey_(state)"
"Plano","http://dbpedia.org/resource/Plano,_Texas","Texas, TX","http://dbpedia.org/resource/Texas_(state)"
"Plymouth","http://dbpedia.org/resource/Plymouth,_Massachusetts","Massachusetts, MA","http://dbpedia.org/resource/Massachusetts_(state)"
"Pocatello","http://dbpedia.org/resource/Pocatello,_Idaho","Idaho, ID","http://dbpedia.org/resource/Idaho_(state)"
"Ponchatoula","http://dbpedia.org/resource/Ponchatoula,_Louisiana","Louisiana, LA","http://dbpedia.org/resource/Louisiana_(state)"
"Portland","http://dbpedia.org/resource/Portland,_Oregon","Oregon, OR","http://dbpedia.org/resource/Oregon_(state)"
"Prattville","http://dbpedia.org/resource/Prattville,_Alabama","Alabama, AL","http://dbpedia.org/resource/Alabama_(state)"
"Prescott","http://dbpedia.org/resource/Prescott,_Arizona","Arizona, AZ","http://dbpedia.org/resource/Arizona_(state)"
"Presque Isle","http://dbpedia.org/resource/Presque_Isle,_Maine","Maine, ME","http://dbpedia.org/resource/Maine_(state)"
"Preston","http://dbpedia.org/resource/Preston,_Minnesota","Minnesota, MN","http://dbpedia.org/resource/Minnesota_(state)"
"Provincetown","http://dbpedia.org/resource/Provincetown,_Massachusetts","Massachusetts, MA","http://dbpedia.org/resource/Massachusetts_(state)"
"Provo","http://dbpedia.org/resource/Provo,_Utah","Utah, UT","http://dbpedia.org/resource/Utah_(state)"
"Pueblo","http://dbpedia.org/resource/Pueblo,_Colorado","Colorado, CO","http://dbpedia.org/resource/Colorado_(state)"
"Punxsutawney","http://dbpedia.org/resource/Punxsutawney,_Pennsylvania","Pennsylvania, PA","http://dbpedia.org/resource/Pennsylvania_(state)"
"Purcell","http://dbpedia.org/resource/Purcell,_Oklahoma","Oklahoma, OK","http://dbpedia.org/resource/Oklahoma_(state)"
"Quincy","http://dbpedia.org/resource/Quincy,_Illinois","Illinois, IL","http://dbpedia.org/resource/Illinois_(state)"
"Quinter","http://dbpedia.org/resource/Quinter,_Kansas","Kansas, KS","http://dbpedia.org/resource/Kansas_(state)"
"Quitman","http://dbpedia.org/resource/Quitman,_Texas","Texas, TX","http://dbpedia.org/resource/Texas_(state)"
"Radford","http://dbpedia.org/resource/Radford,_Virginia","Virginia, VA","http://dbpedia.org/resource/Virginia_(state)"
"Raleigh","http://dbpedia.org/resource/Raleigh,_North_Carolina","North Carolina, NC","http://dbpedia.org/resource/North_Carolina_(state)"
"Randolph","http://dbpedia.org/resource/Randolph,_Nebraska","Nebraska, NE","http://dbpedia.org/resource/Nebraska_(state)"
"Ray","http://dbpedia.org/resource/Ray,_North_Dakota","North Dakota, ND","http://dbpedia.org/resource/North_Dakota_(state)"
"Rayne","http://dbpedia.org/resource/Rayne,_Louisiana","Louisiana, LA","http://dbpedia.org/resource/Louisiana_(state)"
"Reading","http://dbpedia.org/resource/Reading,_Pennsylvania","Pennsylvania, PA","http://dbpedia.org/resource/Pennsylvania_(state)"
"Redmond","http://dbpedia.org/resource/Redmond,_Washington","Washington, WA","http://dbpedia.org/resource/Washington_(state)"
"Redwood City","http://dbpedia.org/resource/Redwood_City,_California","California, CA","http://dbpedia.org/resource/California_(state)"
"Reedley","http://dbpedia.org/resource/Reedley,_California","California, CA","http://dbpedia.org/resource/California_(state)"
"Rehoboth Beach","http://dbpedia.org/resource/Rehoboth_Beach,_Delaware","Delaware, DE","http://dbpedia.org/resource/Delaware_(state)"
"Renfro Valley","http://dbpedia.org/resource/Renfro_Valley,_Kentucky","Kentucky, KY","http://dbpedia.org/resource/Kentucky_(state)"
"Reno","http://dbpedia.org/resource/Reno,_Nevada","Nevada, NV","http://dbpedia.org/resource/Nevada_(state)"
"Rhinebeck","http://dbpedia.org/resource/Rhinebeck,_New_York","New York, NY","http://dbpedia.org/resource/New_York_(state)"
"Richmond","http://dbpedia.org/resource/Richmond,_Virginia","Virginia, VA","http://dbpedia.org/resource/Virginia_(state)"
"Rio Rancho","http://dbpedia.org/resource/Rio_Rancho,_New_Mexico","New Mexico, NM","http://dbpedia.org/resource/New_Mexico_(state)"
"Roanoke","http://dbpedia.org/resource/Roanoke,_Virginia","Virginia, VA","http://dbpedia.org/resource/Virginia_(state)"
"Rochester","http://dbpedia.org/resource/Rochester,_New_York","New York, NY","http://dbpedia.org/resource/New_York_(state)"
"Rochester","http://dbpedia.org/resource/Rochester,_New_Hampshire","New Hampshire, NH","http://dbpedia.org/resource/New_Hampshire_(state)"
"Rockland","http://dbpedia.org/resource/Rockland,_Maine","Maine, ME","http://dbpedia.org/resource/Maine_(state)"
"Roscoe","http://dbpedia.org/resource/Roscoe,_New_York","New York, NY","http://dbpedia.org/resource/New_York_(state)"
"Roswell","http://dbpedia.org/resource/Roswell,_New_Mexico","New Mexico, NM","http://dbpedia.org/resource/New_Mexico_(state)"
"Rumney","http://dbpedia.org/resource/Rumney,_New_Hampshire","New Hampshire, NH","http://dbpedia.org/resource/New_Hampshire_(state)"
"Russell Springs","http://dbpedia.org/resource/Russell_Springs,_Kansas","Kansas, KS","http://dbpedia.org/resource/Kansas_(state)"
"Rutland","http://dbpedia.org/resource/Rutland,_Vermont","Vermont, VT","http://dbpedia.org/resource/Vermont_(state)"
"Sacramento","http://dbpedia.org/resource/Sacramento,_California","California, CA","http://dbpedia.org/resource/California_(state)"
"Saint Paul","http://dbpedia.org/resource/Saint_Paul,_Minnesota","Minnesota, MN","http://dbpedia.org/resource/Minnesota_(state)"
"Salem","http://dbpedia.org/resource/Salem,_Massachusetts","Massachusetts, MA","http://dbpedia.org/resource/Massachusetts_(state)"
"Salem","http://dbpedia.org/resource/Salem,_Missouri","Missouri, MO","http://dbpedia.org/resource/Missouri_(state)"
"Salem","http://dbpedia.org/resource/Salem,_New_Hampshire","New Hampshire, NH","http://dbpedia.org/resource/New_Hampshire_(state)"
"Salem","http://dbpedia.org/resource/Salem,_Oregon","Oregon, OR","http://dbpedia.org/resource/Oregon_(state)"
"Salina","http://dbpedia.org/resource/Salina,_Kansas","Kansas, KS","http://dbpedia.org/resource/Kansas_(state)"
"San Angelo","http://dbpedia.org/resource/San_Angelo,_Texas","Texas, TX","http://dbpedia.org/resource/Texas_(state)"
"San Diego","http://dbpedia.org/resource/San_Diego,_California","California, CA","http://dbpedia.org/resource/California_(state)"
"San Francisco","http://dbpedia.org/resource/San_Francisco,_California","California, CA","http://dbpedia.org/resource/California_(state)"
"San Jose","http://dbpedia.org/resource/San_Jose,_California","California, CA","http://dbpedia.org/resource/California_(state)"
"Sandersville","http://dbpedia.org/resource/Sandersville,_Georgia","Georgia, GA","http://dbpedia.org/resource/Georgia_(U.S._state)"
"Sanger","http://dbpedia.org/resource/Sanger,_California","California, CA","http://dbpedia.org/resource/California_(state)"
"Sansom Park","http://dbpedia.org/resource/Sansom_Park,_Texas","Texas, TX","http://dbpedia.org/resource/Texas_(state)"
"Santa Cruz","http://dbpedia.org/resource/Santa_Cruz,_California","California, CA","http://dbpedia.org/resource/California_(state)"
"Santa Fe","http://dbpedia.org/resource/Santa_Fe,_New_Mexico","New Mexico, NM","http://dbpedia.org/resource/New_Mexico_(state)"
"Santa Monica","http://dbpedia.org/resource/Santa_Monica,_California","California, CA","http://dbpedia.org/resource/California_(state)"
"Santa Rosa","http://dbpedia.org/resource/Santa_Rosa,_New_Mexico","New Mexico, NM","http://dbpedia.org/resource/New_Mexico_(state)"
"Sarasota","http://dbpedia.org/resource/Sarasota,_Florida","Florida, FL","http://dbpedia.org/resource/Florida_(state)"
"Saratoga","http://dbpedia.org/resource/Saratoga,_Wyoming","Wyoming, WY","http://dbpedia.org/resource/Wyoming_(state)"
"Saratoga Springs","http://dbpedia.org/resource/Saratoga_Springs,_New_York","New York, NY","http://dbpedia.org/resource/New_York_(state)"
"Savannah","http://dbpedia.org/resource/Savannah,_Georgia","Georgia, GA","http://dbpedia.org/resource/Georgia_(U.S._state)"
"Schenectady","http://dbpedia.org/resource/Schenectady,_New_York","New York, NY","http://dbpedia.org/resource/New_York_(state)"
"Scottsdale","http://dbpedia.org/resource/Scottsdale,_Arizona","Arizona, AZ","http://dbpedia.org/resource/Arizona_(state)"
"Scranton","http://dbpedia.org/resource/Scranton,_Pennsylvania","Pennsylvania, PA","http://dbpedia.org/resource/Pennsylvania_(state)"
"Seaford","http://dbpedia.org/resource/Seaford,_Delaware","Delaware, DE","http://dbpedia.org/resource/Delaware_(state)"
"Seaside Heights","http://dbpedia.org/resource/Seaside_Heights,_New_Jersey","New Jersey, NJ","http://dbpedia.org/resource/New_Jersey_(state)"
"Sedalia","http://dbpedia.org/resource/Sedalia,_Missouri","Missouri, MO","http://dbpedia.org/resource/Missouri_(state)"
"Sedona","http://dbpedia.org/resource/Sedona,_Arizona","Arizona, AZ","http://dbpedia.org/resource/Arizona_(state)"
"Selma","http://dbpedia.org/resource/Selma,_California","California, CA","http://dbpedia.org/resource/California_(state)"
"Senatobia","http://dbpedia.org/resource/Senatobia,_Mississippi","Mississippi, MS","http://dbpedia.org/resource/Mississippi_(state)"
"Severance","http://dbpedia.org/resource/Severance,_Colorado","Colorado, CO","http://dbpedia.org/resource/Colorado_(state)"
"Shelbyville","http://dbpedia.org/resource/Shelbyville,_Tennessee","Tennessee, TN","http://dbpedia.org/resource/Tennessee_(state)"
"Sierra Vista","http://dbpedia.org/resource/Sierra_Vista,_Arizona","Arizona, AZ","http://dbpedia.org/resource/Arizona_(state)"
"Siloam Springs","http://dbpedia.org/resource/Siloam_Springs,_Arkansas","Arkansas, AR","http://dbpedia.org/resource/Arkansas_(state)"
"Sioux City","http://dbpedia.org/resource/Sioux_City,_Iowa","Iowa, IA","http://dbpedia.org/resource/Iowa_(state)"
"Sioux Falls","http://dbpedia.org/resource/Sioux_Falls,_South_Dakota","South Dakota, SD","http://dbpedia.org/resource/South_Dakota_(state)"
"Sitka","http://dbpedia.org/resource/Sitka,_Alaska","Alaska, AK","http://dbpedia.org/resource/Alaska_(state)"
"Slocomb","http://dbpedia.org/resource/Slocomb,_Alabama","Alabama, AL","http://dbpedia.org/resource/Alabama_(state)"
"Soldiers Grove","http://dbpedia.org/resource/Soldiers_Grove,_Wisconsin","Wisconsin, WI","http://dbpedia.org/resource/Wisconsin_(state)"
"Solvang","http://dbpedia.org/resource/Solvang,_California","California, CA","http://dbpedia.org/resource/California_(state)"
"Somerville","http://dbpedia.org/resource/Somerville,_Massachusetts","Massachusetts, MA","http://dbpedia.org/resource/Massachusetts_(state)"
"South Haven","http://dbpedia.org/resource/South_Haven,_Michigan","Michigan, MI","http://dbpedia.org/resource/Michigan_(state)"
"Spartanburg","http://dbpedia.org/resource/Spartanburg,_South_Carolina","South Carolina, SC","http://dbpedia.org/resource/South_Carolina_(state)"
"Spencer","http://dbpedia.org/resource/Spencer,_Idaho","Idaho, ID","http://dbpedia.org/resource/Idaho_(state)"
"Spokane","http://dbpedia.org/resource/Spokane,_Washington","Washington, WA","http://dbpedia.org/resource/Washington_(state)"
"Springfield","http://dbpedia.org/resource/Springfield,_Illinois","Illinois, IL","http://dbpedia.org/resource/Illinois_(state)"
"Springfield","http://dbpedia.org/resource/Springfield,_Massachusetts","Massachusetts, MA","http://dbpedia.org/resource/Massachusetts_(state)"
"Springfield","http://dbpedia.org/resource/Springfield,_Missouri","Missouri, MO","http://dbpedia.org/resource/Missouri_(state)"
"Springville","http://dbpedia.org/resource/Springville,_Utah","Utah, UT","http://dbpedia.org/resource/Utah_(state)"
"St. Albans","http://dbpedia.org/resource/St._Albans,_Vermont","Vermont, VT","http://dbpedia.org/resource/Vermont_(state)"
"St. Cloud","http://dbpedia.org/resource/St._Cloud,_Minnesota","Minnesota, MN","http://dbpedia.org/resource/Minnesota_(state)"
"St. Louis","http://dbpedia.org/resource/St._Louis,_Missouri","Missouri, MO","http://dbpedia.org/resource/Missouri_(state)"
"St. Martinville","http://dbpedia.org/resource/St._Martinville,_Louisiana","Louisiana, LA","http://dbpedia.org/resource/Louisiana_(state)"
"St. Petersburg","http://dbpedia.org/resource/St._Petersburg,_Florida","Florida, FL","http://dbpedia.org/resource/Florida_(state)"
"Stamford","http://dbpedia.org/resource/Stamford,_Connecticut","Connecticut, CT","http://dbpedia.org/resource/Connecticut_(state)"
"Staten Island","http://dbpedia.org/resource/Staten_Island,_New_York","New York, NY","http://dbpedia.org/resource/New_York_(state)"
"Stilwell","http://dbpedia.org/resource/Stilwell,_Oklahoma","Oklahoma, OK","http://dbpedia.org/resource/Oklahoma_(state)"
"Stockton","http://dbpedia.org/resource/Stockton,_California","California, CA","http://dbpedia.org/resource/California_(state)"
"Strongsville","http://dbpedia.org/resource/Strongsville,_Ohio","Ohio, OH","http://dbpedia.org/resource/Ohio_(state)"
"Stuttgart","http://dbpedia.org/resource/Stuttgart,_Arkansas","Arkansas, AR","http://dbpedia.org/resource/Arkansas_(state)"
"Sugar Land","http://dbpedia.org/resource/Sugar_Land,_Texas","Texas, TX","http://dbpedia.org/resource/Texas_(state)"
"Sugarcreek","http://dbpedia.org/resource/Sugarcreek,_Ohio","Ohio, OH","http://dbpedia.org/resource/Ohio_(state)"
"Sumner","http://dbpedia.org/resource/Sumner,_Missouri","Missouri, MO","http://dbpedia.org/resource/Missouri_(state)"
"Sumner","http://dbpedia.org/resource/Sumner,_Washington","Washington, WA","http://dbpedia.org/resource/Washington_(state)"
"Sun Prairie","http://dbpedia.org/resource/Sun_Prairie,_Wisconsin","Wisconsin, WI","http://dbpedia.org/resource/Wisconsin_(state)"
"Sunnyvale","http://dbpedia.org/resource/Sunnyvale,_California","California, CA","http://dbpedia.org/resource/California_(state)"
"Sylacauga","http://dbpedia.org/resource/Sylacauga,_Alabama","Alabama, AL","http://dbpedia.org/resource/Alabama_(state)"
"Tacoma","http://dbpedia.org/resource/Tacoma,_Washington","Washington, WA","http://dbpedia.org/resource/Washington_(state)"
"Takoma Park","http://dbpedia.org/resource/Takoma_Park,_Maryland","Maryland, MD","http://dbpedia.org/resource/Maryland_(state)"
"Talent","http://dbpedia.org/resource/Talent,_Oregon","Oregon, OR","http://dbpedia.org/resource/Oregon_(state)"
"Tallahassee","http://dbpedia.org/resource/Tallahassee,_Florida","Florida, FL","http://dbpedia.org/resource/Florida_(state)"
"Taos","http://dbpedia.org/resource/Taos,_New_Mexico","New Mexico, NM","http://dbpedia.org/resource/New_Mexico_(state)"
"Tarpon Springs","http://dbpedia.org/resource/Tarpon_Springs,_Florida","Florida, FL","http://dbpedia.org/resource/Florida_(state)"
"Tarryall","http://dbpedia.org/resource/Tarryall,_Colorado","Colorado, CO","http://dbpedia.org/resource/Colorado_(state)"
"Taunton","http://dbpedia.org/resource/Taunton,_Massachusetts","Massachusetts, MA","http://dbpedia.org/resource/Massachusetts_(state)"
"Telluride","http://dbpedia.org/resource/Telluride,_Colorado","Colorado, CO","http://dbpedia.org/resource/Colorado_(state)"
"Terlingua","http://dbpedia.org/resource/Terlingua,_Texas","Texas, TX","http://dbpedia.org/resource/Texas_(state)"
"Terre Haute","http://dbpedia.org/resource/Terre_Haute,_Indiana","Indiana, IN","http://dbpedia.org/resource/Indiana_(state)"
"Texarkana","http://dbpedia.org/resource/Texarkana,_Arkansas","Arkansas, AR","http://dbpedia.org/resource/Arkansas_(state)"
"Texas City","http://dbpedia.org/resource/Texas_City,_Texas","Texas, TX","http://dbpedia.org/resource/Texas_(state)"
"The Colony","http://dbpedia.org/resource/The_Colony,_Texas","Texas, TX","http://dbpedia.org/resource/Texas_(state)"
"Thomasville","http://dbpedia.org/resource/Thomasville,_North_Carolina","North Carolina, NC","http://dbpedia.org/resource/North_Carolina_(state)"
"Toledo","http://dbpedia.org/resource/Toledo,_Ohio","Ohio, OH","http://dbpedia.org/resource/Ohio_(state)"
"Tombstone","http://dbpedia.org/resource/Tombstone,_Arizona","Arizona, AZ","http://dbpedia.org/resource/Arizona_(state)"
"Towner","http://dbpedia.org/resource/Towner,_North_Dakota","North Dakota, ND","http://dbpedia.org/resource/North_Dakota_(state)"
"Traverse City","http://dbpedia.org/resource/Traverse_City,_Michigan","Michigan, MI","http://dbpedia.org/resource/Michigan_(state)"
"Troy","http://dbpedia.org/resource/Troy,_New_York","New York, NY","http://dbpedia.org/resource/New_York_(state)"
"Tucson","http://dbpedia.org/resource/Tucson,_Arizona","Arizona, AZ","http://dbpedia.org/resource/Arizona_(state)"
"Tulelake","http://dbpedia.org/resource/Tulelake,_California","California, CA","http://dbpedia.org/resource/California_(state)"
"Tulsa","http://dbpedia.org/resource/Tulsa,_Oklahoma","Oklahoma, OK","http://dbpedia.org/resource/Oklahoma_(state)"
"Tuscaloosa","http://dbpedia.org/resource/Tuscaloosa,_Alabama","Alabama, AL","http://dbpedia.org/resource/Alabama_(state)"
"Tuskegee","http://dbpedia.org/resource/Tuskegee,_Alabama","Alabama, AL","http://dbpedia.org/resource/Alabama_(state)"
"Tyler","http://dbpedia.org/resource/Tyler,_Texas","Texas, TX","http://dbpedia.org/resource/Texas_(state)"
"Unadilla","http://dbpedia.org/resource/Unadilla,_Nebraska","Nebraska, NE","http://dbpedia.org/resource/Nebraska_(state)"
"Valdosta","http://dbpedia.org/resource/Valdosta,_Georgia","Georgia, GA","http://dbpedia.org/resource/Georgia_(U.S._state)"
"Valley City","http://dbpedia.org/resource/Valley_City,_Ohio","Ohio, OH","http://dbpedia.org/resource/Ohio_(state)"
"Valparaiso","http://dbpedia.org/resource/Valparaiso,_Indiana","Indiana, IN","http://dbpedia.org/resource/Indiana_(state)"
"Vicksburg","http://dbpedia.org/resource/Vicksburg,_Mississippi","Mississippi, MS","http://dbpedia.org/resource/Mississippi_(state)"
"Victoria","http://dbpedia.org/resource/Victoria,_Texas","Texas, TX","http://dbpedia.org/resource/Texas_(state)"
"Vidalia","http://dbpedia.org/resource/Vidalia,_Georgia","Georgia, GA","http://dbpedia.org/resource/Georgia_(U.S._state)"
"Waco","http://dbpedia.org/resource/Waco,_Texas","Texas, TX","http://dbpedia.org/resource/Texas_(state)"
"Walla Walla","http://dbpedia.org/resource/Walla_Walla,_Washington","Washington, WA","http://dbpedia.org/resource/Washington_(state)"
"Wallace","http://dbpedia.org/resource/Wallace,_Idaho","Idaho, ID","http://dbpedia.org/resource/Idaho_(state)"
"Waltham","http://dbpedia.org/resource/Waltham,_Massachusetts","Massachusetts, MA","http://dbpedia.org/resource/Massachusetts_(state)"
"Warrensburg","http://dbpedia.org/resource/Warrensburg,_Missouri","Missouri, MO","http://dbpedia.org/resource/Missouri_(state)"
"Warroad","http://dbpedia.org/resource/Warroad,_Minnesota","Minnesota, MN","http://dbpedia.org/resource/Minnesota_(state)"
"Wartrace","http://dbpedia.org/resource/Wartrace,_Tennessee","Tennessee, TN","http://dbpedia.org/resource/Tennessee_(state)"
"Warwick","http://dbpedia.org/resource/Warwick,_Georgia","Georgia, GA","http://dbpedia.org/resource/Georgia_(U.S._state)"
"Warwick","http://dbpedia.org/resource/Warwick,_Rhode_Island","Rhode Island, RI","http://dbpedia.org/resource/Rhode_Island_(state)"
"Wasco","http://dbpedia.org/resource/Wasco,_California","California, CA","http://dbpedia.org/resource/California_(state)"
"Washington","http://dbpedia.org/resource/Washington,_Missouri","Missouri, MO","http://dbpedia.org/resource/Missouri_(state)"
"Waterbury","http://dbpedia.org/resource/Waterbury,_Connecticut","Connecticut, CT","http://dbpedia.org/resource/Connecticut_(state)"
"Waterville","http://dbpedia.org/resource/Waterville,_Maine","Maine, ME","http://dbpedia.org/resource/Maine_(state)"
"Watsonville","http://dbpedia.org/resource/Watsonville,_California","California, CA","http://dbpedia.org/resource/California_(state)"
"Waynesboro","http://dbpedia.org/resource/Waynesboro,_Georgia","Georgia, GA","http://dbpedia.org/resource/Georgia_(U.S._state)"
"Waynesville","http://dbpedia.org/resource/Waynesville,_Ohio","Ohio, OH","http://dbpedia.org/resource/Ohio_(state)"
"Weatherford","http://dbpedia.org/resource/Weatherford,_Texas","Texas, TX","http://dbpedia.org/resource/Texas_(state)"
"Weirton","http://dbpedia.org/resource/Weirton,_West_Virginia","West Virginia, WV","http://dbpedia.org/resource/West_Virginia_(state)"
"West Haven","http://dbpedia.org/resource/West_Haven,_Connecticut","Connecticut, CT","http://dbpedia.org/resource/Connecticut_(state)"
"Westfield","http://dbpedia.org/resource/Westfield,_Massachusetts","Massachusetts, MA","http://dbpedia.org/resource/Massachusetts_(state)"
"Westfield","http://dbpedia.org/resource/Westfield,_New_York","New York, NY","http://dbpedia.org/resource/New_York_(state)"
"Wetumpka","http://dbpedia.org/resource/Wetumpka,_Alabama","Alabama, AL","http://dbpedia.org/resource/Alabama_(state)"
"Wichita","http://dbpedia.org/resource/Wichita,_Kansas","Kansas, KS","http://dbpedia.org/resource/Kansas_(state)"
"Wickenburg","http://dbpedia.org/resource/Wickenburg,_Arizona","Arizona, AZ","http://dbpedia.org/resource/Arizona_(state)"
"Willard","http://dbpedia.org/resource/Willard,_Ohio","Ohio, OH","http://dbpedia.org/resource/Ohio_(state)"
"Williamsburg","http://dbpedia.org/resource/Williamsburg,_Virginia","Virginia, VA","http://dbpedia.org/resource/Virginia_(state)"
"Willimantic","http://dbpedia.org/resource/Willimantic,_Connecticut","Connecticut, CT","http://dbpedia.org/resource/Connecticut_(state)"
"Willits","http://dbpedia.org/resource/Willits,_California","California, CA","http://dbpedia.org/resource/California_(state)"
"Wills Point","http://dbpedia.org/resource/Wills_Point,_Texas","Texas, TX","http://dbpedia.org/resource/Texas_(state)"
"Wilmington","http://dbpedia.org/resource/Wilmington,_Delaware","Delaware, DE","http://dbpedia.org/resource/Delaware_(state)"
"Wilmington","http://dbpedia.org/resource/Wilmington,_Illinois","Illinois, IL","http://dbpedia.org/resource/Illinois_(state)"
"Wilmington","http://dbpedia.org/resource/Wilmington,_North_Carolina","North Carolina, NC","http://dbpedia.org/resource/North_Carolina_(state)"
"Wilmington","http://dbpedia.org/resource/Wilmington,_Ohio","Ohio, OH","http://dbpedia.org/resource/Ohio_(state)"
"Winfield","http://dbpedia.org/resource/Winfield,_Alabama","Alabama, AL","http://dbpedia.org/resource/Alabama_(state)"
"Winnemucca","http://dbpedia.org/resource/Winnemucca,_Nevada","Nevada, NV","http://dbpedia.org/resource/Nevada_(state)"
"Winooski","http://dbpedia.org/resource/Winooski,_Vermont","Vermont, VT","http://dbpedia.org/resource/Vermont_(state)"
"Winston-Salem","http://dbpedia.org/resource/Winston-Salem,_North_Carolina","North Carolina, NC","http://dbpedia.org/resource/North_Carolina_(state)"
"Wisconsin Dells","http://dbpedia.org/resource/Wisconsin_Dells,_Wisconsin","Wisconsin, WI","http://dbpedia.org/resource/Wisconsin_(state)"
"Worcester","http://dbpedia.org/resource/Worcester,_Massachusetts","Massachusetts, MA","http://dbpedia.org/resource/Massachusetts_(state)"
"Worthington","http://dbpedia.org/resource/Worthington,_Minnesota","Minnesota, MN","http://dbpedia.org/resource/Minnesota_(state)"
"Xenia","http://dbpedia.org/resource/Xenia,_Ohio","Ohio, OH","http://dbpedia.org/resource/Ohio_(state)"
"Yakima","http://dbpedia.org/resource/Yakima,_Washington","Washington, WA","http://dbpedia.org/resource/Washington_(state)"
"Yonkers","http://dbpedia.org/resource/Yonkers,_New_York","New York, NY","http://dbpedia.org/resource/New_York_(state)"
"Yorba Linda","http://dbpedia.org/resource/Yorba_Linda,_California","California, CA","http://dbpedia.org/resource/California_(state)"
"Yuba City","http://dbpedia.org/resource/Yuba_City,_California","California, CA","http://dbpedia.org/resource/California_(state)"
"Yuma","http://dbpedia.org/resource/Yuma,_Arizona","Arizona, AZ","http://dbpedia.org/resource/Arizona_(state)"
"Zanesville","http://dbpedia.org/resource/Zanesville,_Ohio","Ohio, OH","http://dbpedia.org/resource/Ohio_(state)"
