"Country or territory","Country or territory__URI","Capital","Capital__URI","Largest city (or metropolitan area)","Largest city (or metropolitan area)__URI","Second largest city (or metropoitan area)","Second largest city (or metropoitan area)__URI"
"Abkhazia","http://dbpedia.org/resource/Abkhazia","Sukhumi","http://dbpedia.org/resource/Sukhumi","Sukhumi","http://dbpedia.org/resource/Sukhumi","Gagra","http://dbpedia.org/resource/Gagra"
"Afghanistan","http://dbpedia.org/resource/Afghanistan","Kabul","http://dbpedia.org/resource/Kabul","Kabul","http://dbpedia.org/resource/Kabul","Kandaharr","http://dbpedia.org/resource/Kandahar"
"Akrotiri and Dhekelia (UK)","http://dbpedia.org/resource/Akrotiri_and_Dhekelia","Episkopi Cantonment","http://dbpedia.org/resource/Episkopi_Cantonment","Episkopi Cantonment","http://dbpedia.org/resource/Episkopi_Cantonment","Ayios Nikolaoss","http://dbpedia.org/resource/Ayios_Nikolaos_Station"
"Åland Islands (Finland)","http://dbpedia.org/resource/Åland_Islands","Mariehamn","http://dbpedia.org/resource/Mariehamn","Mariehamn","http://dbpedia.org/resource/Mariehamn","Jomala","http://dbpedia.org/resource/Jomala"
"Albania","http://dbpedia.org/resource/Albania","Tirana","http://dbpedia.org/resource/Tirana","Tirana","http://dbpedia.org/resource/Tirana","Durrëss","http://dbpedia.org/resource/Durrës"
"Algeria","http://dbpedia.org/resource/Algeria","Algiers","http://dbpedia.org/resource/Algiers","Algiers","http://dbpedia.org/resource/Algiers","Orann","http://dbpedia.org/resource/Oran"
"American Samoa (US)","http://dbpedia.org/resource/American_Samoa","Pago Pago","http://dbpedia.org/resource/Pago_Pago","Tafuna","http://dbpedia.org/resource/Tafuna,_American_Samoa","Nu'uulii","http://dbpedia.org/resource/Nu'uuli,_American_Samoa"
"Andorra","http://dbpedia.org/resource/Andorra","Andorra la Vella","http://dbpedia.org/resource/Andorra_la_Vella","Andorra la Vella","http://dbpedia.org/resource/Andorra_la_Vella","Escaldes-Engoordany","http://dbpedia.org/resource/Escaldes-Engordany"
"Angola","http://dbpedia.org/resource/Angola","Luanda","http://dbpedia.org/resource/Luanda","Luanda","http://dbpedia.org/resource/Luanda","Huamboo","http://dbpedia.org/resource/Huambo"
"Anguilla (UK)","http://dbpedia.org/resource/Anguilla","The Valley","http://dbpedia.org/resource/The_Valley,_Anguilla","North Side","http://dbpedia.org/resource/North_Side,_Anguilla","The Valleyy","http://dbpedia.org/resource/The_Valley,_Anguilla"
"Antigua and Barbuda","http://dbpedia.org/resource/Antigua_and_Barbuda","St. John's","http://dbpedia.org/resource/St._John's,_Antigua_and_Barbuda","St. John's","http://dbpedia.org/resource/St._John's,_Antigua_and_Barbuda","All Saintss","http://dbpedia.org/resource/All_Saints,_Antigua_and_Barbuda"
"Argentina","http://dbpedia.org/resource/Argentina","Buenos Aires","http://dbpedia.org/resource/Buenos_Aires","Buenos Aires","http://dbpedia.org/resource/Buenos_Aires","Córdobaa","http://dbpedia.org/resource/Córdoba,_Argentina"
"Armenia","http://dbpedia.org/resource/Armenia","Yerevan","http://dbpedia.org/resource/Yerevan","Yerevan","http://dbpedia.org/resource/Yerevan","Gyumrii","http://dbpedia.org/resource/Gyumri"
"Artsakh","http://dbpedia.org/resource/Republic_of_Artsakh","Stepanakert","http://dbpedia.org/resource/Stepanakert","Stepanakert","http://dbpedia.org/resource/Stepanakert","Shusha","http://dbpedia.org/resource/Shusha"
"Aruba (Netherlands)","http://dbpedia.org/resource/Aruba","Oranjestad","http://dbpedia.org/resource/Oranjestad,_Aruba","Oranjestad","http://dbpedia.org/resource/Oranjestad,_Aruba","Sint Nicolaas","http://dbpedia.org/resource/Sint_Nicolaas,_Aruba"
"Australia","http://dbpedia.org/resource/Australia","Canberra","http://dbpedia.org/resource/Canberra","Sydney","http://dbpedia.org/resource/Sydney","Melbouurne","http://dbpedia.org/resource/Melbourne"
"Austria","http://dbpedia.org/resource/Austria","Vienna","http://dbpedia.org/resource/Vienna","Vienna","http://dbpedia.org/resource/Vienna","Grazz","http://dbpedia.org/resource/Graz"
"Azerbaijan","http://dbpedia.org/resource/Azerbaijan","Baku","http://dbpedia.org/resource/Baku","Baku","http://dbpedia.org/resource/Baku","Gaanja","http://dbpedia.org/resource/Ganja,_Azerbaijan"
"Bahamas","http://dbpedia.org/resource/The_Bahamas","Nassau","http://dbpedia.org/resource/Nassau,_Bahamas","Nassau","http://dbpedia.org/resource/Nassau,_Bahamas","Freeportt","http://dbpedia.org/resource/Freeport,_Bahamas"
"Bahrain","http://dbpedia.org/resource/Bahrain","Manama","http://dbpedia.org/resource/Manama","Manama","http://dbpedia.org/resource/Manama","RRiffa","http://dbpedia.org/resource/Riffa"
"Bangladesh","http://dbpedia.org/resource/Bangladesh","Dhaka","http://dbpedia.org/resource/Dhaka","Dhaka","http://dbpedia.org/resource/Dhaka","Chitttagong","http://dbpedia.org/resource/Chittagong"
"Barbados","http://dbpedia.org/resource/Barbados","Bridgetown","http://dbpedia.org/resource/Bridgetown","Bridgetown","http://dbpedia.org/resource/Bridgetown","Speightstown","http://dbpedia.org/resource/Speightstown"
"Belarus","http://dbpedia.org/resource/Belarus","Minsk","http://dbpedia.org/resource/Minsk","Minsk","http://dbpedia.org/resource/Minsk","Gomeel","http://dbpedia.org/resource/Gomel"
"Belgium","http://dbpedia.org/resource/Belgium","Brussels","http://dbpedia.org/resource/Brussels","Brussels","http://dbpedia.org/resource/Brussels","Antwerpp","http://dbpedia.org/resource/Antwerp"
"Belize","http://dbpedia.org/resource/Belize","Belmopan","http://dbpedia.org/resource/Belmopan","Belize City","http://dbpedia.org/resource/Belize_City","San Ignacio","http://dbpedia.org/resource/San_Ignacio_(town)"
"Benin","http://dbpedia.org/resource/Benin","Porto-Novo","http://dbpedia.org/resource/Porto-Novo","Cotonou","http://dbpedia.org/resource/Cotonou","Abomey-Calavii","http://dbpedia.org/resource/Abomey-Calavi"
"Bermuda (UK)","http://dbpedia.org/resource/Bermuda","Hamilton","http://dbpedia.org/resource/Hamilton,_Bermuda","St. George's","http://dbpedia.org/resource/St._George's,_Bermuda","Hamilton","http://dbpedia.org/resource/Hamilton,_Bermuda"
"Bhutan","http://dbpedia.org/resource/Bhutan","Thimphu","http://dbpedia.org/resource/Thimphu","Thimphu","http://dbpedia.org/resource/Thimphu","Phuntsholingg","http://dbpedia.org/resource/Phuntsholing"
"Bolivia","http://dbpedia.org/resource/Bolivia","Sucre","http://dbpedia.org/resource/Sucre","Santa Cruz de la Sierra","http://dbpedia.org/resource/Santa_Cruz_de_la_Sierra","El Allto","http://dbpedia.org/resource/El_Alto"
"Bolivia","http://dbpedia.org/resource/Bolivia","La Paz","http://dbpedia.org/resource/La_Paz","Santa Cruz de la Sierra","http://dbpedia.org/resource/Santa_Cruz_de_la_Sierra","El Allto","http://dbpedia.org/resource/El_Alto"
"Bosnia and Herzegovina","http://dbpedia.org/resource/Bosnia_and_Herzegovina","Sarajevo","http://dbpedia.org/resource/Sarajevo","Sarajevo","http://dbpedia.org/resource/Sarajevo","Banja Lukaa","http://dbpedia.org/resource/Banja_Luka"
"Botswana","http://dbpedia.org/resource/Botswana","Gaborone","http://dbpedia.org/resource/Gaborone","Gaborone","http://dbpedia.org/resource/Gaborone","Francistownn","http://dbpedia.org/resource/Francistown"
"Brazil","http://dbpedia.org/resource/Brazil","Brasília","http://dbpedia.org/resource/Brasília","São Paulo","http://dbpedia.org/resource/São_Paulo","Rio de Janeiroo","http://dbpedia.org/resource/Rio_de_Janeiro"
"Brunei","http://dbpedia.org/resource/Brunei","Bandar Seri Begawan","http://dbpedia.org/resource/Bandar_Seri_Begawan","Bandar Seri Begawan","http://dbpedia.org/resource/Bandar_Seri_Begawan","Kuala Belaitt","http://dbpedia.org/resource/Kuala_Belait"
"Bulgaria","http://dbpedia.org/resource/Bulgaria","Sofia","http://dbpedia.org/resource/Sofia","Sofia","http://dbpedia.org/resource/Sofia","Plovdivv","http://dbpedia.org/resource/Plovdiv"
"Burkina Faso","http://dbpedia.org/resource/Burkina_Faso","Ouagadougou","http://dbpedia.org/resource/Ouagadougou","Ouagadougou","http://dbpedia.org/resource/Ouagadougou","Bobo-Dioulassoo","http://dbpedia.org/resource/Bobo-Dioulasso"
"Burundi","http://dbpedia.org/resource/Burundi","Gitega","http://dbpedia.org/resource/Gitega","Bujumbura","http://dbpedia.org/resource/Bujumbura","Muyingaa","http://dbpedia.org/resource/Muyinga"
"Cambodia","http://dbpedia.org/resource/Cambodia","Phnom Penh","http://dbpedia.org/resource/Phnom_Penh","Phnom Penh","http://dbpedia.org/resource/Phnom_Penh","Siem Reapp","http://dbpedia.org/resource/Siem_Reap"
"Cameroon","http://dbpedia.org/resource/Cameroon","Yaoundé","http://dbpedia.org/resource/Yaoundé","Douala","http://dbpedia.org/resource/Douala","Yaoundéé","http://dbpedia.org/resource/Yaoundé"
"Canada","http://dbpedia.org/resource/Canada","Ottawa","http://dbpedia.org/resource/Ottawa","Toronto","http://dbpedia.org/resource/Toronto","Monntreal","http://dbpedia.org/resource/Montreal"
"Cape Verde","http://dbpedia.org/resource/Cape_Verde","Praia","http://dbpedia.org/resource/Praia","Praia","http://dbpedia.org/resource/Praia","Mindeloo","http://dbpedia.org/resource/Mindelo"
"Cayman Islands (UK)","http://dbpedia.org/resource/Cayman_Islands","George Town","http://dbpedia.org/resource/George_Town,_Cayman_Islands","George Town","http://dbpedia.org/resource/George_Town,_Cayman_Islands","Boddeen Town","http://dbpedia.org/resource/Bodden_Town_(village)"
"Central African Republic","http://dbpedia.org/resource/Central_African_Republic","Bangui","http://dbpedia.org/resource/Bangui","Bangui","http://dbpedia.org/resource/Bangui","Bimbo","http://dbpedia.org/resource/Bimbo,_Central_African_Republic"
"Chad","http://dbpedia.org/resource/Chad","N'Djamena","http://dbpedia.org/resource/N'Djamena","N'Djamena","http://dbpedia.org/resource/N'Djamena","Moundouu","http://dbpedia.org/resource/Moundou"
"Chile","http://dbpedia.org/resource/Chile","Santiago","http://dbpedia.org/resource/Santiago,_Chile","Santiago","http://dbpedia.org/resource/Santiago,_Chile","PPuente Alto","http://dbpedia.org/resource/Puente_Alto"
"China, People's Republic of","http://dbpedia.org/resource/China","Beijing","http://dbpedia.org/resource/Beijing","Shanghai","http://dbpedia.org/resource/Shanghai","Beijingg","http://dbpedia.org/resource/Beijing"
"Christmas Island (Australia)","http://dbpedia.org/resource/Christmas_Island","Flying Fish Cove","http://dbpedia.org/resource/Flying_Fish_Cove","Flying Fish Cove","http://dbpedia.org/resource/Flying_Fish_Cove","Poon Saann","http://dbpedia.org/resource/Poon_Saan"
"Cocos (Keeling) Islands (Australia)","http://dbpedia.org/resource/Cocos_(Keeling)_Islands","West Island","http://dbpedia.org/resource/West_Island,_Cocos_(Keeling)_Islands","Bantam","http://dbpedia.org/resource/Bantam,_Cocos_(Keeling)_Islands","West Islandd","http://dbpedia.org/resource/West_Island,_Cocos_(Keeling)_Islands"
"Colombia","http://dbpedia.org/resource/Colombia","Bogotá","http://dbpedia.org/resource/Bogotá","Bogotá","http://dbpedia.org/resource/Bogotá","Medellínn","http://dbpedia.org/resource/Medellín"
"Comoros","http://dbpedia.org/resource/Comoros","Moroni","http://dbpedia.org/resource/Moroni,_Comoros","Moroni","http://dbpedia.org/resource/Moroni,_Comoros","Mutsamudu","http://dbpedia.org/resource/Mutsamudu"
"Congo, Democratic Republic of the","http://dbpedia.org/resource/Democratic_Republic_of_the_Congo","Kinshasa","http://dbpedia.org/resource/Kinshasa","Kinshasa","http://dbpedia.org/resource/Kinshasa","Lubumbashii","http://dbpedia.org/resource/Lubumbashi"
"Congo, Republic of the","http://dbpedia.org/resource/Republic_of_the_Congo","Brazzaville","http://dbpedia.org/resource/Brazzaville","Brazzaville","http://dbpedia.org/resource/Brazzaville","Pointe-Noiree","http://dbpedia.org/resource/Pointe-Noire"
"Cook Islands (New Zealand)","http://dbpedia.org/resource/Cook_Islands","Avarua","http://dbpedia.org/resource/Avarua","Avarua","http://dbpedia.org/resource/Avarua","Amurii","http://dbpedia.org/resource/Amuri,_Cook_Islands"
"Costa Rica","http://dbpedia.org/resource/Costa_Rica","San José","http://dbpedia.org/resource/San_José,_Costa_Rica","San José","http://dbpedia.org/resource/San_José,_Costa_Rica","Alajuela","http://dbpedia.org/resource/Alajuela"
"Côte d'Ivoire","http://dbpedia.org/resource/Ivory_Coast","Yamoussoukro","http://dbpedia.org/resource/Yamoussoukro","Abidjan","http://dbpedia.org/resource/Abidjan","Bouaké","http://dbpedia.org/resource/Bouaké"
"Croatia","http://dbpedia.org/resource/Croatia","Zagreb","http://dbpedia.org/resource/Zagreb","Zagreb","http://dbpedia.org/resource/Zagreb","Split","http://dbpedia.org/resource/Split_(city)"
"Cuba","http://dbpedia.org/resource/Cuba","Havana","http://dbpedia.org/resource/Havana","Havana","http://dbpedia.org/resource/Havana","Santiago de Cubaa","http://dbpedia.org/resource/Santiago_de_Cuba"
"Curaçao (Netherlands)","http://dbpedia.org/resource/Curaçao","Willemstad","http://dbpedia.org/resource/Willemstad","Willemstad","http://dbpedia.org/resource/Willemstad","Sint Michiel","http://dbpedia.org/resource/Sint_Michiel"
"Cyprus","http://dbpedia.org/resource/Cyprus","Nicosia","http://dbpedia.org/resource/Nicosia","Nicosia","http://dbpedia.org/resource/Nicosia","Limasssol","http://dbpedia.org/resource/Limassol"
"Czech Republic","http://dbpedia.org/resource/Czech_Republic","Prague","http://dbpedia.org/resource/Prague","Prague","http://dbpedia.org/resource/Prague","Brnoo","http://dbpedia.org/resource/Brno"
"Czech Republic","http://dbpedia.org/resource/Czech_Republic","Prague","http://dbpedia.org/resource/Prague","Prague","http://dbpedia.org/resource/Prague","OOstrava","http://dbpedia.org/resource/Ostrava"
"Denmark","http://dbpedia.org/resource/Denmark","Copenhagen","http://dbpedia.org/resource/Copenhagen","Copenhagen","http://dbpedia.org/resource/Copenhagen","Aarhus","http://dbpedia.org/resource/Aarhus"
"Djibouti","http://dbpedia.org/resource/Djibouti","Djibouti","http://dbpedia.org/resource/Djibouti_(city)","Djibouti","http://dbpedia.org/resource/Djibouti_(city)","Ali Saabieh","http://dbpedia.org/resource/Ali_Sabieh"
"Dominica","http://dbpedia.org/resource/Dominica","Roseau","http://dbpedia.org/resource/Roseau","Roseau","http://dbpedia.org/resource/Roseau","Portssmouth","http://dbpedia.org/resource/Portsmouth,_Dominica"
"Dominican Republic","http://dbpedia.org/resource/Dominican_Republic","Santo Domingo","http://dbpedia.org/resource/Santo_Domingo","Santo Domingo","http://dbpedia.org/resource/Santo_Domingo","Santiago de los Caballeros","http://dbpedia.org/resource/Santiago_de_los_Caballeros"
"East Timor","http://dbpedia.org/resource/East_Timor","Dili","http://dbpedia.org/resource/Dili","Dili","http://dbpedia.org/resource/Dili","Dare","http://dbpedia.org/resource/Dare,_East_Timor"
"Ecuador","http://dbpedia.org/resource/Ecuador","Quito","http://dbpedia.org/resource/Quito","Quito","http://dbpedia.org/resource/Quito","Guayaquill","http://dbpedia.org/resource/Guayaquil"
"Egypt","http://dbpedia.org/resource/Egypt","Cairo","http://dbpedia.org/resource/Cairo","Cairo","http://dbpedia.org/resource/Cairo","Alexandriaa","http://dbpedia.org/resource/Alexandria"
"El Salvador","http://dbpedia.org/resource/El_Salvador","San Salvador","http://dbpedia.org/resource/San_Salvador","San Salvador","http://dbpedia.org/resource/San_Salvador","Santa Anaa","http://dbpedia.org/resource/Santa_Ana,_El_Salvador"
"Equatorial Guinea","http://dbpedia.org/resource/Equatorial_Guinea","Malabo","http://dbpedia.org/resource/Malabo","Bata","http://dbpedia.org/resource/Bata,_Equatorial_Guinea","Maalabo","http://dbpedia.org/resource/Malabo"
"Eritrea","http://dbpedia.org/resource/Eritrea","Asmara","http://dbpedia.org/resource/Asmara","Asmara","http://dbpedia.org/resource/Asmara","Keren","http://dbpedia.org/resource/Keren,_Eritrea"
"Estonia","http://dbpedia.org/resource/Estonia","Tallinn","http://dbpedia.org/resource/Tallinn","Tallinn","http://dbpedia.org/resource/Tallinn","TTartu","http://dbpedia.org/resource/Tartu"
"Eswatini","http://dbpedia.org/resource/Swaziland","Mbabane","http://dbpedia.org/resource/Mbabane","Manzini","http://dbpedia.org/resource/Manzini,_Swaziland","Mbabanee","http://dbpedia.org/resource/Mbabane"
"Ethiopia","http://dbpedia.org/resource/Ethiopia","Addis Ababa","http://dbpedia.org/resource/Addis_Ababa","Addis Ababa","http://dbpedia.org/resource/Addis_Ababa","Dire Dawwa","http://dbpedia.org/resource/Dire_Dawa"
"Falkland Islands (UK)","http://dbpedia.org/resource/Falkland_Islands","Stanley","http://dbpedia.org/resource/Stanley,_Falkland_Islands","Stanley","http://dbpedia.org/resource/Stanley,_Falkland_Islands","Goose Green","http://dbpedia.org/resource/Goose_Green"
"Faroe Islands (Denmark)","http://dbpedia.org/resource/Faroe_Islands","Tórshavn","http://dbpedia.org/resource/Tórshavn","Tórshavn","http://dbpedia.org/resource/Tórshavn","Klaksvíkk","http://dbpedia.org/resource/Klaksvík"
"Fiji","http://dbpedia.org/resource/Fiji","Suva","http://dbpedia.org/resource/Suva","Nasinu","http://dbpedia.org/resource/Nasinu","Suvaa","http://dbpedia.org/resource/Suva"
"Finland","http://dbpedia.org/resource/Finland","Helsinki","http://dbpedia.org/resource/Helsinki","Helsinki","http://dbpedia.org/resource/Helsinki","Espoo","http://dbpedia.org/resource/Espoo"
"Finland","http://dbpedia.org/resource/Finland","Helsinki","http://dbpedia.org/resource/Helsinki","Helsinki","http://dbpedia.org/resource/Helsinki","Tamperee","http://dbpedia.org/resource/Tampere"
"France","http://dbpedia.org/resource/France","Paris","http://dbpedia.org/resource/Paris","Paris","http://dbpedia.org/resource/Paris","Marseillee","http://dbpedia.org/resource/Marseille"
"France","http://dbpedia.org/resource/France","Paris","http://dbpedia.org/resource/Paris","Paris","http://dbpedia.org/resource/Paris","Lyon","http://dbpedia.org/resource/Lyon"
"French Guiana (France)","http://dbpedia.org/resource/French_Guiana","Cayenne","http://dbpedia.org/resource/Cayenne","Cayenne","http://dbpedia.org/resource/Cayenne","Saint-Laurent-ddu-Maroni","http://dbpedia.org/resource/Saint-Laurent-du-Maroni"
"French Polynesia (France)","http://dbpedia.org/resource/French_Polynesia","Papeete","http://dbpedia.org/resource/Papeete","Papeete","http://dbpedia.org/resource/Papeete","Mahinaa","http://dbpedia.org/resource/Mahina,_French_Polynesia"
"Gabon","http://dbpedia.org/resource/Gabon","Libreville","http://dbpedia.org/resource/Libreville","Libreville","http://dbpedia.org/resource/Libreville","Port-Gentill","http://dbpedia.org/resource/Port-Gentil"
"Gambia, The","http://dbpedia.org/resource/The_Gambia","Banjul","http://dbpedia.org/resource/Banjul","Serekunda","http://dbpedia.org/resource/Serekunda","Brrikama","http://dbpedia.org/resource/Brikama"
"Georgia","http://dbpedia.org/resource/Georgia_(country)","Tbilisi","http://dbpedia.org/resource/Tbilisi","Tbilisi","http://dbpedia.org/resource/Tbilisi","Batumii","http://dbpedia.org/resource/Batumi"
"Germany","http://dbpedia.org/resource/Germany","Berlin","http://dbpedia.org/resource/Berlin","Berlin","http://dbpedia.org/resource/Berlin","Hamburgg","http://dbpedia.org/resource/Hamburg"
"Germany","http://dbpedia.org/resource/Germany","Berlin","http://dbpedia.org/resource/Berlin","Rhine-Ruhr","http://dbpedia.org/resource/Rhine-Ruhr","Berlinn","http://dbpedia.org/resource/Berlin"
"Ghana","http://dbpedia.org/resource/Ghana","Accra","http://dbpedia.org/resource/Accra","Accra","http://dbpedia.org/resource/Accra","Kumasii","http://dbpedia.org/resource/Kumasi"
"Gibraltar (UK)","http://dbpedia.org/resource/Gibraltar","Gibraltar","http://dbpedia.org/resource/Gibraltar","Gibraltar","http://dbpedia.org/resource/Gibraltar","",""
"Greece","http://dbpedia.org/resource/Greece","Athens","http://dbpedia.org/resource/Athens","Athens","http://dbpedia.org/resource/Athens","Thessalonikii","http://dbpedia.org/resource/Thessaloniki"
"Greenland (Denmark)","http://dbpedia.org/resource/Greenland","Nuuk","http://dbpedia.org/resource/Nuuk","Nuuk","http://dbpedia.org/resource/Nuuk","Sisimiutt","http://dbpedia.org/resource/Sisimiut"
"Grenada","http://dbpedia.org/resource/Grenada","St. George's","http://dbpedia.org/resource/St._George's,_Grenada","St. George's","http://dbpedia.org/resource/St._George's,_Grenada","Gouyave","http://dbpedia.org/resource/Gouyave"
"Guam (US)","http://dbpedia.org/resource/Guam","Hagåtña","http://dbpedia.org/resource/Hagåtña,_Guam","Dededo","http://dbpedia.org/resource/Dededo","Yiigo","http://dbpedia.org/resource/Yigo"
"Guatemala","http://dbpedia.org/resource/Guatemala","Guatemala City","http://dbpedia.org/resource/Guatemala_City","Guatemala City","http://dbpedia.org/resource/Guatemala_City","Quetzalltenango","http://dbpedia.org/resource/Quetzaltenango"
"Guernsey (UK)","http://dbpedia.org/resource/Guernsey","Saint Peter Port","http://dbpedia.org/resource/Saint_Peter_Port","Saint Peter Port","http://dbpedia.org/resource/Saint_Peter_Port","Valee","http://dbpedia.org/resource/Vale,_Guernsey"
"Guinea","http://dbpedia.org/resource/Guinea","Conakry","http://dbpedia.org/resource/Conakry","Conakry","http://dbpedia.org/resource/Conakry","Nzérékoréé","http://dbpedia.org/resource/Nzérékoré"
"Guinea-Bissau","http://dbpedia.org/resource/Guinea-Bissau","Bissau","http://dbpedia.org/resource/Bissau","Bissau","http://dbpedia.org/resource/Bissau","Gabú","http://dbpedia.org/resource/Gabú"
"Guyana","http://dbpedia.org/resource/Guyana","Georgetown","http://dbpedia.org/resource/Georgetown,_Guyana","Georgetown","http://dbpedia.org/resource/Georgetown,_Guyana","Liinden","http://dbpedia.org/resource/Linden,_Guyana"
"Haiti","http://dbpedia.org/resource/Haiti","Port-au-Prince","http://dbpedia.org/resource/Port-au-Prince","Port-au-Prince","http://dbpedia.org/resource/Port-au-Prince","Gonaïvess","http://dbpedia.org/resource/Gonaïves"
"Honduras","http://dbpedia.org/resource/Honduras","Tegucigalpa","http://dbpedia.org/resource/Tegucigalpa","Tegucigalpa","http://dbpedia.org/resource/Tegucigalpa","San Pedro Sulaa","http://dbpedia.org/resource/San_Pedro_Sula"
"Hungary","http://dbpedia.org/resource/Hungary","Budapest","http://dbpedia.org/resource/Budapest","Budapest","http://dbpedia.org/resource/Budapest","Debrecenn","http://dbpedia.org/resource/Debrecen"
"Iceland","http://dbpedia.org/resource/Iceland","Reykjavík","http://dbpedia.org/resource/Reykjavík","Reykjavík","http://dbpedia.org/resource/Reykjavík","Kópavogurr","http://dbpedia.org/resource/Kópavogur"
"India","http://dbpedia.org/resource/India","New Delhi","http://dbpedia.org/resource/New_Delhi","Mumbai","http://dbpedia.org/resource/Mumbai","Delhii","http://dbpedia.org/resource/Delhi"
"Indonesia","http://dbpedia.org/resource/Indonesia","Jakarta","http://dbpedia.org/resource/Jakarta","Jakarta","http://dbpedia.org/resource/Jakarta","Surabaya","http://dbpedia.org/resource/Surabaya"
"Iran","http://dbpedia.org/resource/Iran","Tehran","http://dbpedia.org/resource/Tehran","Tehran","http://dbpedia.org/resource/Tehran","Mashhadd","http://dbpedia.org/resource/Mashhad"
"Iraq","http://dbpedia.org/resource/Iraq","Baghdad","http://dbpedia.org/resource/Baghdad","Baghdad","http://dbpedia.org/resource/Baghdad","BBasra","http://dbpedia.org/resource/Basra"
"Ireland","http://dbpedia.org/resource/Republic_of_Ireland","Dublin","http://dbpedia.org/resource/Dublin","Dublin","http://dbpedia.org/resource/Dublin","Corkk","http://dbpedia.org/resource/Cork_(city)"
"Isle of Man (UK)","http://dbpedia.org/resource/Isle_of_Man","Douglas","http://dbpedia.org/resource/Douglas,_Isle_of_Man","Douglas","http://dbpedia.org/resource/Douglas,_Isle_of_Man","Onchann","http://dbpedia.org/resource/Onchan"
"Israel","http://dbpedia.org/resource/Israel","Jerusalem","http://dbpedia.org/resource/Jerusalem","Jerusalem","http://dbpedia.org/resource/Jerusalem","Tel Avivv","http://dbpedia.org/resource/Tel_Aviv"
"Italy","http://dbpedia.org/resource/Italy","Rome","http://dbpedia.org/resource/Rome","Rome","http://dbpedia.org/resource/Rome","Millan","http://dbpedia.org/resource/Milan"
"Jamaica","http://dbpedia.org/resource/Jamaica","Kingston","http://dbpedia.org/resource/Kingston,_Jamaica","Kingston","http://dbpedia.org/resource/Kingston,_Jamaica","Spanish Townn","http://dbpedia.org/resource/Spanish_Town"
"Japan","http://dbpedia.org/resource/Japan","Tokyo","http://dbpedia.org/resource/Tokyo","Tokyo","http://dbpedia.org/resource/Tokyo","Yokohamaa","http://dbpedia.org/resource/Yokohama"
"Japan","http://dbpedia.org/resource/Japan","Tokyo","http://dbpedia.org/resource/Tokyo","Tokyo","http://dbpedia.org/resource/Tokyo","Osakaa","http://dbpedia.org/resource/Osaka"
"Jersey (UK)","http://dbpedia.org/resource/Jersey","Saint Helier","http://dbpedia.org/resource/Saint_Helier","Saint Helier","http://dbpedia.org/resource/Saint_Helier","Saint SSaviour","http://dbpedia.org/resource/Saint_Saviour,_Jersey"
"Jordan","http://dbpedia.org/resource/Jordan","Amman","http://dbpedia.org/resource/Amman","Amman","http://dbpedia.org/resource/Amman","Zarqaa","http://dbpedia.org/resource/Zarqa"
"Kazakhstan","http://dbpedia.org/resource/Kazakhstan","Nur-Sultan","http://dbpedia.org/resource/Astana","Almaty","http://dbpedia.org/resource/Almaty","Nur-Sultann","http://dbpedia.org/resource/Astana"
"Kenya","http://dbpedia.org/resource/Kenya","Nairobi","http://dbpedia.org/resource/Nairobi","Nairobi","http://dbpedia.org/resource/Nairobi","Mombasa","http://dbpedia.org/resource/Mombasa"
"Kiribati","http://dbpedia.org/resource/Kiribati","Tarawa","http://dbpedia.org/resource/Tarawa","Betio","http://dbpedia.org/resource/Betio","Bairikii","http://dbpedia.org/resource/Bairiki"
"Korea, North","http://dbpedia.org/resource/North_Korea","Pyongyang","http://dbpedia.org/resource/Pyongyang","Pyongyang","http://dbpedia.org/resource/Pyongyang","Hamhungg","http://dbpedia.org/resource/Hamhung"
"Korea, South","http://dbpedia.org/resource/South_Korea","Seoul","http://dbpedia.org/resource/Seoul","Seoul","http://dbpedia.org/resource/Seoul","Busan","http://dbpedia.org/resource/Busan"
"Kosovo","http://dbpedia.org/resource/Kosovo","Pristina","http://dbpedia.org/resource/Pristina","Pristina","http://dbpedia.org/resource/Pristina","Prizren","http://dbpedia.org/resource/Prizren"
"Kuwait","http://dbpedia.org/resource/Kuwait","Kuwait City","http://dbpedia.org/resource/Kuwait_City","Kuwait City","http://dbpedia.org/resource/Kuwait_City","Al Jahraa","http://dbpedia.org/resource/Al_Jahra"
"Kyrgyzstan","http://dbpedia.org/resource/Kyrgyzstan","Bishkek","http://dbpedia.org/resource/Bishkek","Bishkek","http://dbpedia.org/resource/Bishkek","Ossh","http://dbpedia.org/resource/Osh"
"Laos","http://dbpedia.org/resource/Laos","Vientiane","http://dbpedia.org/resource/Vientiane","Vientiane","http://dbpedia.org/resource/Vientiane","Pakxe","http://dbpedia.org/resource/Pakxe"
"Latvia","http://dbpedia.org/resource/Latvia","Riga","http://dbpedia.org/resource/Riga","Riga","http://dbpedia.org/resource/Riga","Daugavpils","http://dbpedia.org/resource/Daugavpils"
"Lebanon","http://dbpedia.org/resource/Lebanon","Beirut","http://dbpedia.org/resource/Beirut","Beirut","http://dbpedia.org/resource/Beirut","Tripolli","http://dbpedia.org/resource/Tripoli,_Lebanon"
"Lesotho","http://dbpedia.org/resource/Lesotho","Maseru","http://dbpedia.org/resource/Maseru","Maseru","http://dbpedia.org/resource/Maseru","Teyateyaneng","http://dbpedia.org/resource/Teyateyaneng"
"Liberia","http://dbpedia.org/resource/Liberia","Monrovia","http://dbpedia.org/resource/Monrovia","Monrovia","http://dbpedia.org/resource/Monrovia","Gbarngaa","http://dbpedia.org/resource/Gbarnga"
"Libya","http://dbpedia.org/resource/Libya","Tripoli","http://dbpedia.org/resource/Tripoli","Tripoli","http://dbpedia.org/resource/Tripoli","Benghazi","http://dbpedia.org/resource/Benghazi"
"Liechtenstein","http://dbpedia.org/resource/Liechtenstein","Vaduz","http://dbpedia.org/resource/Vaduz","Schaan","http://dbpedia.org/resource/Schaan","Vaduzz","http://dbpedia.org/resource/Vaduz"
"Lithuania","http://dbpedia.org/resource/Lithuania","Vilnius","http://dbpedia.org/resource/Vilnius","Vilnius","http://dbpedia.org/resource/Vilnius","Kaunass","http://dbpedia.org/resource/Kaunas"
"Luxembourg","http://dbpedia.org/resource/Luxembourg","Luxembourg City","http://dbpedia.org/resource/Luxembourg_City","Luxembourg City","http://dbpedia.org/resource/Luxembourg_City","Esch-sur-Alzettee","http://dbpedia.org/resource/Esch-sur-Alzette"
"Madagascar","http://dbpedia.org/resource/Madagascar","Antananarivo","http://dbpedia.org/resource/Antananarivo","Antananarivo","http://dbpedia.org/resource/Antananarivo","Toamasinaa","http://dbpedia.org/resource/Toamasina"
"Malawi","http://dbpedia.org/resource/Malawi","Lilongwe","http://dbpedia.org/resource/Lilongwe","Lilongwe","http://dbpedia.org/resource/Lilongwe","Blantyree","http://dbpedia.org/resource/Blantyre,_Malawi"
"Malaysia","http://dbpedia.org/resource/Malaysia","Kuala Lumpur","http://dbpedia.org/resource/Kuala_Lumpur","Kuala Lumpur","http://dbpedia.org/resource/Kuala_Lumpur","George Town","http://dbpedia.org/resource/George_Town,_Penang"
"Maldives","http://dbpedia.org/resource/Maldives","Malé","http://dbpedia.org/resource/Malé","Malé","http://dbpedia.org/resource/Malé","Addu Cityy","http://dbpedia.org/resource/Addu_City"
"Mali","http://dbpedia.org/resource/Mali","Bamako","http://dbpedia.org/resource/Bamako","Bamako","http://dbpedia.org/resource/Bamako","Sikaasso","http://dbpedia.org/resource/Sikasso"
"Malta","http://dbpedia.org/resource/Malta","Valletta","http://dbpedia.org/resource/Valletta","Valletta","http://dbpedia.org/resource/Valletta","",""
"Marshall Islands","http://dbpedia.org/resource/Marshall_Islands","Majuro","http://dbpedia.org/resource/Majuro","Ebeye","http://dbpedia.org/resource/Ebeye","Rita","http://dbpedia.org/resource/Rita,_Marshall_Islands"
"Mauritania","http://dbpedia.org/resource/Mauritania","Nouakchott","http://dbpedia.org/resource/Nouakchott","Nouakchott","http://dbpedia.org/resource/Nouakchott","Nouadhibouu","http://dbpedia.org/resource/Nouadhibou"
"Mauritius","http://dbpedia.org/resource/Mauritius","Port Louis","http://dbpedia.org/resource/Port_Louis","Port Louis","http://dbpedia.org/resource/Port_Louis","Beau Bassin-Rose Hill","http://dbpedia.org/resource/Beau_Bassin-Rose_Hill"
"Mayotte (France)","http://dbpedia.org/resource/Mayotte","Mamoudzou","http://dbpedia.org/resource/Mamoudzou","Mamoudzou","http://dbpedia.org/resource/Mamoudzou","Koungouu","http://dbpedia.org/resource/Koungou"
"Mexico","http://dbpedia.org/resource/Mexico","Mexico City","http://dbpedia.org/resource/Mexico_City","Mexico City","http://dbpedia.org/resource/Mexico_City","Ecatepecc","http://dbpedia.org/resource/Ecatepec"
"Federated States of Micronesia","http://dbpedia.org/resource/Federated_States_of_Micronesia","Palikir","http://dbpedia.org/resource/Palikir","Weno","http://dbpedia.org/resource/Weno","Palikir","http://dbpedia.org/resource/Palikir"
"Moldova","http://dbpedia.org/resource/Moldova","Chişinău","http://dbpedia.org/resource/Chişinău","Chişinău","http://dbpedia.org/resource/Chişinău","Tiraspol","http://dbpedia.org/resource/Tiraspol"
"Monaco","http://dbpedia.org/resource/Monaco","Monaco","http://dbpedia.org/resource/Monaco","Monte Carlo","http://dbpedia.org/resource/Monte_Carlo","La Condamine","http://dbpedia.org/resource/La_Condamine"
"Mongolia","http://dbpedia.org/resource/Mongolia","Ulaanbaatar","http://dbpedia.org/resource/Ulaanbaatar","Ulaanbaatar","http://dbpedia.org/resource/Ulaanbaatar","Darkhan","http://dbpedia.org/resource/Darkhan_(city)"
"Montenegro","http://dbpedia.org/resource/Montenegro","Podgorica","http://dbpedia.org/resource/Podgorica","Podgorica","http://dbpedia.org/resource/Podgorica","Nikšić","http://dbpedia.org/resource/Nikšić"
"Montserrat (UK)","http://dbpedia.org/resource/Montserrat","Brades","http://dbpedia.org/resource/Brades","Brades","http://dbpedia.org/resource/Brades","Saint Peter's",""
"Morocco","http://dbpedia.org/resource/Morocco","Rabat","http://dbpedia.org/resource/Rabat","Casablanca","http://dbpedia.org/resource/Casablanca","Fez","http://dbpedia.org/resource/Fez,_Morocco"
"Mozambique","http://dbpedia.org/resource/Mozambique","Maputo","http://dbpedia.org/resource/Maputo","Matola","http://dbpedia.org/resource/Matola","Beiraa","http://dbpedia.org/resource/Beira,_Mozambique"
"Myanmar","http://dbpedia.org/resource/Myanmar","Nay Pyi Taw","http://dbpedia.org/resource/Nay_Pyi_Taw","Yangon","http://dbpedia.org/resource/Yangon","Mandalayy","http://dbpedia.org/resource/Mandalay"
"Namibia","http://dbpedia.org/resource/Namibia","Windhoek","http://dbpedia.org/resource/Windhoek","Windhoek","http://dbpedia.org/resource/Windhoek","Rundu","http://dbpedia.org/resource/Rundu"
"Nauru","http://dbpedia.org/resource/Nauru","Yaren","http://dbpedia.org/resource/Yaren_District","Yaren","http://dbpedia.org/resource/Yaren_District","Denigomuduu","http://dbpedia.org/resource/Denigomodu_District"
"Nepal","http://dbpedia.org/resource/Nepal","Kathmandu","http://dbpedia.org/resource/Kathmandu","Kathmandu","http://dbpedia.org/resource/Kathmandu","Pokharaa","http://dbpedia.org/resource/Pokhara"
"Netherlands","http://dbpedia.org/resource/Netherlands","Amsterdam","http://dbpedia.org/resource/Amsterdam","Amsterdam","http://dbpedia.org/resource/Amsterdam","Rotterdamm","http://dbpedia.org/resource/Rotterdam"
"New Caledonia (France)","http://dbpedia.org/resource/New_Caledonia","Nouméa","http://dbpedia.org/resource/Nouméa","Nouméa","http://dbpedia.org/resource/Nouméa","WWé","http://dbpedia.org/resource/Wé"
"New Zealand","http://dbpedia.org/resource/New_Zealand","Wellington","http://dbpedia.org/resource/Wellington","Auckland","http://dbpedia.org/resource/Auckland","Christchurchh","http://dbpedia.org/resource/Christchurch"
"New Zealand","http://dbpedia.org/resource/New_Zealand","Wellington","http://dbpedia.org/resource/Wellington","Auckland","http://dbpedia.org/resource/Auckland","Wellingtonn","http://dbpedia.org/resource/Wellington"
"Nicaragua","http://dbpedia.org/resource/Nicaragua","Managua","http://dbpedia.org/resource/Managua","Managua","http://dbpedia.org/resource/Managua","Leóón","http://dbpedia.org/resource/León,_Nicaragua"
"Niger","http://dbpedia.org/resource/Niger","Niamey","http://dbpedia.org/resource/Niamey","Niamey","http://dbpedia.org/resource/Niamey","Zinnder","http://dbpedia.org/resource/Zinder"
"Nigeria","http://dbpedia.org/resource/Nigeria","Abuja","http://dbpedia.org/resource/Abuja","Lagos","http://dbpedia.org/resource/Lagos","Kanoo","http://dbpedia.org/resource/Kano"
"Niue (New Zealand)","http://dbpedia.org/resource/Niue","Alofi","http://dbpedia.org/resource/Alofi","Alofi","http://dbpedia.org/resource/Alofi","Hakupu","http://dbpedia.org/resource/Hakupu"
"Norfolk Island (Australia)","http://dbpedia.org/resource/Norfolk_Island","Kingston","http://dbpedia.org/resource/Kingston,_Norfolk_Island","Burnt Pine","http://dbpedia.org/resource/Burnt_Pine","Kingston","http://dbpedia.org/resource/Kingston,_Norfolk_Island"
"North Macedonia","http://dbpedia.org/resource/North_Macedonia","Skopje","http://dbpedia.org/resource/Skopje","Skopje","http://dbpedia.org/resource/Skopje","Bitolaa","http://dbpedia.org/resource/Bitola"
"Northern Cyprus","http://dbpedia.org/resource/Northern_Cyprus","North Nicosia","http://dbpedia.org/resource/North_Nicosia","North Nicosia","http://dbpedia.org/resource/North_Nicosia","Famagustaa","http://dbpedia.org/resource/Famagusta"
"Northern Mariana Islands (US)","http://dbpedia.org/resource/Northern_Mariana_Islands","San Antonio","http://dbpedia.org/resource/San_Antonio,_Saipan","San Antonio","http://dbpedia.org/resource/San_Antonio,_Saipan","Garapan","http://dbpedia.org/resource/Garapan"
"Norway","http://dbpedia.org/resource/Norway","Oslo","http://dbpedia.org/resource/Oslo","Oslo","http://dbpedia.org/resource/Oslo","Bergenn","http://dbpedia.org/resource/Bergen"
"Oman","http://dbpedia.org/resource/Oman","Muscat","http://dbpedia.org/resource/Muscat,_Oman","Muscat","http://dbpedia.org/resource/Muscat,_Oman","Salalahh","http://dbpedia.org/resource/Salalah"
"Pakistan","http://dbpedia.org/resource/Pakistan","Islamabad","http://dbpedia.org/resource/Islamabad","Karachi","http://dbpedia.org/resource/Karachi","Lahoree","http://dbpedia.org/resource/Lahore"
"Palau","http://dbpedia.org/resource/Palau","Ngerulmud","http://dbpedia.org/resource/Ngerulmud","Koror","http://dbpedia.org/resource/Koror","Airaai","http://dbpedia.org/resource/Airai"
"State of Palestine","http://dbpedia.org/resource/State_of_Palestine","East Jerusalem","http://dbpedia.org/resource/East_Jerusalem","Gaza City","http://dbpedia.org/resource/Gaza_City","Hebbron","http://dbpedia.org/resource/Hebron"
"State of Palestine","http://dbpedia.org/resource/State_of_Palestine","East Jerusalem","http://dbpedia.org/resource/East_Jerusalem","Gaza City","http://dbpedia.org/resource/Gaza_City","East Jerusalem","http://dbpedia.org/resource/East_Jerusalem"
"Panama","http://dbpedia.org/resource/Panama","Panama City","http://dbpedia.org/resource/Panama_City","Panama City","http://dbpedia.org/resource/Panama_City","Colón","http://dbpedia.org/resource/Colón,_Panama"
"Papua New Guinea","http://dbpedia.org/resource/Papua_New_Guinea","Port Moresby","http://dbpedia.org/resource/Port_Moresby","Port Moresby","http://dbpedia.org/resource/Port_Moresby","Laee","http://dbpedia.org/resource/Lae"
"Paraguay","http://dbpedia.org/resource/Paraguay","Asunción","http://dbpedia.org/resource/Asunción","Asunción","http://dbpedia.org/resource/Asunción","Ciudad del Estee","http://dbpedia.org/resource/Ciudad_del_Este"
"Peru","http://dbpedia.org/resource/Peru","Lima","http://dbpedia.org/resource/Lima","Lima","http://dbpedia.org/resource/Lima","Arequipaa","http://dbpedia.org/resource/Arequipa"
"Philippines","http://dbpedia.org/resource/Philippines","Manila","http://dbpedia.org/resource/Manila","Quezon City","http://dbpedia.org/resource/Quezon_City","Manila","http://dbpedia.org/resource/Manila"
"Philippines","http://dbpedia.org/resource/Philippines","Manila","http://dbpedia.org/resource/Manila","Metro Manila","http://dbpedia.org/resource/Metro_Manila","Metro Cebuu","http://dbpedia.org/resource/Metro_Cebu"
"Pitcairn Islands (UK)","http://dbpedia.org/resource/Pitcairn_Islands","Adamstown","http://dbpedia.org/resource/Adamstown,_Pitcairn_Islands","Adamstown","http://dbpedia.org/resource/Adamstown,_Pitcairn_Islands","",""
"Poland","http://dbpedia.org/resource/Poland","Warsaw","http://dbpedia.org/resource/Warsaw","Warsaw","http://dbpedia.org/resource/Warsaw","Kraków","http://dbpedia.org/resource/Kraków"
"Portugal","http://dbpedia.org/resource/Portugal","Lisbon","http://dbpedia.org/resource/Lisbon","Lisbon","http://dbpedia.org/resource/Lisbon","Vila Nova de Gaia","http://dbpedia.org/resource/Vila_Nova_de_Gaia"
"Portugal","http://dbpedia.org/resource/Portugal","Lisbon","http://dbpedia.org/resource/Lisbon","Lisbon","http://dbpedia.org/resource/Lisbon","Porto","http://dbpedia.org/resource/Metropolitan_Area_of_Porto"
"Puerto Rico (US)","http://dbpedia.org/resource/Puerto_Rico","San Juan","http://dbpedia.org/resource/San_Juan,_Puerto_Rico","San Juan","http://dbpedia.org/resource/San_Juan,_Puerto_Rico","Bayamónn","http://dbpedia.org/resource/Bayamón,_Puerto_Rico"
"Puerto Rico (US)","http://dbpedia.org/resource/Puerto_Rico","San Juan","http://dbpedia.org/resource/San_Juan,_Puerto_Rico","San Juan","http://dbpedia.org/resource/San_Juan,_Puerto_Rico","Poncee","http://dbpedia.org/resource/Ponce,_Puerto_Rico"
"Qatar","http://dbpedia.org/resource/Qatar","Doha","http://dbpedia.org/resource/Doha","Doha","http://dbpedia.org/resource/Doha","Al Rayyyan","http://dbpedia.org/resource/Al_Rayyan"
"Romania","http://dbpedia.org/resource/Romania","Bucharest","http://dbpedia.org/resource/Bucharest","Bucharest","http://dbpedia.org/resource/Bucharest","Iaași","http://dbpedia.org/resource/Iași"
"Romania","http://dbpedia.org/resource/Romania","Bucharest","http://dbpedia.org/resource/Bucharest","Bucharest","http://dbpedia.org/resource/Bucharest","Constanțța","http://dbpedia.org/resource/Constanța"
"Russia","http://dbpedia.org/resource/Russia","Moscow","http://dbpedia.org/resource/Moscow","Moscow","http://dbpedia.org/resource/Moscow","Saint Petersburgg","http://dbpedia.org/resource/Saint_Petersburg"
"Rwanda","http://dbpedia.org/resource/Rwanda","Kigali","http://dbpedia.org/resource/Kigali","Kigali","http://dbpedia.org/resource/Kigali","Muhanga","http://dbpedia.org/resource/Muhanga"
"Saint Barthélemy (France)","http://dbpedia.org/resource/Saint_Barthélemy","Gustavia","http://dbpedia.org/resource/Gustavia,_Saint_Barthélemy","Gustavia","http://dbpedia.org/resource/Gustavia,_Saint_Barthélemy","St. Jeann","http://dbpedia.org/resource/Saint_Jean,_Saint_Barthélemy"
"Saint Helena (UK)","http://dbpedia.org/resource/Saint_Helena","Jamestown","http://dbpedia.org/resource/Jamestown,_Saint_Helena","Half Tree Hollow","http://dbpedia.org/resource/Half_Tree_Hollow","Jamestownn","http://dbpedia.org/resource/Jamestown,_Saint_Helena"
"Saint Kitts and Nevis","http://dbpedia.org/resource/Saint_Kitts_and_Nevis","Basseterre","http://dbpedia.org/resource/Basseterre","Basseterre","http://dbpedia.org/resource/Basseterre","Charlesttown","http://dbpedia.org/resource/Charlestown,_Saint_Kitts_and_Nevis"
"Saint Lucia","http://dbpedia.org/resource/Saint_Lucia","Castries","http://dbpedia.org/resource/Castries","Castries","http://dbpedia.org/resource/Castries","Gros IIslet","http://dbpedia.org/resource/Gros_Islet"
"Saint Martin (France)","http://dbpedia.org/resource/Collectivity_of_Saint_Martin","Marigot","http://dbpedia.org/resource/Marigot,_Saint_Martin","Marigot","http://dbpedia.org/resource/Marigot,_Saint_Martin","Rambaudd",""
"Saint Pierre and Miquelon (France)","http://dbpedia.org/resource/Saint_Pierre_and_Miquelon","Saint-Pierre","http://dbpedia.org/resource/Saint-Pierre,_Saint_Pierre_and_Miquelon","Saint-Pierre","http://dbpedia.org/resource/Saint-Pierre,_Saint_Pierre_and_Miquelon","Miquelonn","http://dbpedia.org/resource/Miquelon-Langlade"
"Saint Vincent and the Grenadines","http://dbpedia.org/resource/Saint_Vincent_and_the_Grenadines","Kingstown","http://dbpedia.org/resource/Kingstown","Kingstown","http://dbpedia.org/resource/Kingstown","Georgetownn","http://dbpedia.org/resource/Georgetown,_Saint_Vincent_and_the_Grenadines"
"Samoa","http://dbpedia.org/resource/Samoa","Apia","http://dbpedia.org/resource/Apia","Apia","http://dbpedia.org/resource/Apia","Vaitelee",""
"San Marino","http://dbpedia.org/resource/San_Marino","San Marino","http://dbpedia.org/resource/City_of_San_Marino","Dogana","http://dbpedia.org/resource/Dogana","Borgo Maggioree","http://dbpedia.org/resource/Borgo_Maggiore"
"São Tomé and Príncipe","http://dbpedia.org/resource/São_Tomé_and_Príncipe","São Tomé","http://dbpedia.org/resource/São_Tomé","São Tomé","http://dbpedia.org/resource/São_Tomé","Trinndade","http://dbpedia.org/resource/Trindade,_São_Tomé_and_Principe"
"Saudi Arabia","http://dbpedia.org/resource/Saudi_Arabia","Riyadh","http://dbpedia.org/resource/Riyadh","Riyadh","http://dbpedia.org/resource/Riyadh","JJeddah","http://dbpedia.org/resource/Jeddah"
"Senegal","http://dbpedia.org/resource/Senegal","Dakar","http://dbpedia.org/resource/Dakar","Dakar","http://dbpedia.org/resource/Dakar","Toubaa","http://dbpedia.org/resource/Touba"
"Serbia","http://dbpedia.org/resource/Serbia","Belgrade","http://dbpedia.org/resource/Belgrade","Belgrade","http://dbpedia.org/resource/Belgrade","Novi Sadd","http://dbpedia.org/resource/Novi_Sad"
"Seychelles","http://dbpedia.org/resource/Seychelles","Victoria","http://dbpedia.org/resource/Victoria,_Seychelles","Victoria","http://dbpedia.org/resource/Victoria,_Seychelles","Anse Etoilee","http://dbpedia.org/resource/Anse_Etoile"
"Sierra Leone","http://dbpedia.org/resource/Sierra_Leone","Freetown","http://dbpedia.org/resource/Freetown","Freetown","http://dbpedia.org/resource/Freetown","BBo","http://dbpedia.org/resource/Bo,_Sierra_Leone"
"Singapore","http://dbpedia.org/resource/Singapore","Singapore","http://dbpedia.org/resource/Singapore","Singapore","http://dbpedia.org/resource/Singapore","",""
"Sint Maarten (Netherlands)","http://dbpedia.org/resource/Sint_Maarten","Philipsburg","http://dbpedia.org/resource/Philipsburg,_Sint_Maarten","Lower Prince's Quarter","http://dbpedia.org/resource/Lower_Prince's_Quarter","Cul De Sac",""
"Slovakia","http://dbpedia.org/resource/Slovakia","Bratislava","http://dbpedia.org/resource/Bratislava","Bratislava","http://dbpedia.org/resource/Bratislava","Košice","http://dbpedia.org/resource/Košice"
"Slovenia","http://dbpedia.org/resource/Slovenia","Ljubljana","http://dbpedia.org/resource/Ljubljana","Ljubljana","http://dbpedia.org/resource/Ljubljana","Mariborr","http://dbpedia.org/resource/Maribor"
"Solomon Islands","http://dbpedia.org/resource/Solomon_Islands","Honiara","http://dbpedia.org/resource/Honiara","Honiara","http://dbpedia.org/resource/Honiara","Gizo","http://dbpedia.org/resource/Gizo,_Solomon_Islands"
"Somalia","http://dbpedia.org/resource/Somalia","Mogadishu","http://dbpedia.org/resource/Mogadishu","Mogadishu","http://dbpedia.org/resource/Mogadishu","Hargeisaa","http://dbpedia.org/resource/Hargeisa"
"Somaliland","http://dbpedia.org/resource/Somaliland","Hargeisa","http://dbpedia.org/resource/Hargeisa","Hargeisa","http://dbpedia.org/resource/Hargeisa","Buraoo","http://dbpedia.org/resource/Burao"
"South Africa","http://dbpedia.org/resource/South_Africa","Pretoria","http://dbpedia.org/resource/Pretoria","Cape Town","http://dbpedia.org/resource/Cape_Town","Durbann","http://dbpedia.org/resource/Durban"
"South Africa","http://dbpedia.org/resource/South_Africa","Pretoria","http://dbpedia.org/resource/Pretoria","Johannesburg","http://dbpedia.org/resource/Johannesburg","Cappe Town","http://dbpedia.org/resource/Cape_Town"
"South Georgia and the South Sandwich Islands (UK)","http://dbpedia.org/resource/South_Georgia_and_the_South_Sandwich_Islands","King Edward Point","http://dbpedia.org/resource/King_Edward_Point","King Edward Point","http://dbpedia.org/resource/King_Edward_Point","Grytviiken","http://dbpedia.org/resource/Grytviken"
"South Ossetia","http://dbpedia.org/resource/South_Ossetia","Tskhinvali","http://dbpedia.org/resource/Tskhinvali","Tskhinvali","http://dbpedia.org/resource/Tskhinvali","Akhalgorii","http://dbpedia.org/resource/Akhalgori"
"South Sudan","http://dbpedia.org/resource/South_Sudan","Juba","http://dbpedia.org/resource/Juba","Juba","http://dbpedia.org/resource/Juba","Yeii","http://dbpedia.org/resource/Yei,_South_Sudan"
"Spain","http://dbpedia.org/resource/Spain","Madrid","http://dbpedia.org/resource/Madrid","Madrid","http://dbpedia.org/resource/Madrid","Barcelonaa","http://dbpedia.org/resource/Barcelona"
"Sri Lanka","http://dbpedia.org/resource/Sri_Lanka","Sri Jayawardenepura Kotte","http://dbpedia.org/resource/Sri_Jayawardenepura_Kotte","Colombo","http://dbpedia.org/resource/Colombo","Dehiwwala-Mount Lavinia","http://dbpedia.org/resource/Dehiwala-Mount_Lavinia"
"Sudan","http://dbpedia.org/resource/Sudan","Khartoum","http://dbpedia.org/resource/Khartoum","Omdurman","http://dbpedia.org/resource/Omdurman","Khartoum","http://dbpedia.org/resource/Khartoum"
"Sudan","http://dbpedia.org/resource/Sudan","Khartoum","http://dbpedia.org/resource/Khartoum","Khartoum","http://dbpedia.org/resource/Khartoum","PPort Sudan","http://dbpedia.org/resource/Port_Sudan"
"Suriname","http://dbpedia.org/resource/Suriname","Paramaribo","http://dbpedia.org/resource/Paramaribo","Paramaribo","http://dbpedia.org/resource/Paramaribo","Lelydorp","http://dbpedia.org/resource/Lelydorp"
"Svalbard and Jan Mayen (Norway)","http://dbpedia.org/resource/Svalbard_and_Jan_Mayen","Longyearbyen","http://dbpedia.org/resource/Longyearbyen","Longyearbyen","http://dbpedia.org/resource/Longyearbyen","Barentsburgg","http://dbpedia.org/resource/Barentsburg"
"Sweden","http://dbpedia.org/resource/Sweden","Stockholm","http://dbpedia.org/resource/Stockholm","Stockholm","http://dbpedia.org/resource/Stockholm","Gothenburg","http://dbpedia.org/resource/Gothenburg"
"Switzerland","http://dbpedia.org/resource/Switzerland","Bern","http://dbpedia.org/resource/Bern","Zürich","http://dbpedia.org/resource/Zürich","Genevaa","http://dbpedia.org/resource/Geneva"
"Syria","http://dbpedia.org/resource/Syria","Damascus","http://dbpedia.org/resource/Damascus","Aleppo","http://dbpedia.org/resource/Aleppo","Damaascus","http://dbpedia.org/resource/Damascus"
"Taiwan","http://dbpedia.org/resource/Taiwan","Taipei","http://dbpedia.org/resource/Taipei","New Taipei","http://dbpedia.org/resource/New_Taipei","Taichung","http://dbpedia.org/resource/Taichung"
"Taiwan","http://dbpedia.org/resource/Taiwan","Taipei","http://dbpedia.org/resource/Taipei","Greater Taipei","http://dbpedia.org/resource/Taipei–Keelung_metropolitan_area","Greater Kaohsiiung","http://dbpedia.org/resource/Kaohsiung_metropolitan_area"
"Tajikistan","http://dbpedia.org/resource/Tajikistan","Dushanbe","http://dbpedia.org/resource/Dushanbe","Dushanbe","http://dbpedia.org/resource/Dushanbe","Khujandd","http://dbpedia.org/resource/Khujand"
"Tanzania","http://dbpedia.org/resource/Tanzania","Dodoma","http://dbpedia.org/resource/Dodoma","Dar es Salaam","http://dbpedia.org/resource/Dar_es_Salaam","Mwannza","http://dbpedia.org/resource/Mwanza"
"Thailand","http://dbpedia.org/resource/Thailand","Bangkok","http://dbpedia.org/resource/Bangkok","Bangkok","http://dbpedia.org/resource/Bangkok","Nonthaburii","http://dbpedia.org/resource/Nonthaburi_(city)"
"Thailand","http://dbpedia.org/resource/Thailand","Bangkok","http://dbpedia.org/resource/Bangkok","Bangkok","http://dbpedia.org/resource/Bangkok","Pak Kret","http://dbpedia.org/resource/Pak_Kret"
"Togo","http://dbpedia.org/resource/Togo","Lomé","http://dbpedia.org/resource/Lomé","Lomé","http://dbpedia.org/resource/Lomé","Sokoodé","http://dbpedia.org/resource/Sokodé"
"Tokelau (New Zealand)","http://dbpedia.org/resource/Tokelau","","","Fakaofo","http://dbpedia.org/resource/Fakaofo","Atafu","http://dbpedia.org/resource/Atafu"
"Tonga","http://dbpedia.org/resource/Tonga","Nukuʻalofa","http://dbpedia.org/resource/Nukuʻalofa","Nukuʻalofa","http://dbpedia.org/resource/Nukuʻalofa","Neiafuu","http://dbpedia.org/resource/Neiafu_(Vava'u)"
"Transnistria (Moldova)","http://dbpedia.org/resource/Transnistria","Tiraspol","http://dbpedia.org/resource/Tiraspol","Tiraspol","http://dbpedia.org/resource/Tiraspol","Tighinaa","http://dbpedia.org/resource/Tighina"
"Trinidad and Tobago","http://dbpedia.org/resource/Trinidad_and_Tobago","Port of Spain","http://dbpedia.org/resource/Port_of_Spain","Chaguanas","http://dbpedia.org/resource/Chaguanas","SSan Fernando","http://dbpedia.org/resource/San_Fernando,_Trinidad_and_Tobago"
"Tunisia","http://dbpedia.org/resource/Tunisia","Tunis","http://dbpedia.org/resource/Tunis","Tunis","http://dbpedia.org/resource/Tunis","SSfax","http://dbpedia.org/resource/Sfax"
"Turkey","http://dbpedia.org/resource/Turkey","Ankara","http://dbpedia.org/resource/Ankara","Istanbul","http://dbpedia.org/resource/Istanbul","Ankara","http://dbpedia.org/resource/Ankara"
"Turkmenistan","http://dbpedia.org/resource/Turkmenistan","Ashgabat","http://dbpedia.org/resource/Ashgabat","Ashgabat","http://dbpedia.org/resource/Ashgabat","Türkmenabatt","http://dbpedia.org/resource/Türkmenabat"
"Turks and Caicos Islands (UK)","http://dbpedia.org/resource/Turks_and_Caicos_Islands","Cockburn Town","http://dbpedia.org/resource/Cockburn_Town","Five Cays","","Honda Road",""
"Tuvalu","http://dbpedia.org/resource/Tuvalu","Funafuti","http://dbpedia.org/resource/Funafuti","Funafuti","http://dbpedia.org/resource/Funafuti","Assau","http://dbpedia.org/resource/Asau_(Tuvalu)"
"Uganda","http://dbpedia.org/resource/Uganda","Kampala","http://dbpedia.org/resource/Kampala","Kampala","http://dbpedia.org/resource/Kampala","Guluu","http://dbpedia.org/resource/Gulu"
"Ukraine","http://dbpedia.org/resource/Ukraine","Kiev","http://dbpedia.org/resource/Kiev","Kiev","http://dbpedia.org/resource/Kiev","Kharkivv","http://dbpedia.org/resource/Kharkiv"
"Ukraine","http://dbpedia.org/resource/Ukraine","Kiev","http://dbpedia.org/resource/Kiev","Kiev","http://dbpedia.org/resource/Kiev","Doonetsk","http://dbpedia.org/resource/Donetsk"
"United Arab Emirates","http://dbpedia.org/resource/United_Arab_Emirates","Abu Dhabi","http://dbpedia.org/resource/Abu_Dhabi","Dubai","http://dbpedia.org/resource/Dubai","Abu Dhabi","http://dbpedia.org/resource/Abu_Dhabi"
"United Kingdom","http://dbpedia.org/resource/United_Kingdom","London","http://dbpedia.org/resource/London","London","http://dbpedia.org/resource/London","Birminghamm","http://dbpedia.org/resource/Birmingham"
"United States of America","http://dbpedia.org/resource/United_States","Washington, D.C.","http://dbpedia.org/resource/Washington,_D.C.","New York City","http://dbpedia.org/resource/New_York_City","Los Angeless","http://dbpedia.org/resource/Los_Angeles,_USA"
"Uruguay","http://dbpedia.org/resource/Uruguay","Montevideo","http://dbpedia.org/resource/Montevideo","Montevideo","http://dbpedia.org/resource/Montevideo","Ciudad de la Costaa","http://dbpedia.org/resource/Ciudad_de_la_Costa"
"Uruguay","http://dbpedia.org/resource/Uruguay","Montevideo","http://dbpedia.org/resource/Montevideo","Montevideo","http://dbpedia.org/resource/Montevideo","Maldonadoo","http://dbpedia.org/resource/Maldonado,_Uruguay"
"Uzbekistan","http://dbpedia.org/resource/Uzbekistan","Tashkent","http://dbpedia.org/resource/Tashkent","Tashkent","http://dbpedia.org/resource/Tashkent","Namangann","http://dbpedia.org/resource/Namangan"
"Vanuatu","http://dbpedia.org/resource/Vanuatu","Port Vila","http://dbpedia.org/resource/Port_Vila","Port Vila","http://dbpedia.org/resource/Port_Vila","Luganvillee","http://dbpedia.org/resource/Luganville"
"Vatican City","http://dbpedia.org/resource/Vatican_City","Vatican City","http://dbpedia.org/resource/Vatican_City","Vatican City","http://dbpedia.org/resource/Vatican_City","",""
"Venezuela","http://dbpedia.org/resource/Venezuela","Caracas","http://dbpedia.org/resource/Caracas","Caracas","http://dbpedia.org/resource/Caracas","Maracaiboo","http://dbpedia.org/resource/Maracaibo"
"Vietnam","http://dbpedia.org/resource/Vietnam","Hanoi","http://dbpedia.org/resource/Hanoi","Ho Chi Minh City","http://dbpedia.org/resource/Ho_Chi_Minh_City","Hanoii","http://dbpedia.org/resource/Hanoi"
"Virgin Islands, British (UK)","http://dbpedia.org/resource/British_Virgin_Islands","Road Town","http://dbpedia.org/resource/Road_Town","Road Town","http://dbpedia.org/resource/Road_Town","Spanish Townn","http://dbpedia.org/resource/Spanish_Town,_British_Virgin_Islands"
"Virgin Islands, United States (US)","http://dbpedia.org/resource/United_States_Virgin_Islands","Charlotte Amalie","http://dbpedia.org/resource/Charlotte_Amalie,_United_States_Virgin_Islands","Charlotte Amalie","http://dbpedia.org/resource/Charlotte_Amalie,_United_States_Virgin_Islands","Anna's Retreatt","http://dbpedia.org/resource/Anna's_Retreat,_United_States_Virgin_Islands"
"Wallis and Futuna (France)","http://dbpedia.org/resource/Wallis_and_Futuna","Mata-Utu","http://dbpedia.org/resource/Mata-Utu","Mata-Utu","http://dbpedia.org/resource/Mata-Utu","Alelle","http://dbpedia.org/resource/Alele"
"Western Sahara","http://dbpedia.org/resource/Western_Sahara","Laayoune","http://dbpedia.org/resource/Laayoune","Laayoune","http://dbpedia.org/resource/Laayoune","Dakhlaa","http://dbpedia.org/resource/Dakhla,_Western_Sahara"
"Yemen","http://dbpedia.org/resource/Yemen","Sana'a","http://dbpedia.org/resource/Sana'a","Sana'a","http://dbpedia.org/resource/Sana'a","Adeen","http://dbpedia.org/resource/Aden"
"Zambia","http://dbpedia.org/resource/Zambia","Lusaka","http://dbpedia.org/resource/Lusaka","Lusaka","http://dbpedia.org/resource/Lusaka","Kitwee","http://dbpedia.org/resource/Kitwe"
"Zimbabwe","http://dbpedia.org/resource/Zimbabwe","Harare","http://dbpedia.org/resource/Harare","Harare","http://dbpedia.org/resource/Harare","Bulawayo","http://dbpedia.org/resource/Bulawayo"
