"manufacturer","manufacturer__URI","manufacturerCountry","manufacturerCountry__URI","automobile","automobile__URI","assemblyPlace","assemblyPlace__URI","year","sold"
"Daimler AG","http://dbpedia.org/resource/Daimler_AG","Germanyy","http://dbpedia.org/resource/Germany","Chrysler Cirrus","http://dbpedia.org/resource/Chrysler_Cirrus","Sterling Heights, Michigan","http://dbpedia.org/resource/Sterling_Heights,_Michigan","1996","46355"
"Daimler AG","http://dbpedia.org/resource/Daimler_AG","Germanyy","http://dbpedia.org/resource/Germany","Chrysler Cirrus","http://dbpedia.org/resource/Chrysler_Cirrus","Sterling Heights, Michigan","http://dbpedia.org/resource/Sterling_Heights,_Michigan","1997","70549"
"Daimler AG","http://dbpedia.org/resource/Daimler_AG","Germanny","http://dbpedia.org/resource/Germany","Chrysler Cirrus","http://dbpedia.org/resource/Chrysler_Cirrus","Sterling Heights, Michigan","http://dbpedia.org/resource/Sterling_Heights,_Michigan","1998","66620"
"Daimler AG","http://dbpedia.org/resource/Daimler_AG","Germanyy","http://dbpedia.org/resource/Germany","Chrysler Cirrus","http://dbpedia.org/resource/Chrysler_Cirrus","Sterling Heights, Michigan","http://dbpedia.org/resource/Sterling_Heights,_Michigan","1999","47911"
"Daimler AG","http://dbpedia.org/resource/Daimler_AG","Germanny","http://dbpedia.org/resource/Germany","Chrysler Cirrus","http://dbpedia.org/resource/Chrysler_Cirrus","Sterling Heights, Michigan","http://dbpedia.org/resource/Sterling_Heights,_Michigan","2000","2030"
"General Motors","http://dbpedia.org/resource/General_Motors","Unnited States","http://dbpedia.org/resource/United_States","Pontiac Aztek","http://dbpedia.org/resource/Pontiac_Aztek","Ramos Arizpe","http://dbpedia.org/resource/Ramos_Arizpe","2000","11201"
"General Motors","http://dbpedia.org/resource/General_Motors","United Statess","http://dbpedia.org/resource/United_States","Pontiac Aztek","http://dbpedia.org/resource/Pontiac_Aztek","Ramos Arizpe","http://dbpedia.org/resource/Ramos_Arizpe","2001","27322"
"General Motors","http://dbpedia.org/resource/General_Motors","United Statess","http://dbpedia.org/resource/United_States","Buick Rendezvous","http://dbpedia.org/resource/Buick_Rendezvous","Ramos Arizpe","http://dbpedia.org/resource/Ramos_Arizpe","2001","31754"
"General Motors","http://dbpedia.org/resource/General_Motors","United Statess","http://dbpedia.org/resource/United_States","Buick Rendezvous","http://dbpedia.org/resource/Buick_Rendezvous","Ramos Arizpe","http://dbpedia.org/resource/Ramos_Arizpe","2002","61468"
"General Motors","http://dbpedia.org/resource/General_Motors","United Statess","http://dbpedia.org/resource/United_States","Pontiac Aztek","http://dbpedia.org/resource/Pontiac_Aztek","Ramos Arizpe","http://dbpedia.org/resource/Ramos_Arizpe","2002","27793"
"General Motors","http://dbpedia.org/resource/General_Motors","United States","http://dbpedia.org/resource/United_States","Pontiac Aztek","http://dbpedia.org/resource/Pontiac_Aztek","Ramos Arizpe","http://dbpedia.org/resource/Ramos_Arizpe","2003","27354"
"General Motors","http://dbpedia.org/resource/General_Motors","United States","http://dbpedia.org/resource/United_States","Buick Rendezvous","http://dbpedia.org/resource/Buick_Rendezvous","Ramos Arizpe","http://dbpedia.org/resource/Ramos_Arizpe","2003","72643"
"Daimler AG","http://dbpedia.org/resource/Daimler_AG","Germmany","http://dbpedia.org/resource/Germany","Mercedes-Benz E-Class (W211)","http://dbpedia.org/resource/Mercedes-Benz_E-Class_(W211)","Graz","http://dbpedia.org/resource/Graz","2003","55683"
"Daimler AG","http://dbpedia.org/resource/Daimler_AG","Germany","http://dbpedia.org/resource/Germany","Mercedes-Benz E-Class (W211)","http://dbpedia.org/resource/Mercedes-Benz_E-Class_(W211)","Pekan District","http://dbpedia.org/resource/Pekan_District","2003","55683"
"Daimler AG","http://dbpedia.org/resource/Daimler_AG","Geermany","http://dbpedia.org/resource/Germany","Mercedes-Benz E-Class (W211)","http://dbpedia.org/resource/Mercedes-Benz_E-Class_(W211)","Tehran","http://dbpedia.org/resource/Tehran","2003","55683"
"Daimler AG","http://dbpedia.org/resource/Daimler_AG","Germany","http://dbpedia.org/resource/Germany","Mercedes-Benz E-Class (W211)","http://dbpedia.org/resource/Mercedes-Benz_E-Class_(W211)","Bogor","http://dbpedia.org/resource/Bogor","2003","55683"
"Daimler AG","http://dbpedia.org/resource/Daimler_AG","GGermany","http://dbpedia.org/resource/Germany","Mercedes-Benz E-Class (W211)","http://dbpedia.org/resource/Mercedes-Benz_E-Class_(W211)","6th of October City","http://dbpedia.org/resource/6th_of_October_City","2003","55683"
"Daimler AG","http://dbpedia.org/resource/Daimler_AG","Germanyy","http://dbpedia.org/resource/Germany","Mercedes-Benz E-Class (W211)","http://dbpedia.org/resource/Mercedes-Benz_E-Class_(W211)","Johor Bahru","http://dbpedia.org/resource/Johor_Bahru","2003","55683"
"Daimler AG","http://dbpedia.org/resource/Daimler_AG","Germanyy","http://dbpedia.org/resource/Germany","Mercedes-Benz E-Class (W211)","http://dbpedia.org/resource/Mercedes-Benz_E-Class_(W211)","Santiago Tianguistenco","http://dbpedia.org/resource/Santiago_Tianguistenco","2003","55683"
"Peugeot","http://dbpedia.org/resource/Peugeot","Francee","http://dbpedia.org/resource/France","Peugeot 206","http://dbpedia.org/resource/Peugeot_206","Kuala Lumpur","http://dbpedia.org/resource/Kuala_Lumpur","2004","795000"
"Peugeot","http://dbpedia.org/resource/Peugeot","Francee","http://dbpedia.org/resource/France","Peugeot 206","http://dbpedia.org/resource/Peugeot_206","Jakarta","http://dbpedia.org/resource/Jakarta","2004","795000"
"Peugeot","http://dbpedia.org/resource/Peugeot","Francee","http://dbpedia.org/resource/France","Peugeot 206","http://dbpedia.org/resource/Peugeot_206","Tehran","http://dbpedia.org/resource/Tehran","2004","795000"
"Peugeot","http://dbpedia.org/resource/Peugeot","Francce","http://dbpedia.org/resource/France","Peugeot 206","http://dbpedia.org/resource/Peugeot_206","Buenos Aires","http://dbpedia.org/resource/Buenos_Aires","2004","795000"
"Peugeot","http://dbpedia.org/resource/Peugeot","France","http://dbpedia.org/resource/France","Peugeot 206","http://dbpedia.org/resource/Peugeot_206","Ryton-on-Dunsmore","http://dbpedia.org/resource/Ryton-on-Dunsmore","2004","795000"
"Peugeot","http://dbpedia.org/resource/Peugeot","Francee","http://dbpedia.org/resource/France","Peugeot 206","http://dbpedia.org/resource/Peugeot_206","Los Andes, Chile","http://dbpedia.org/resource/Los_Andes,_Chile","2004","795000"
"Peugeot","http://dbpedia.org/resource/Peugeot","France","http://dbpedia.org/resource/France","Peugeot 206","http://dbpedia.org/resource/Peugeot_206","Barra de Carrasco","http://dbpedia.org/resource/Barra_de_Carrasco","2004","795000"
"Peugeot","http://dbpedia.org/resource/Peugeot","Francce","http://dbpedia.org/resource/France","Peugeot 307","http://dbpedia.org/resource/Peugeot_307","El Palomar, Buenos Aires","http://dbpedia.org/resource/El_Palomar,_Buenos_Aires","2004","583700"
"Peugeot","http://dbpedia.org/resource/Peugeot","Frrance","http://dbpedia.org/resource/France","Peugeot 307","http://dbpedia.org/resource/Peugeot_307","Villa Bosch","http://dbpedia.org/resource/Villa_Bosch","2004","583700"
"Ford Motor Company","http://dbpedia.org/resource/Ford_Motor_Company","United Statess","http://dbpedia.org/resource/United_States","Ford Five Hundred","http://dbpedia.org/resource/Ford_Five_Hundred","Chicago","http://dbpedia.org/resource/Chicago","2004","14106"
"General Motors","http://dbpedia.org/resource/General_Motors","United States","http://dbpedia.org/resource/United_States","Pontiac Aztek","http://dbpedia.org/resource/Pontiac_Aztek","Ramos Arizpe","http://dbpedia.org/resource/Ramos_Arizpe","2004","20588"
"General Motors","http://dbpedia.org/resource/General_Motors","United Statess","http://dbpedia.org/resource/United_States","Buick Rendezvous","http://dbpedia.org/resource/Buick_Rendezvous","Ramos Arizpe","http://dbpedia.org/resource/Ramos_Arizpe","2004","60039"
"Cadillac","http://dbpedia.org/resource/Cadillac","United Statess","http://dbpedia.org/resource/United_States","Cadillac STS","http://dbpedia.org/resource/Cadillac_STS","Kaliningrad","http://dbpedia.org/resource/Kaliningrad","2004","9484"
"Cadillac","http://dbpedia.org/resource/Cadillac","United Staates","http://dbpedia.org/resource/United_States","Cadillac STS","http://dbpedia.org/resource/Cadillac_STS","Kaliningrad Oblast","http://dbpedia.org/resource/Kaliningrad_Oblast","2004","9484"
"Daimler AG","http://dbpedia.org/resource/Daimler_AG","Germany","http://dbpedia.org/resource/Germany","Mercedes-Benz E-Class (W211)","http://dbpedia.org/resource/Mercedes-Benz_E-Class_(W211)","Tehran","http://dbpedia.org/resource/Tehran","2004","58954"
"Daimler AG","http://dbpedia.org/resource/Daimler_AG","Germanyy","http://dbpedia.org/resource/Germany","Mercedes-Benz E-Class (W211)","http://dbpedia.org/resource/Mercedes-Benz_E-Class_(W211)","Pekan District","http://dbpedia.org/resource/Pekan_District","2004","58954"
"Daimler AG","http://dbpedia.org/resource/Daimler_AG","Germanyy","http://dbpedia.org/resource/Germany","Mercedes-Benz E-Class (W211)","http://dbpedia.org/resource/Mercedes-Benz_E-Class_(W211)","Graz","http://dbpedia.org/resource/Graz","2004","58954"
"Daimler AG","http://dbpedia.org/resource/Daimler_AG","Germanyy","http://dbpedia.org/resource/Germany","Mercedes-Benz E-Class (W211)","http://dbpedia.org/resource/Mercedes-Benz_E-Class_(W211)","6th of October City","http://dbpedia.org/resource/6th_of_October_City","2004","58954"
"Daimler AG","http://dbpedia.org/resource/Daimler_AG","Germanyy","http://dbpedia.org/resource/Germany","Mercedes-Benz E-Class (W211)","http://dbpedia.org/resource/Mercedes-Benz_E-Class_(W211)","Bogor","http://dbpedia.org/resource/Bogor","2004","58954"
"Daimler AG","http://dbpedia.org/resource/Daimler_AG","Germmany","http://dbpedia.org/resource/Germany","Mercedes-Benz E-Class (W211)","http://dbpedia.org/resource/Mercedes-Benz_E-Class_(W211)","Johor Bahru","http://dbpedia.org/resource/Johor_Bahru","2004","58954"
"Daimler AG","http://dbpedia.org/resource/Daimler_AG","Geermany","http://dbpedia.org/resource/Germany","Mercedes-Benz E-Class (W211)","http://dbpedia.org/resource/Mercedes-Benz_E-Class_(W211)","Santiago Tianguistenco","http://dbpedia.org/resource/Santiago_Tianguistenco","2004","58954"
"Peugeot","http://dbpedia.org/resource/Peugeot","Francee","http://dbpedia.org/resource/France","Peugeot 206","http://dbpedia.org/resource/Peugeot_206","Jakarta","http://dbpedia.org/resource/Jakarta","2005","676500"
"Peugeot","http://dbpedia.org/resource/Peugeot","Frannce","http://dbpedia.org/resource/France","Peugeot 206","http://dbpedia.org/resource/Peugeot_206","Kuala Lumpur","http://dbpedia.org/resource/Kuala_Lumpur","2005","676500"
"Peugeot","http://dbpedia.org/resource/Peugeot","Francee","http://dbpedia.org/resource/France","Peugeot 206","http://dbpedia.org/resource/Peugeot_206","Tehran","http://dbpedia.org/resource/Tehran","2005","676500"
"Peugeot","http://dbpedia.org/resource/Peugeot","France","http://dbpedia.org/resource/France","Peugeot 206","http://dbpedia.org/resource/Peugeot_206","Buenos Aires","http://dbpedia.org/resource/Buenos_Aires","2005","676500"
"Mercedes-Benz","http://dbpedia.org/resource/Mercedes-Benz","Germanyy","http://dbpedia.org/resource/Germany","Mercedes-Benz R-Class","http://dbpedia.org/resource/Mercedes-Benz_R-Class","Vance, Alabama","http://dbpedia.org/resource/Vance,_Alabama","2005","4959"
"Peugeot","http://dbpedia.org/resource/Peugeot","Francee","http://dbpedia.org/resource/France","Peugeot 107","http://dbpedia.org/resource/Peugeot_107","Kolín","http://dbpedia.org/resource/Kolín","2005","34600"
"Peugeot","http://dbpedia.org/resource/Peugeot","Frrance","http://dbpedia.org/resource/France","Peugeot 206","http://dbpedia.org/resource/Peugeot_206","Ryton-on-Dunsmore","http://dbpedia.org/resource/Ryton-on-Dunsmore","2005","676500"
"Peugeot","http://dbpedia.org/resource/Peugeot","Frrance","http://dbpedia.org/resource/France","Peugeot 206","http://dbpedia.org/resource/Peugeot_206","Los Andes, Chile","http://dbpedia.org/resource/Los_Andes,_Chile","2005","676500"
"Peugeot","http://dbpedia.org/resource/Peugeot","FFrance","http://dbpedia.org/resource/France","Peugeot 307","http://dbpedia.org/resource/Peugeot_307","Villa Bosch","http://dbpedia.org/resource/Villa_Bosch","2005","520400"
"Peugeot","http://dbpedia.org/resource/Peugeot","Francee","http://dbpedia.org/resource/France","Peugeot 206","http://dbpedia.org/resource/Peugeot_206","Barra de Carrasco","http://dbpedia.org/resource/Barra_de_Carrasco","2005","676500"
"Peugeot","http://dbpedia.org/resource/Peugeot","Francce","http://dbpedia.org/resource/France","Peugeot 307","http://dbpedia.org/resource/Peugeot_307","El Palomar, Buenos Aires","http://dbpedia.org/resource/El_Palomar,_Buenos_Aires","2005","520400"
"Ford Motor Company","http://dbpedia.org/resource/Ford_Motor_Company","United Statees","http://dbpedia.org/resource/United_States","Ford Five Hundred","http://dbpedia.org/resource/Ford_Five_Hundred","Chicago","http://dbpedia.org/resource/Chicago","2005","107932"
"General Motors","http://dbpedia.org/resource/General_Motors","Unnited States","http://dbpedia.org/resource/United_States","Buick Rendezvous","http://dbpedia.org/resource/Buick_Rendezvous","Ramos Arizpe","http://dbpedia.org/resource/Ramos_Arizpe","2005","60589"
"General Motors","http://dbpedia.org/resource/General_Motors","United States","http://dbpedia.org/resource/United_States","Pontiac Aztek","http://dbpedia.org/resource/Pontiac_Aztek","Ramos Arizpe","http://dbpedia.org/resource/Ramos_Arizpe","2005","5020"
"Cadillac","http://dbpedia.org/resource/Cadillac","United Statess","http://dbpedia.org/resource/United_States","Cadillac STS","http://dbpedia.org/resource/Cadillac_STS","Kaliningrad","http://dbpedia.org/resource/Kaliningrad","2005","33497"
"Cadillac","http://dbpedia.org/resource/Cadillac","United States","http://dbpedia.org/resource/United_States","Cadillac STS","http://dbpedia.org/resource/Cadillac_STS","Kaliningrad Oblast","http://dbpedia.org/resource/Kaliningrad_Oblast","2005","33497"
"Lincoln Motor Company","http://dbpedia.org/resource/Lincoln_Motor_Company","Uniited States","http://dbpedia.org/resource/United_States","Lincoln Mark LT","http://dbpedia.org/resource/Lincoln_Mark_LT","Cuautitlán","http://dbpedia.org/resource/Cuautitlán","2005","10274"
"Daimler AG","http://dbpedia.org/resource/Daimler_AG","GGermany","http://dbpedia.org/resource/Germany","Mercedes-Benz E-Class (W211)","http://dbpedia.org/resource/Mercedes-Benz_E-Class_(W211)","Graz","http://dbpedia.org/resource/Graz","2005","50383"
"Daimler AG","http://dbpedia.org/resource/Daimler_AG","Geermany","http://dbpedia.org/resource/Germany","Mercedes-Benz E-Class (W211)","http://dbpedia.org/resource/Mercedes-Benz_E-Class_(W211)","Pekan District","http://dbpedia.org/resource/Pekan_District","2005","50383"
"Daimler AG","http://dbpedia.org/resource/Daimler_AG","Gerrmany","http://dbpedia.org/resource/Germany","Mercedes-Benz E-Class (W211)","http://dbpedia.org/resource/Mercedes-Benz_E-Class_(W211)","Tehran","http://dbpedia.org/resource/Tehran","2005","50383"
"Daimler AG","http://dbpedia.org/resource/Daimler_AG","Germmany","http://dbpedia.org/resource/Germany","Mercedes-Benz E-Class (W211)","http://dbpedia.org/resource/Mercedes-Benz_E-Class_(W211)","Johor Bahru","http://dbpedia.org/resource/Johor_Bahru","2005","50383"
"Daimler AG","http://dbpedia.org/resource/Daimler_AG","Germany","http://dbpedia.org/resource/Germany","Mercedes-Benz E-Class (W211)","http://dbpedia.org/resource/Mercedes-Benz_E-Class_(W211)","6th of October City","http://dbpedia.org/resource/6th_of_October_City","2005","50383"
"Daimler AG","http://dbpedia.org/resource/Daimler_AG","Germanyy","http://dbpedia.org/resource/Germany","Mercedes-Benz E-Class (W211)","http://dbpedia.org/resource/Mercedes-Benz_E-Class_(W211)","Bogor","http://dbpedia.org/resource/Bogor","2005","50383"
"Daimler AG","http://dbpedia.org/resource/Daimler_AG","Germany","http://dbpedia.org/resource/Germany","Mercedes-Benz E-Class (W211)","http://dbpedia.org/resource/Mercedes-Benz_E-Class_(W211)","Santiago Tianguistenco","http://dbpedia.org/resource/Santiago_Tianguistenco","2005","50383"
"Peugeot","http://dbpedia.org/resource/Peugeot","Fraance","http://dbpedia.org/resource/France","Peugeot 206","http://dbpedia.org/resource/Peugeot_206","Jakarta","http://dbpedia.org/resource/Jakarta","2006","475100"
"Peugeot","http://dbpedia.org/resource/Peugeot","France","http://dbpedia.org/resource/France","Peugeot 206","http://dbpedia.org/resource/Peugeot_206","Kuala Lumpur","http://dbpedia.org/resource/Kuala_Lumpur","2006","475100"
"Peugeot","http://dbpedia.org/resource/Peugeot","Francee","http://dbpedia.org/resource/France","Peugeot 206","http://dbpedia.org/resource/Peugeot_206","Tehran","http://dbpedia.org/resource/Tehran","2006","475100"
"Peugeot","http://dbpedia.org/resource/Peugeot","France","http://dbpedia.org/resource/France","Peugeot 206","http://dbpedia.org/resource/Peugeot_206","Buenos Aires","http://dbpedia.org/resource/Buenos_Aires","2006","475100"
"Mercedes-Benz","http://dbpedia.org/resource/Mercedes-Benz","Germanyy","http://dbpedia.org/resource/Germany","Mercedes-Benz R-Class","http://dbpedia.org/resource/Mercedes-Benz_R-Class","Vance, Alabama","http://dbpedia.org/resource/Vance,_Alabama","2006","18168"
"Peugeot","http://dbpedia.org/resource/Peugeot","Francee","http://dbpedia.org/resource/France","Peugeot 107","http://dbpedia.org/resource/Peugeot_107","Kolín","http://dbpedia.org/resource/Kolín","2006","101700"
"Peugeot","http://dbpedia.org/resource/Peugeot","France","http://dbpedia.org/resource/France","Peugeot 206","http://dbpedia.org/resource/Peugeot_206","Ryton-on-Dunsmore","http://dbpedia.org/resource/Ryton-on-Dunsmore","2006","475100"
"Peugeot","http://dbpedia.org/resource/Peugeot","France","http://dbpedia.org/resource/France","Peugeot 206","http://dbpedia.org/resource/Peugeot_206","Los Andes, Chile","http://dbpedia.org/resource/Los_Andes,_Chile","2006","475100"
"Peugeot","http://dbpedia.org/resource/Peugeot","Frannce","http://dbpedia.org/resource/France","Peugeot 206","http://dbpedia.org/resource/Peugeot_206","Barra de Carrasco","http://dbpedia.org/resource/Barra_de_Carrasco","2006","475100"
"Ford Motor Company","http://dbpedia.org/resource/Ford_Motor_Company","United Statess","http://dbpedia.org/resource/United_States","Ford Five Hundred","http://dbpedia.org/resource/Ford_Five_Hundred","Chicago","http://dbpedia.org/resource/Chicago","2006","84218"
"Peugeot","http://dbpedia.org/resource/Peugeot","France","http://dbpedia.org/resource/France","Peugeot 307","http://dbpedia.org/resource/Peugeot_307","Villa Bosch","http://dbpedia.org/resource/Villa_Bosch","2006","447000"
"Peugeot","http://dbpedia.org/resource/Peugeot","Francee","http://dbpedia.org/resource/France","Peugeot 307","http://dbpedia.org/resource/Peugeot_307","El Palomar, Buenos Aires","http://dbpedia.org/resource/El_Palomar,_Buenos_Aires","2006","447000"
"General Motors","http://dbpedia.org/resource/General_Motors","United Statess","http://dbpedia.org/resource/United_States","Pontiac Aztek","http://dbpedia.org/resource/Pontiac_Aztek","Ramos Arizpe","http://dbpedia.org/resource/Ramos_Arizpe","2006","347"
"General Motors","http://dbpedia.org/resource/General_Motors","United States","http://dbpedia.org/resource/United_States","Buick Rendezvous","http://dbpedia.org/resource/Buick_Rendezvous","Ramos Arizpe","http://dbpedia.org/resource/Ramos_Arizpe","2006","45954"
"Cadillac","http://dbpedia.org/resource/Cadillac","United States","http://dbpedia.org/resource/United_States","Cadillac STS","http://dbpedia.org/resource/Cadillac_STS","Kaliningrad Oblast","http://dbpedia.org/resource/Kaliningrad_Oblast","2006","25676"
"Cadillac","http://dbpedia.org/resource/Cadillac","United States","http://dbpedia.org/resource/United_States","Cadillac STS","http://dbpedia.org/resource/Cadillac_STS","Kaliningrad","http://dbpedia.org/resource/Kaliningrad","2006","25676"
"Lincoln Motor Company","http://dbpedia.org/resource/Lincoln_Motor_Company","United Sttates","http://dbpedia.org/resource/United_States","Lincoln Mark LT","http://dbpedia.org/resource/Lincoln_Mark_LT","Cuautitlán","http://dbpedia.org/resource/Cuautitlán","2006","12753"
"Daimler AG","http://dbpedia.org/resource/Daimler_AG","Germaany","http://dbpedia.org/resource/Germany","Mercedes-Benz E-Class (W211)","http://dbpedia.org/resource/Mercedes-Benz_E-Class_(W211)","Pekan District","http://dbpedia.org/resource/Pekan_District","2006","50195"
"Daimler AG","http://dbpedia.org/resource/Daimler_AG","Germanyy","http://dbpedia.org/resource/Germany","Mercedes-Benz E-Class (W211)","http://dbpedia.org/resource/Mercedes-Benz_E-Class_(W211)","Graz","http://dbpedia.org/resource/Graz","2006","50195"
"Daimler AG","http://dbpedia.org/resource/Daimler_AG","Germany","http://dbpedia.org/resource/Germany","Mercedes-Benz E-Class (W211)","http://dbpedia.org/resource/Mercedes-Benz_E-Class_(W211)","Tehran","http://dbpedia.org/resource/Tehran","2006","50195"
"Daimler AG","http://dbpedia.org/resource/Daimler_AG","Germany","http://dbpedia.org/resource/Germany","Mercedes-Benz E-Class (W211)","http://dbpedia.org/resource/Mercedes-Benz_E-Class_(W211)","6th of October City","http://dbpedia.org/resource/6th_of_October_City","2006","50195"
"Daimler AG","http://dbpedia.org/resource/Daimler_AG","Germanyy","http://dbpedia.org/resource/Germany","Mercedes-Benz E-Class (W211)","http://dbpedia.org/resource/Mercedes-Benz_E-Class_(W211)","Johor Bahru","http://dbpedia.org/resource/Johor_Bahru","2006","50195"
"Daimler AG","http://dbpedia.org/resource/Daimler_AG","Germany","http://dbpedia.org/resource/Germany","Mercedes-Benz E-Class (W211)","http://dbpedia.org/resource/Mercedes-Benz_E-Class_(W211)","Bogor","http://dbpedia.org/resource/Bogor","2006","50195"
"Daimler AG","http://dbpedia.org/resource/Daimler_AG","Germanyy","http://dbpedia.org/resource/Germany","Mercedes-Benz E-Class (W211)","http://dbpedia.org/resource/Mercedes-Benz_E-Class_(W211)","Santiago Tianguistenco","http://dbpedia.org/resource/Santiago_Tianguistenco","2006","50195"
"Peugeot","http://dbpedia.org/resource/Peugeot","Francee","http://dbpedia.org/resource/France","Peugeot 206","http://dbpedia.org/resource/Peugeot_206","Kuala Lumpur","http://dbpedia.org/resource/Kuala_Lumpur","2007","308200"
"Peugeot","http://dbpedia.org/resource/Peugeot","Francee","http://dbpedia.org/resource/France","Peugeot 206","http://dbpedia.org/resource/Peugeot_206","Jakarta","http://dbpedia.org/resource/Jakarta","2007","308200"
"Peugeot","http://dbpedia.org/resource/Peugeot","France","http://dbpedia.org/resource/France","Peugeot 206","http://dbpedia.org/resource/Peugeot_206","Tehran","http://dbpedia.org/resource/Tehran","2007","308200"
"Peugeot","http://dbpedia.org/resource/Peugeot","Francce","http://dbpedia.org/resource/France","Peugeot 206","http://dbpedia.org/resource/Peugeot_206","Buenos Aires","http://dbpedia.org/resource/Buenos_Aires","2007","308200"
"Mercedes-Benz","http://dbpedia.org/resource/Mercedes-Benz","Germanyy","http://dbpedia.org/resource/Germany","Mercedes-Benz R-Class","http://dbpedia.org/resource/Mercedes-Benz_R-Class","Vance, Alabama","http://dbpedia.org/resource/Vance,_Alabama","2007","13031"
"Peugeot","http://dbpedia.org/resource/Peugeot","Francee","http://dbpedia.org/resource/France","Peugeot 107","http://dbpedia.org/resource/Peugeot_107","Kolín","http://dbpedia.org/resource/Kolín","2007","104400"
"Peugeot","http://dbpedia.org/resource/Peugeot","Francee","http://dbpedia.org/resource/France","Peugeot 206","http://dbpedia.org/resource/Peugeot_206","Ryton-on-Dunsmore","http://dbpedia.org/resource/Ryton-on-Dunsmore","2007","308200"
"Peugeot","http://dbpedia.org/resource/Peugeot","Francee","http://dbpedia.org/resource/France","Peugeot 206","http://dbpedia.org/resource/Peugeot_206","Los Andes, Chile","http://dbpedia.org/resource/Los_Andes,_Chile","2007","308200"
"Peugeot","http://dbpedia.org/resource/Peugeot","France","http://dbpedia.org/resource/France","Peugeot 206","http://dbpedia.org/resource/Peugeot_206","Barra de Carrasco","http://dbpedia.org/resource/Barra_de_Carrasco","2007","308200"
"Ford Motor Company","http://dbpedia.org/resource/Ford_Motor_Company","United States","http://dbpedia.org/resource/United_States","Ford Five Hundred","http://dbpedia.org/resource/Ford_Five_Hundred","Chicago","http://dbpedia.org/resource/Chicago","2007","35146"
"Peugeot","http://dbpedia.org/resource/Peugeot","Francee","http://dbpedia.org/resource/France","Peugeot 307","http://dbpedia.org/resource/Peugeot_307","Villa Bosch","http://dbpedia.org/resource/Villa_Bosch","2007","369100"
"Peugeot","http://dbpedia.org/resource/Peugeot","Francee","http://dbpedia.org/resource/France","Peugeot 307","http://dbpedia.org/resource/Peugeot_307","El Palomar, Buenos Aires","http://dbpedia.org/resource/El_Palomar,_Buenos_Aires","2007","369100"
"General Motors","http://dbpedia.org/resource/General_Motors","United States","http://dbpedia.org/resource/United_States","Buick Rendezvous","http://dbpedia.org/resource/Buick_Rendezvous","Ramos Arizpe","http://dbpedia.org/resource/Ramos_Arizpe","2007","15295"
"General Motors","http://dbpedia.org/resource/General_Motors","United Statess","http://dbpedia.org/resource/United_States","Pontiac Aztek","http://dbpedia.org/resource/Pontiac_Aztek","Ramos Arizpe","http://dbpedia.org/resource/Ramos_Arizpe","2007","69"
"Cadillac","http://dbpedia.org/resource/Cadillac","United Statess","http://dbpedia.org/resource/United_States","Cadillac STS","http://dbpedia.org/resource/Cadillac_STS","Kaliningrad Oblast","http://dbpedia.org/resource/Kaliningrad_Oblast","2007","20873"
"Cadillac","http://dbpedia.org/resource/Cadillac","United Statess","http://dbpedia.org/resource/United_States","Cadillac STS","http://dbpedia.org/resource/Cadillac_STS","Kaliningrad","http://dbpedia.org/resource/Kaliningrad","2007","20873"
"Lincoln Motor Company","http://dbpedia.org/resource/Lincoln_Motor_Company","United Sttates","http://dbpedia.org/resource/United_States","Lincoln Mark LT","http://dbpedia.org/resource/Lincoln_Mark_LT","Cuautitlán","http://dbpedia.org/resource/Cuautitlán","2007","8382"
"Daimler AG","http://dbpedia.org/resource/Daimler_AG","Germanyy","http://dbpedia.org/resource/Germany","Mercedes-Benz E-Class (W211)","http://dbpedia.org/resource/Mercedes-Benz_E-Class_(W211)","Pekan District","http://dbpedia.org/resource/Pekan_District","2007","48950"
"Daimler AG","http://dbpedia.org/resource/Daimler_AG","Germaany","http://dbpedia.org/resource/Germany","Mercedes-Benz E-Class (W211)","http://dbpedia.org/resource/Mercedes-Benz_E-Class_(W211)","Graz","http://dbpedia.org/resource/Graz","2007","48950"
"Daimler AG","http://dbpedia.org/resource/Daimler_AG","Germany","http://dbpedia.org/resource/Germany","Mercedes-Benz E-Class (W211)","http://dbpedia.org/resource/Mercedes-Benz_E-Class_(W211)","Johor Bahru","http://dbpedia.org/resource/Johor_Bahru","2007","48950"
"Daimler AG","http://dbpedia.org/resource/Daimler_AG","GGermany","http://dbpedia.org/resource/Germany","Mercedes-Benz E-Class (W211)","http://dbpedia.org/resource/Mercedes-Benz_E-Class_(W211)","Bogor","http://dbpedia.org/resource/Bogor","2007","48950"
"Daimler AG","http://dbpedia.org/resource/Daimler_AG","Germanyy","http://dbpedia.org/resource/Germany","Mercedes-Benz E-Class (W211)","http://dbpedia.org/resource/Mercedes-Benz_E-Class_(W211)","6th of October City","http://dbpedia.org/resource/6th_of_October_City","2007","48950"
"Daimler AG","http://dbpedia.org/resource/Daimler_AG","Gerrmany","http://dbpedia.org/resource/Germany","Mercedes-Benz E-Class (W211)","http://dbpedia.org/resource/Mercedes-Benz_E-Class_(W211)","Tehran","http://dbpedia.org/resource/Tehran","2007","48950"
"Daimler AG","http://dbpedia.org/resource/Daimler_AG","Germanyy","http://dbpedia.org/resource/Germany","Mercedes-Benz E-Class (W211)","http://dbpedia.org/resource/Mercedes-Benz_E-Class_(W211)","Santiago Tianguistenco","http://dbpedia.org/resource/Santiago_Tianguistenco","2007","48950"
"Peugeot","http://dbpedia.org/resource/Peugeot","Francee","http://dbpedia.org/resource/France","Peugeot 4007","http://dbpedia.org/resource/Peugeot_4007","Okazaki, Aichi","http://dbpedia.org/resource/Okazaki,_Aichi","2007","6300"
"Peugeot","http://dbpedia.org/resource/Peugeot","France","http://dbpedia.org/resource/France","Peugeot 4007","http://dbpedia.org/resource/Peugeot_4007","Kaluga","http://dbpedia.org/resource/Kaluga","2007","6300"
"Citroën","http://dbpedia.org/resource/Citroën","France","http://dbpedia.org/resource/France","Citroën C3 Picasso","http://dbpedia.org/resource/Citroën_C3_Picasso","Trnava","http://dbpedia.org/resource/Trnava","2008","0"
"Peugeot","http://dbpedia.org/resource/Peugeot","Francee","http://dbpedia.org/resource/France","Peugeot 206","http://dbpedia.org/resource/Peugeot_206","Kuala Lumpur","http://dbpedia.org/resource/Kuala_Lumpur","2008","292300"
"Peugeot","http://dbpedia.org/resource/Peugeot","France","http://dbpedia.org/resource/France","Peugeot 206","http://dbpedia.org/resource/Peugeot_206","Jakarta","http://dbpedia.org/resource/Jakarta","2008","292300"
"Peugeot","http://dbpedia.org/resource/Peugeot","Francee","http://dbpedia.org/resource/France","Peugeot 206","http://dbpedia.org/resource/Peugeot_206","Tehran","http://dbpedia.org/resource/Tehran","2008","292300"
"Peugeot","http://dbpedia.org/resource/Peugeot","Francee","http://dbpedia.org/resource/France","Peugeot 206","http://dbpedia.org/resource/Peugeot_206","Buenos Aires","http://dbpedia.org/resource/Buenos_Aires","2008","292300"
"Mercedes-Benz","http://dbpedia.org/resource/Mercedes-Benz","Germany","http://dbpedia.org/resource/Germany","Mercedes-Benz R-Class","http://dbpedia.org/resource/Mercedes-Benz_R-Class","Vance, Alabama","http://dbpedia.org/resource/Vance,_Alabama","2008","7733"
"Peugeot","http://dbpedia.org/resource/Peugeot","Francee","http://dbpedia.org/resource/France","Peugeot 107","http://dbpedia.org/resource/Peugeot_107","Kolín","http://dbpedia.org/resource/Kolín","2008","106500"
"Peugeot","http://dbpedia.org/resource/Peugeot","Francee","http://dbpedia.org/resource/France","Peugeot 206","http://dbpedia.org/resource/Peugeot_206","Ryton-on-Dunsmore","http://dbpedia.org/resource/Ryton-on-Dunsmore","2008","292300"
"Peugeot","http://dbpedia.org/resource/Peugeot","Francee","http://dbpedia.org/resource/France","Peugeot 206","http://dbpedia.org/resource/Peugeot_206","Los Andes, Chile","http://dbpedia.org/resource/Los_Andes,_Chile","2008","292300"
"Peugeot","http://dbpedia.org/resource/Peugeot","Frannce","http://dbpedia.org/resource/France","Peugeot 206","http://dbpedia.org/resource/Peugeot_206","Barra de Carrasco","http://dbpedia.org/resource/Barra_de_Carrasco","2008","292300"
"Peugeot","http://dbpedia.org/resource/Peugeot","Frannce","http://dbpedia.org/resource/France","Peugeot 307","http://dbpedia.org/resource/Peugeot_307","Villa Bosch","http://dbpedia.org/resource/Villa_Bosch","2008","142300"
"Peugeot","http://dbpedia.org/resource/Peugeot","Francee","http://dbpedia.org/resource/France","Peugeot 307","http://dbpedia.org/resource/Peugeot_307","El Palomar, Buenos Aires","http://dbpedia.org/resource/El_Palomar,_Buenos_Aires","2008","142300"
"Cadillac","http://dbpedia.org/resource/Cadillac","Unnited States","http://dbpedia.org/resource/United_States","Cadillac STS","http://dbpedia.org/resource/Cadillac_STS","Kaliningrad Oblast","http://dbpedia.org/resource/Kaliningrad_Oblast","2008","14790"
"Cadillac","http://dbpedia.org/resource/Cadillac","United Statess","http://dbpedia.org/resource/United_States","Cadillac STS","http://dbpedia.org/resource/Cadillac_STS","Kaliningrad","http://dbpedia.org/resource/Kaliningrad","2008","14790"
"Lincoln Motor Company","http://dbpedia.org/resource/Lincoln_Motor_Company","UUnited States","http://dbpedia.org/resource/United_States","Lincoln Mark LT","http://dbpedia.org/resource/Lincoln_Mark_LT","Cuautitlán","http://dbpedia.org/resource/Cuautitlán","2008","4631"
"Ford Motor Company","http://dbpedia.org/resource/Ford_Motor_Company","United States","http://dbpedia.org/resource/United_States","Ford Flex","http://dbpedia.org/resource/Ford_Flex","Oakville, Ontario","http://dbpedia.org/resource/Oakville,_Ontario","2008","14457"
"Daimler AG","http://dbpedia.org/resource/Daimler_AG","Germany","http://dbpedia.org/resource/Germany","Mercedes-Benz E-Class (W211)","http://dbpedia.org/resource/Mercedes-Benz_E-Class_(W211)","Pekan District","http://dbpedia.org/resource/Pekan_District","2008","38576"
"Daimler AG","http://dbpedia.org/resource/Daimler_AG","Germany","http://dbpedia.org/resource/Germany","Mercedes-Benz E-Class (W211)","http://dbpedia.org/resource/Mercedes-Benz_E-Class_(W211)","Graz","http://dbpedia.org/resource/Graz","2008","38576"
"Daimler AG","http://dbpedia.org/resource/Daimler_AG","Germany","http://dbpedia.org/resource/Germany","Mercedes-Benz E-Class (W211)","http://dbpedia.org/resource/Mercedes-Benz_E-Class_(W211)","Bogor","http://dbpedia.org/resource/Bogor","2008","38576"
"Daimler AG","http://dbpedia.org/resource/Daimler_AG","Germaany","http://dbpedia.org/resource/Germany","Mercedes-Benz E-Class (W211)","http://dbpedia.org/resource/Mercedes-Benz_E-Class_(W211)","6th of October City","http://dbpedia.org/resource/6th_of_October_City","2008","38576"
"Daimler AG","http://dbpedia.org/resource/Daimler_AG","Germanyy","http://dbpedia.org/resource/Germany","Mercedes-Benz E-Class (W211)","http://dbpedia.org/resource/Mercedes-Benz_E-Class_(W211)","Tehran","http://dbpedia.org/resource/Tehran","2008","38576"
"Daimler AG","http://dbpedia.org/resource/Daimler_AG","Germmany","http://dbpedia.org/resource/Germany","Mercedes-Benz E-Class (W211)","http://dbpedia.org/resource/Mercedes-Benz_E-Class_(W211)","Johor Bahru","http://dbpedia.org/resource/Johor_Bahru","2008","38576"
"Daimler AG","http://dbpedia.org/resource/Daimler_AG","Germany","http://dbpedia.org/resource/Germany","Mercedes-Benz E-Class (W211)","http://dbpedia.org/resource/Mercedes-Benz_E-Class_(W211)","Santiago Tianguistenco","http://dbpedia.org/resource/Santiago_Tianguistenco","2008","38576"
"Lincoln Motor Company","http://dbpedia.org/resource/Lincoln_Motor_Company","United Statess","http://dbpedia.org/resource/United_States","Lincoln MKS","http://dbpedia.org/resource/Lincoln_MKS","Chicago","http://dbpedia.org/resource/Chicago","2008","12982"
"Peugeot","http://dbpedia.org/resource/Peugeot","France","http://dbpedia.org/resource/France","Peugeot 4007","http://dbpedia.org/resource/Peugeot_4007","Okazaki, Aichi","http://dbpedia.org/resource/Okazaki,_Aichi","2008","13700"
"Peugeot","http://dbpedia.org/resource/Peugeot","Francee","http://dbpedia.org/resource/France","Peugeot 4007","http://dbpedia.org/resource/Peugeot_4007","Kaluga","http://dbpedia.org/resource/Kaluga","2008","13700"
"Citroën","http://dbpedia.org/resource/Citroën","Francee","http://dbpedia.org/resource/France","Citroën Xantia","http://dbpedia.org/resource/Citroën_Xantia","Tehran","http://dbpedia.org/resource/Tehran","2009","12500"
"Peugeot","http://dbpedia.org/resource/Peugeot","Fraance","http://dbpedia.org/resource/France","Peugeot RCZ","http://dbpedia.org/resource/Peugeot_RCZ","Graz","http://dbpedia.org/resource/Graz","2009","100"
"Citroën","http://dbpedia.org/resource/Citroën","France","http://dbpedia.org/resource/France","Citroën Elysée","http://dbpedia.org/resource/Citroën_Elysée","Vigo","http://dbpedia.org/resource/Vigo","2009","75500"
"Honda","http://dbpedia.org/resource/Honda","Japann","http://dbpedia.org/resource/Japan","Honda Crosstour","http://dbpedia.org/resource/Honda_Crosstour","Guangzhou","http://dbpedia.org/resource/Guangzhou","2009","2564"
"Citroën","http://dbpedia.org/resource/Citroën","Francee","http://dbpedia.org/resource/France","Citroën C3 Picasso","http://dbpedia.org/resource/Citroën_C3_Picasso","Trnava","http://dbpedia.org/resource/Trnava","2009","86500"
"Peugeot","http://dbpedia.org/resource/Peugeot","Francee","http://dbpedia.org/resource/France","Peugeot 206","http://dbpedia.org/resource/Peugeot_206","Jakarta","http://dbpedia.org/resource/Jakarta","2009","370800"
"Peugeot","http://dbpedia.org/resource/Peugeot","Francee","http://dbpedia.org/resource/France","Peugeot 206","http://dbpedia.org/resource/Peugeot_206","Kuala Lumpur","http://dbpedia.org/resource/Kuala_Lumpur","2009","370800"
"Peugeot","http://dbpedia.org/resource/Peugeot","Fraance","http://dbpedia.org/resource/France","Peugeot 206","http://dbpedia.org/resource/Peugeot_206","Tehran","http://dbpedia.org/resource/Tehran","2009","370800"
"Peugeot","http://dbpedia.org/resource/Peugeot","Frannce","http://dbpedia.org/resource/France","Peugeot 206","http://dbpedia.org/resource/Peugeot_206","Buenos Aires","http://dbpedia.org/resource/Buenos_Aires","2009","370800"
"Mercedes-Benz","http://dbpedia.org/resource/Mercedes-Benz","Germanyy","http://dbpedia.org/resource/Germany","Mercedes-Benz GLK-Class","http://dbpedia.org/resource/Mercedes-Benz_GLK-Class","Ho Chi Minh City","http://dbpedia.org/resource/Ho_Chi_Minh_City","2009","21944"
"Mercedes-Benz","http://dbpedia.org/resource/Mercedes-Benz","Germanyy","http://dbpedia.org/resource/Germany","Mercedes-Benz R-Class","http://dbpedia.org/resource/Mercedes-Benz_R-Class","Vance, Alabama","http://dbpedia.org/resource/Vance,_Alabama","2009","2825"
"Peugeot","http://dbpedia.org/resource/Peugeot","Francee","http://dbpedia.org/resource/France","Peugeot 107","http://dbpedia.org/resource/Peugeot_107","Kolín","http://dbpedia.org/resource/Kolín","2009","118600"
"Peugeot","http://dbpedia.org/resource/Peugeot","France","http://dbpedia.org/resource/France","Peugeot 206","http://dbpedia.org/resource/Peugeot_206","Ryton-on-Dunsmore","http://dbpedia.org/resource/Ryton-on-Dunsmore","2009","370800"
"Peugeot","http://dbpedia.org/resource/Peugeot","France","http://dbpedia.org/resource/France","Peugeot 206","http://dbpedia.org/resource/Peugeot_206","Los Andes, Chile","http://dbpedia.org/resource/Los_Andes,_Chile","2009","370800"
"Peugeot","http://dbpedia.org/resource/Peugeot","Francee","http://dbpedia.org/resource/France","Peugeot 206","http://dbpedia.org/resource/Peugeot_206","Barra de Carrasco","http://dbpedia.org/resource/Barra_de_Carrasco","2009","370800"
"Mercedes-Benz","http://dbpedia.org/resource/Mercedes-Benz","Germanyy","http://dbpedia.org/resource/Germany","Mercedes-Benz GLK-Class","http://dbpedia.org/resource/Mercedes-Benz_GLK-Class","6th of October City","http://dbpedia.org/resource/6th_of_October_City","2009","21944"
"Citroën","http://dbpedia.org/resource/Citroën","Frrance","http://dbpedia.org/resource/France","Citroën Xsara Picasso","http://dbpedia.org/resource/Citroën_Xsara_Picasso","Cairo","http://dbpedia.org/resource/Cairo","2009","54000"
"Citroën","http://dbpedia.org/resource/Citroën","Francee","http://dbpedia.org/resource/France","Citroën ZX","http://dbpedia.org/resource/Citroën_ZX","Vigo","http://dbpedia.org/resource/Vigo","2009","75500"
"Citroën","http://dbpedia.org/resource/Citroën","Francee","http://dbpedia.org/resource/France","Citroën C-Crosser","http://dbpedia.org/resource/Citroën_C-Crosser","Okazaki, Aichi","http://dbpedia.org/resource/Okazaki,_Aichi","2009","9400"
"Citroën","http://dbpedia.org/resource/Citroën","France","http://dbpedia.org/resource/France","Citroën C-Crosser","http://dbpedia.org/resource/Citroën_C-Crosser","Kaluga","http://dbpedia.org/resource/Kaluga","2009","9400"
"Citroën","http://dbpedia.org/resource/Citroën","Francee","http://dbpedia.org/resource/France","Citroën ZX","http://dbpedia.org/resource/Citroën_ZX","Barra de Carrasco","http://dbpedia.org/resource/Barra_de_Carrasco","2009","75500"
"Citroën","http://dbpedia.org/resource/Citroën","Francee","http://dbpedia.org/resource/France","Citroën Xsara Picasso","http://dbpedia.org/resource/Citroën_Xsara_Picasso","Vigo","http://dbpedia.org/resource/Vigo","2009","54000"
"Peugeot","http://dbpedia.org/resource/Peugeot","Francee","http://dbpedia.org/resource/France","Peugeot 307","http://dbpedia.org/resource/Peugeot_307","Villa Bosch","http://dbpedia.org/resource/Villa_Bosch","2009","93600"
"Peugeot","http://dbpedia.org/resource/Peugeot","Francee","http://dbpedia.org/resource/France","Peugeot 307","http://dbpedia.org/resource/Peugeot_307","El Palomar, Buenos Aires","http://dbpedia.org/resource/El_Palomar,_Buenos_Aires","2009","93600"
"Cadillac","http://dbpedia.org/resource/Cadillac","United Statess","http://dbpedia.org/resource/United_States","Cadillac STS","http://dbpedia.org/resource/Cadillac_STS","Kaliningrad Oblast","http://dbpedia.org/resource/Kaliningrad_Oblast","2009","6037"
"Cadillac","http://dbpedia.org/resource/Cadillac","United Statess","http://dbpedia.org/resource/United_States","Cadillac STS","http://dbpedia.org/resource/Cadillac_STS","Kaliningrad","http://dbpedia.org/resource/Kaliningrad","2009","6037"
"GMC (automobile)","http://dbpedia.org/resource/GMC_(automobile)","United States","http://dbpedia.org/resource/United_States","GMC Terrain","http://dbpedia.org/resource/GMC_Terrain","Ingersoll, Ontario","http://dbpedia.org/resource/Ingersoll,_Ontario","2009","14033"
"Lincoln Motor Company","http://dbpedia.org/resource/Lincoln_Motor_Company","Unitedd States","http://dbpedia.org/resource/United_States","Lincoln Mark LT","http://dbpedia.org/resource/Lincoln_Mark_LT","Cuautitlán","http://dbpedia.org/resource/Cuautitlán","2009","147"
"Lincoln Motor Company","http://dbpedia.org/resource/Lincoln_Motor_Company","United Statess","http://dbpedia.org/resource/United_States","Lincoln MKT","http://dbpedia.org/resource/Lincoln_MKT","Oakville, Ontario","http://dbpedia.org/resource/Oakville,_Ontario","2009","2580"
"Ford Motor Company","http://dbpedia.org/resource/Ford_Motor_Company","United Statess","http://dbpedia.org/resource/United_States","Ford Flex","http://dbpedia.org/resource/Ford_Flex","Oakville, Ontario","http://dbpedia.org/resource/Oakville,_Ontario","2009","38717"
"Lincoln Motor Company","http://dbpedia.org/resource/Lincoln_Motor_Company","United Statess","http://dbpedia.org/resource/United_States","Lincoln MKS","http://dbpedia.org/resource/Lincoln_MKS","Chicago","http://dbpedia.org/resource/Chicago","2009","17174"
"Peugeot","http://dbpedia.org/resource/Peugeot","Francee","http://dbpedia.org/resource/France","Peugeot 4007","http://dbpedia.org/resource/Peugeot_4007","Kaluga","http://dbpedia.org/resource/Kaluga","2009","9400"
"Peugeot","http://dbpedia.org/resource/Peugeot","France","http://dbpedia.org/resource/France","Peugeot 4007","http://dbpedia.org/resource/Peugeot_4007","Okazaki, Aichi","http://dbpedia.org/resource/Okazaki,_Aichi","2009","9400"
"Citroën","http://dbpedia.org/resource/Citroën","Francee","http://dbpedia.org/resource/France","Citroën Xantia","http://dbpedia.org/resource/Citroën_Xantia","Tehran","http://dbpedia.org/resource/Tehran","2010","4000"
"Peugeot","http://dbpedia.org/resource/Peugeot","Francee","http://dbpedia.org/resource/France","Peugeot RCZ","http://dbpedia.org/resource/Peugeot_RCZ","Graz","http://dbpedia.org/resource/Graz","2010","16600"
"Citroën","http://dbpedia.org/resource/Citroën","Francee","http://dbpedia.org/resource/France","Citroën Elysée","http://dbpedia.org/resource/Citroën_Elysée","Vigo","http://dbpedia.org/resource/Vigo","2010","71800"
"Honda","http://dbpedia.org/resource/Honda","Japann","http://dbpedia.org/resource/Japan","Honda Crosstour","http://dbpedia.org/resource/Honda_Crosstour","Guangzhou","http://dbpedia.org/resource/Guangzhou","2010","28851"
"Citroën","http://dbpedia.org/resource/Citroën","France","http://dbpedia.org/resource/France","Citroën C3 Picasso","http://dbpedia.org/resource/Citroën_C3_Picasso","Trnava","http://dbpedia.org/resource/Trnava","2010","83700"
"Peugeot","http://dbpedia.org/resource/Peugeot","France","http://dbpedia.org/resource/France","Peugeot 206","http://dbpedia.org/resource/Peugeot_206","Kuala Lumpur","http://dbpedia.org/resource/Kuala_Lumpur","2010","472800"
"Peugeot","http://dbpedia.org/resource/Peugeot","Frannce","http://dbpedia.org/resource/France","Peugeot 206","http://dbpedia.org/resource/Peugeot_206","Jakarta","http://dbpedia.org/resource/Jakarta","2010","472800"
"Peugeot","http://dbpedia.org/resource/Peugeot","France","http://dbpedia.org/resource/France","Peugeot 206","http://dbpedia.org/resource/Peugeot_206","Tehran","http://dbpedia.org/resource/Tehran","2010","472800"
"Peugeot","http://dbpedia.org/resource/Peugeot","France","http://dbpedia.org/resource/France","Peugeot 206","http://dbpedia.org/resource/Peugeot_206","Buenos Aires","http://dbpedia.org/resource/Buenos_Aires","2010","472800"
"Mercedes-Benz","http://dbpedia.org/resource/Mercedes-Benz","Germanyy","http://dbpedia.org/resource/Germany","Mercedes-Benz GLK-Class","http://dbpedia.org/resource/Mercedes-Benz_GLK-Class","Ho Chi Minh City","http://dbpedia.org/resource/Ho_Chi_Minh_City","2010","20946"
"Mercedes-Benz","http://dbpedia.org/resource/Mercedes-Benz","Germanyy","http://dbpedia.org/resource/Germany","Mercedes-Benz R-Class","http://dbpedia.org/resource/Mercedes-Benz_R-Class","Vance, Alabama","http://dbpedia.org/resource/Vance,_Alabama","2010","2937"
"Peugeot","http://dbpedia.org/resource/Peugeot","Francee","http://dbpedia.org/resource/France","Peugeot 107","http://dbpedia.org/resource/Peugeot_107","Kolín","http://dbpedia.org/resource/Kolín","2010","111900"
"Peugeot","http://dbpedia.org/resource/Peugeot","Francee","http://dbpedia.org/resource/France","Peugeot 206","http://dbpedia.org/resource/Peugeot_206","Ryton-on-Dunsmore","http://dbpedia.org/resource/Ryton-on-Dunsmore","2010","472800"
"Peugeot","http://dbpedia.org/resource/Peugeot","Francee","http://dbpedia.org/resource/France","Peugeot 206","http://dbpedia.org/resource/Peugeot_206","Los Andes, Chile","http://dbpedia.org/resource/Los_Andes,_Chile","2010","472800"
"Peugeot","http://dbpedia.org/resource/Peugeot","Francee","http://dbpedia.org/resource/France","Peugeot 206","http://dbpedia.org/resource/Peugeot_206","Barra de Carrasco","http://dbpedia.org/resource/Barra_de_Carrasco","2010","472800"
"Mercedes-Benz","http://dbpedia.org/resource/Mercedes-Benz","Gerrmany","http://dbpedia.org/resource/Germany","Mercedes-Benz GLK-Class","http://dbpedia.org/resource/Mercedes-Benz_GLK-Class","6th of October City","http://dbpedia.org/resource/6th_of_October_City","2010","20946"
"Citroën","http://dbpedia.org/resource/Citroën","Francee","http://dbpedia.org/resource/France","Citroën Xsara Picasso","http://dbpedia.org/resource/Citroën_Xsara_Picasso","Cairo","http://dbpedia.org/resource/Cairo","2010","38200"
"Citroën","http://dbpedia.org/resource/Citroën","France","http://dbpedia.org/resource/France","Citroën ZX","http://dbpedia.org/resource/Citroën_ZX","Vigo","http://dbpedia.org/resource/Vigo","2010","71800"
"Citroën","http://dbpedia.org/resource/Citroën","France","http://dbpedia.org/resource/France","Citroën C-Crosser","http://dbpedia.org/resource/Citroën_C-Crosser","Okazaki, Aichi","http://dbpedia.org/resource/Okazaki,_Aichi","2010","8500"
"Citroën","http://dbpedia.org/resource/Citroën","Francee","http://dbpedia.org/resource/France","Citroën C-Crosser","http://dbpedia.org/resource/Citroën_C-Crosser","Kaluga","http://dbpedia.org/resource/Kaluga","2010","8500"
"Citroën","http://dbpedia.org/resource/Citroën","Francee","http://dbpedia.org/resource/France","Citroën ZX","http://dbpedia.org/resource/Citroën_ZX","Barra de Carrasco","http://dbpedia.org/resource/Barra_de_Carrasco","2010","71800"
"Citroën","http://dbpedia.org/resource/Citroën","France","http://dbpedia.org/resource/France","Citroën Xsara Picasso","http://dbpedia.org/resource/Citroën_Xsara_Picasso","Vigo","http://dbpedia.org/resource/Vigo","2010","38200"
"Peugeot","http://dbpedia.org/resource/Peugeot","FFrance","http://dbpedia.org/resource/France","Peugeot 307","http://dbpedia.org/resource/Peugeot_307","Villa Bosch","http://dbpedia.org/resource/Villa_Bosch","2010","86900"
"Peugeot","http://dbpedia.org/resource/Peugeot","Francee","http://dbpedia.org/resource/France","Peugeot 307","http://dbpedia.org/resource/Peugeot_307","El Palomar, Buenos Aires","http://dbpedia.org/resource/El_Palomar,_Buenos_Aires","2010","86900"
"Cadillac","http://dbpedia.org/resource/Cadillac","United Statess","http://dbpedia.org/resource/United_States","Cadillac STS","http://dbpedia.org/resource/Cadillac_STS","Kaliningrad Oblast","http://dbpedia.org/resource/Kaliningrad_Oblast","2010","4473"
"Cadillac","http://dbpedia.org/resource/Cadillac","United Statess","http://dbpedia.org/resource/United_States","Cadillac STS","http://dbpedia.org/resource/Cadillac_STS","Kaliningrad","http://dbpedia.org/resource/Kaliningrad","2010","4473"
"GMC (automobile)","http://dbpedia.org/resource/GMC_(automobile)","United Statess","http://dbpedia.org/resource/United_States","GMC Terrain","http://dbpedia.org/resource/GMC_Terrain","Ingersoll, Ontario","http://dbpedia.org/resource/Ingersoll,_Ontario","2010","60519"
"Lincoln Motor Company","http://dbpedia.org/resource/Lincoln_Motor_Company","United States","http://dbpedia.org/resource/United_States","Lincoln MKT","http://dbpedia.org/resource/Lincoln_MKT","Oakville, Ontario","http://dbpedia.org/resource/Oakville,_Ontario","2010","7435"
"Ford Motor Company","http://dbpedia.org/resource/Ford_Motor_Company","United States","http://dbpedia.org/resource/United_States","Ford Flex","http://dbpedia.org/resource/Ford_Flex","Oakville, Ontario","http://dbpedia.org/resource/Oakville,_Ontario","2010","34227"
"Lincoln Motor Company","http://dbpedia.org/resource/Lincoln_Motor_Company","United Statess","http://dbpedia.org/resource/United_States","Lincoln MKS","http://dbpedia.org/resource/Lincoln_MKS","Chicago","http://dbpedia.org/resource/Chicago","2010","14417"
"Peugeot","http://dbpedia.org/resource/Peugeot","Fraance","http://dbpedia.org/resource/France","Peugeot 4007","http://dbpedia.org/resource/Peugeot_4007","Kaluga","http://dbpedia.org/resource/Kaluga","2010","8400"
"Peugeot","http://dbpedia.org/resource/Peugeot","Francee","http://dbpedia.org/resource/France","Peugeot 4007","http://dbpedia.org/resource/Peugeot_4007","Okazaki, Aichi","http://dbpedia.org/resource/Okazaki,_Aichi","2010","8400"
"Peugeot","http://dbpedia.org/resource/Peugeot","Frrance","http://dbpedia.org/resource/France","Peugeot RCZ","http://dbpedia.org/resource/Peugeot_RCZ","Graz","http://dbpedia.org/resource/Graz","2011","18828"
"Citroën","http://dbpedia.org/resource/Citroën","France","http://dbpedia.org/resource/France","Citroën Elysée","http://dbpedia.org/resource/Citroën_Elysée","Vigo","http://dbpedia.org/resource/Vigo","2011","65545"
"Honda","http://dbpedia.org/resource/Honda","Japaan","http://dbpedia.org/resource/Japan","Honda Crosstour","http://dbpedia.org/resource/Honda_Crosstour","Guangzhou","http://dbpedia.org/resource/Guangzhou","2011","17974"
"Citroën","http://dbpedia.org/resource/Citroën","France","http://dbpedia.org/resource/France","Citroën C3 Picasso","http://dbpedia.org/resource/Citroën_C3_Picasso","Trnava","http://dbpedia.org/resource/Trnava","2011","101612"
"Peugeot","http://dbpedia.org/resource/Peugeot","Francee","http://dbpedia.org/resource/France","Peugeot 206","http://dbpedia.org/resource/Peugeot_206","Jakarta","http://dbpedia.org/resource/Jakarta","2011","445038"
"Peugeot","http://dbpedia.org/resource/Peugeot","Fraance","http://dbpedia.org/resource/France","Peugeot 206","http://dbpedia.org/resource/Peugeot_206","Kuala Lumpur","http://dbpedia.org/resource/Kuala_Lumpur","2011","445038"
"Peugeot","http://dbpedia.org/resource/Peugeot","Francee","http://dbpedia.org/resource/France","Peugeot 206","http://dbpedia.org/resource/Peugeot_206","Tehran","http://dbpedia.org/resource/Tehran","2011","445038"
"Peugeot","http://dbpedia.org/resource/Peugeot","Francee","http://dbpedia.org/resource/France","Peugeot 206","http://dbpedia.org/resource/Peugeot_206","Buenos Aires","http://dbpedia.org/resource/Buenos_Aires","2011","445038"
"Mercedes-Benz","http://dbpedia.org/resource/Mercedes-Benz","Germanyy","http://dbpedia.org/resource/Germany","Mercedes-Benz GLK-Class","http://dbpedia.org/resource/Mercedes-Benz_GLK-Class","Ho Chi Minh City","http://dbpedia.org/resource/Ho_Chi_Minh_City","2011","24310"
"Peugeot","http://dbpedia.org/resource/Peugeot","France","http://dbpedia.org/resource/France","Peugeot 107","http://dbpedia.org/resource/Peugeot_107","Kolín","http://dbpedia.org/resource/Kolín","2011","92093"
"Peugeot","http://dbpedia.org/resource/Peugeot","France","http://dbpedia.org/resource/France","Peugeot 206","http://dbpedia.org/resource/Peugeot_206","Ryton-on-Dunsmore","http://dbpedia.org/resource/Ryton-on-Dunsmore","2011","445038"
"Peugeot","http://dbpedia.org/resource/Peugeot","France","http://dbpedia.org/resource/France","Peugeot 206","http://dbpedia.org/resource/Peugeot_206","Los Andes, Chile","http://dbpedia.org/resource/Los_Andes,_Chile","2011","445038"
"Peugeot","http://dbpedia.org/resource/Peugeot","Francee","http://dbpedia.org/resource/France","Peugeot 206","http://dbpedia.org/resource/Peugeot_206","Barra de Carrasco","http://dbpedia.org/resource/Barra_de_Carrasco","2011","445038"
"Mercedes-Benz","http://dbpedia.org/resource/Mercedes-Benz","Germanyy","http://dbpedia.org/resource/Germany","Mercedes-Benz GLK-Class","http://dbpedia.org/resource/Mercedes-Benz_GLK-Class","6th of October City","http://dbpedia.org/resource/6th_of_October_City","2011","24310"
"Citroën","http://dbpedia.org/resource/Citroën","France","http://dbpedia.org/resource/France","Citroën Xsara Picasso","http://dbpedia.org/resource/Citroën_Xsara_Picasso","Cairo","http://dbpedia.org/resource/Cairo","2011","8444"
"Citroën","http://dbpedia.org/resource/Citroën","Francee","http://dbpedia.org/resource/France","Citroën C-Crosser","http://dbpedia.org/resource/Citroën_C-Crosser","Okazaki, Aichi","http://dbpedia.org/resource/Okazaki,_Aichi","2011","7460"
"Citroën","http://dbpedia.org/resource/Citroën","France","http://dbpedia.org/resource/France","Citroën C-Crosser","http://dbpedia.org/resource/Citroën_C-Crosser","Kaluga","http://dbpedia.org/resource/Kaluga","2011","7460"
"Citroën","http://dbpedia.org/resource/Citroën","Frrance","http://dbpedia.org/resource/France","Citroën ZX","http://dbpedia.org/resource/Citroën_ZX","Vigo","http://dbpedia.org/resource/Vigo","2011","65545"
"Citroën","http://dbpedia.org/resource/Citroën","France","http://dbpedia.org/resource/France","Citroën ZX","http://dbpedia.org/resource/Citroën_ZX","Barra de Carrasco","http://dbpedia.org/resource/Barra_de_Carrasco","2011","65545"
"Citroën","http://dbpedia.org/resource/Citroën","Francee","http://dbpedia.org/resource/France","Citroën Xsara Picasso","http://dbpedia.org/resource/Citroën_Xsara_Picasso","Vigo","http://dbpedia.org/resource/Vigo","2011","8444"
"Peugeot","http://dbpedia.org/resource/Peugeot","Francee","http://dbpedia.org/resource/France","Peugeot 307","http://dbpedia.org/resource/Peugeot_307","Villa Bosch","http://dbpedia.org/resource/Villa_Bosch","2011","71531"
"Peugeot","http://dbpedia.org/resource/Peugeot","Francee","http://dbpedia.org/resource/France","Peugeot 307","http://dbpedia.org/resource/Peugeot_307","El Palomar, Buenos Aires","http://dbpedia.org/resource/El_Palomar,_Buenos_Aires","2011","71531"
"Peugeot","http://dbpedia.org/resource/Peugeot","Francee","http://dbpedia.org/resource/France","Peugeot 208","http://dbpedia.org/resource/Peugeot_208","Jakarta","http://dbpedia.org/resource/Jakarta","2011","631"
"Cadillac","http://dbpedia.org/resource/Cadillac","Uniited States","http://dbpedia.org/resource/United_States","Cadillac STS","http://dbpedia.org/resource/Cadillac_STS","Kaliningrad Oblast","http://dbpedia.org/resource/Kaliningrad_Oblast","2011","3338"
"Cadillac","http://dbpedia.org/resource/Cadillac","United Statess","http://dbpedia.org/resource/United_States","Cadillac STS","http://dbpedia.org/resource/Cadillac_STS","Kaliningrad","http://dbpedia.org/resource/Kaliningrad","2011","3338"
"Peugeot","http://dbpedia.org/resource/Peugeot","France","http://dbpedia.org/resource/France","Peugeot 208","http://dbpedia.org/resource/Peugeot_208","Trnava","http://dbpedia.org/resource/Trnava","2011","631"
"GMC (automobile)","http://dbpedia.org/resource/GMC_(automobile)","United Statess","http://dbpedia.org/resource/United_States","GMC Terrain","http://dbpedia.org/resource/GMC_Terrain","Ingersoll, Ontario","http://dbpedia.org/resource/Ingersoll,_Ontario","2011","83179"
"Lincoln Motor Company","http://dbpedia.org/resource/Lincoln_Motor_Company","United Statees","http://dbpedia.org/resource/United_States","Lincoln MKT","http://dbpedia.org/resource/Lincoln_MKT","Oakville, Ontario","http://dbpedia.org/resource/Oakville,_Ontario","2011","5024"
"Ford Motor Company","http://dbpedia.org/resource/Ford_Motor_Company","United Statess","http://dbpedia.org/resource/United_States","Ford Flex","http://dbpedia.org/resource/Ford_Flex","Oakville, Ontario","http://dbpedia.org/resource/Oakville,_Ontario","2011","27428"
"Volkswagen","http://dbpedia.org/resource/Volkswagen","Germanyy","http://dbpedia.org/resource/Germany","Volkswagen Up","http://dbpedia.org/resource/Volkswagen_Up","Bratislava","http://dbpedia.org/resource/Bratislava","2011","4582"
"Volkswagen","http://dbpedia.org/resource/Volkswagen","Germanyy","http://dbpedia.org/resource/Germany","Volkswagen Up","http://dbpedia.org/resource/Volkswagen_Up","Taubaté","http://dbpedia.org/resource/Taubaté","2011","4582"
"Renault","http://dbpedia.org/resource/Renault","Francee","http://dbpedia.org/resource/France","Renault Fluence Z.E.","http://dbpedia.org/resource/Renault_Fluence_Z.E.","Bursa","http://dbpedia.org/resource/Bursa","2011","762"
"Renault","http://dbpedia.org/resource/Renault","France","http://dbpedia.org/resource/France","Renault Fluence Z.E.","http://dbpedia.org/resource/Renault_Fluence_Z.E.","Busan","http://dbpedia.org/resource/Busan","2011","762"
"Lincoln Motor Company","http://dbpedia.org/resource/Lincoln_Motor_Company","United Statess","http://dbpedia.org/resource/United_States","Lincoln MKS","http://dbpedia.org/resource/Lincoln_MKS","Chicago","http://dbpedia.org/resource/Chicago","2011","12217"
"Peugeot","http://dbpedia.org/resource/Peugeot","France","http://dbpedia.org/resource/France","Peugeot 4007","http://dbpedia.org/resource/Peugeot_4007","Okazaki, Aichi","http://dbpedia.org/resource/Okazaki,_Aichi","2011","7387"
"Peugeot","http://dbpedia.org/resource/Peugeot","Francee","http://dbpedia.org/resource/France","Peugeot 4007","http://dbpedia.org/resource/Peugeot_4007","Kaluga","http://dbpedia.org/resource/Kaluga","2011","7387"
"Volkswagen","http://dbpedia.org/resource/Volkswagen","Germanyy","http://dbpedia.org/resource/Germany","Volkswagen Passat NMS","http://dbpedia.org/resource/Volkswagen_Passat_NMS","Chattanooga, Tennessee","http://dbpedia.org/resource/Chattanooga,_Tennessee","2011","22779"
"Peugeot","http://dbpedia.org/resource/Peugeot","France","http://dbpedia.org/resource/France","Peugeot 4008","http://dbpedia.org/resource/Peugeot_4008","Kaluga","http://dbpedia.org/resource/Kaluga","2012","9300"
"Peugeot","http://dbpedia.org/resource/Peugeot","Francce","http://dbpedia.org/resource/France","Peugeot 4008","http://dbpedia.org/resource/Peugeot_4008","Okazaki, Aichi","http://dbpedia.org/resource/Okazaki,_Aichi","2012","9300"
"Peugeot","http://dbpedia.org/resource/Peugeot","Francee","http://dbpedia.org/resource/France","Peugeot RCZ","http://dbpedia.org/resource/Peugeot_RCZ","Graz","http://dbpedia.org/resource/Graz","2012","11118"
"Citroën","http://dbpedia.org/resource/Citroën","France","http://dbpedia.org/resource/France","Citroën Elysée","http://dbpedia.org/resource/Citroën_Elysée","Vigo","http://dbpedia.org/resource/Vigo","2012","55600"
"Honda","http://dbpedia.org/resource/Honda","Japaan","http://dbpedia.org/resource/Japan","Acura ILX","http://dbpedia.org/resource/Acura_ILX","Marysville, Ohio","http://dbpedia.org/resource/Marysville,_Ohio","2012","12251"
"Honda","http://dbpedia.org/resource/Honda","Japann","http://dbpedia.org/resource/Japan","Acura ILX","http://dbpedia.org/resource/Acura_ILX","Greensburg, Indiana","http://dbpedia.org/resource/Greensburg,_Indiana","2012","12251"
"Honda","http://dbpedia.org/resource/Honda","JJapan","http://dbpedia.org/resource/Japan","Honda Crosstour","http://dbpedia.org/resource/Honda_Crosstour","Guangzhou","http://dbpedia.org/resource/Guangzhou","2012","20848"
"Citroën","http://dbpedia.org/resource/Citroën","Francee","http://dbpedia.org/resource/France","Citroën C3 Picasso","http://dbpedia.org/resource/Citroën_C3_Picasso","Trnava","http://dbpedia.org/resource/Trnava","2012","84700"
"Peugeot","http://dbpedia.org/resource/Peugeot","Francee","http://dbpedia.org/resource/France","Peugeot 206","http://dbpedia.org/resource/Peugeot_206","Jakarta","http://dbpedia.org/resource/Jakarta","2012","199900"
"Peugeot","http://dbpedia.org/resource/Peugeot","France","http://dbpedia.org/resource/France","Peugeot 206","http://dbpedia.org/resource/Peugeot_206","Kuala Lumpur","http://dbpedia.org/resource/Kuala_Lumpur","2012","199900"
"Peugeot","http://dbpedia.org/resource/Peugeot","Frrance","http://dbpedia.org/resource/France","Peugeot 206","http://dbpedia.org/resource/Peugeot_206","Tehran","http://dbpedia.org/resource/Tehran","2012","199900"
"Peugeot","http://dbpedia.org/resource/Peugeot","Francee","http://dbpedia.org/resource/France","Peugeot 206","http://dbpedia.org/resource/Peugeot_206","Buenos Aires","http://dbpedia.org/resource/Buenos_Aires","2012","199900"
"Mercedes-Benz","http://dbpedia.org/resource/Mercedes-Benz","Gerrmany","http://dbpedia.org/resource/Germany","Mercedes-Benz GLK-Class","http://dbpedia.org/resource/Mercedes-Benz_GLK-Class","Ho Chi Minh City","http://dbpedia.org/resource/Ho_Chi_Minh_City","2012","29364"
"Peugeot","http://dbpedia.org/resource/Peugeot","Fraance","http://dbpedia.org/resource/France","Peugeot 107","http://dbpedia.org/resource/Peugeot_107","Kolín","http://dbpedia.org/resource/Kolín","2012","76400"
"Peugeot","http://dbpedia.org/resource/Peugeot","France","http://dbpedia.org/resource/France","Peugeot 206","http://dbpedia.org/resource/Peugeot_206","Ryton-on-Dunsmore","http://dbpedia.org/resource/Ryton-on-Dunsmore","2012","199900"
"Peugeot","http://dbpedia.org/resource/Peugeot","Fraance","http://dbpedia.org/resource/France","Peugeot 206","http://dbpedia.org/resource/Peugeot_206","Los Andes, Chile","http://dbpedia.org/resource/Los_Andes,_Chile","2012","199900"
"Peugeot","http://dbpedia.org/resource/Peugeot","France","http://dbpedia.org/resource/France","Peugeot 206","http://dbpedia.org/resource/Peugeot_206","Barra de Carrasco","http://dbpedia.org/resource/Barra_de_Carrasco","2012","199900"
"Mercedes-Benz","http://dbpedia.org/resource/Mercedes-Benz","Germanyy","http://dbpedia.org/resource/Germany","Mercedes-Benz GLK-Class","http://dbpedia.org/resource/Mercedes-Benz_GLK-Class","6th of October City","http://dbpedia.org/resource/6th_of_October_City","2012","29364"
"Citroën","http://dbpedia.org/resource/Citroën","Francee","http://dbpedia.org/resource/France","Citroën Xsara Picasso","http://dbpedia.org/resource/Citroën_Xsara_Picasso","Cairo","http://dbpedia.org/resource/Cairo","2012","4000"
"Citroën","http://dbpedia.org/resource/Citroën","Francee","http://dbpedia.org/resource/France","Citroën C-Crosser","http://dbpedia.org/resource/Citroën_C-Crosser","Kaluga","http://dbpedia.org/resource/Kaluga","2012","3300"
"Citroën","http://dbpedia.org/resource/Citroën","France","http://dbpedia.org/resource/France","Citroën C-Crosser","http://dbpedia.org/resource/Citroën_C-Crosser","Okazaki, Aichi","http://dbpedia.org/resource/Okazaki,_Aichi","2012","3300"
"Dodge","http://dbpedia.org/resource/Dodge","Uniited States","http://dbpedia.org/resource/United_States","Dodge Dart (PF)","http://dbpedia.org/resource/Dodge_Dart_(PF)","Changsha","http://dbpedia.org/resource/Changsha","2012","25304"
"Citroën","http://dbpedia.org/resource/Citroën","France","http://dbpedia.org/resource/France","Citroën ZX","http://dbpedia.org/resource/Citroën_ZX","Vigo","http://dbpedia.org/resource/Vigo","2012","55600"
"Citroën","http://dbpedia.org/resource/Citroën","Francee","http://dbpedia.org/resource/France","Citroën ZX","http://dbpedia.org/resource/Citroën_ZX","Barra de Carrasco","http://dbpedia.org/resource/Barra_de_Carrasco","2012","55600"
"Citroën","http://dbpedia.org/resource/Citroën","Fraance","http://dbpedia.org/resource/France","Citroën Xsara Picasso","http://dbpedia.org/resource/Citroën_Xsara_Picasso","Vigo","http://dbpedia.org/resource/Vigo","2012","4000"
"Peugeot","http://dbpedia.org/resource/Peugeot","Francce","http://dbpedia.org/resource/France","Peugeot 307","http://dbpedia.org/resource/Peugeot_307","Villa Bosch","http://dbpedia.org/resource/Villa_Bosch","2012","103000"
"Peugeot","http://dbpedia.org/resource/Peugeot","France","http://dbpedia.org/resource/France","Peugeot 307","http://dbpedia.org/resource/Peugeot_307","El Palomar, Buenos Aires","http://dbpedia.org/resource/El_Palomar,_Buenos_Aires","2012","103000"
"Peugeot","http://dbpedia.org/resource/Peugeot","FFrance","http://dbpedia.org/resource/France","Peugeot 208","http://dbpedia.org/resource/Peugeot_208","Jakarta","http://dbpedia.org/resource/Jakarta","2012","220800"
"Cadillac","http://dbpedia.org/resource/Cadillac","United States","http://dbpedia.org/resource/United_States","Cadillac STS","http://dbpedia.org/resource/Cadillac_STS","Kaliningrad Oblast","http://dbpedia.org/resource/Kaliningrad_Oblast","2012","164"
"Cadillac","http://dbpedia.org/resource/Cadillac","United Statess","http://dbpedia.org/resource/United_States","Cadillac STS","http://dbpedia.org/resource/Cadillac_STS","Kaliningrad","http://dbpedia.org/resource/Kaliningrad","2012","164"
"Peugeot","http://dbpedia.org/resource/Peugeot","Francee","http://dbpedia.org/resource/France","Peugeot 208","http://dbpedia.org/resource/Peugeot_208","Trnava","http://dbpedia.org/resource/Trnava","2012","220800"
"GMC (automobile)","http://dbpedia.org/resource/GMC_(automobile)","United Statess","http://dbpedia.org/resource/United_States","GMC Terrain","http://dbpedia.org/resource/GMC_Terrain","Ingersoll, Ontario","http://dbpedia.org/resource/Ingersoll,_Ontario","2012","97786"
"Lincoln Motor Company","http://dbpedia.org/resource/Lincoln_Motor_Company","United Statess","http://dbpedia.org/resource/United_States","Lincoln MKT","http://dbpedia.org/resource/Lincoln_MKT","Oakville, Ontario","http://dbpedia.org/resource/Oakville,_Ontario","2012","7094"
"Ford Motor Company","http://dbpedia.org/resource/Ford_Motor_Company","United Statess","http://dbpedia.org/resource/United_States","Ford Flex","http://dbpedia.org/resource/Ford_Flex","Oakville, Ontario","http://dbpedia.org/resource/Oakville,_Ontario","2012","28224"
"Volkswagen","http://dbpedia.org/resource/Volkswagen","Germanyy","http://dbpedia.org/resource/Germany","Volkswagen Up","http://dbpedia.org/resource/Volkswagen_Up","Taubaté","http://dbpedia.org/resource/Taubaté","2012","113827"
"Volkswagen","http://dbpedia.org/resource/Volkswagen","Germanyy","http://dbpedia.org/resource/Germany","Volkswagen Up","http://dbpedia.org/resource/Volkswagen_Up","Bratislava","http://dbpedia.org/resource/Bratislava","2012","113827"
"Renault","http://dbpedia.org/resource/Renault","Francee","http://dbpedia.org/resource/France","Renault Fluence Z.E.","http://dbpedia.org/resource/Renault_Fluence_Z.E.","Bursa","http://dbpedia.org/resource/Bursa","2012","2086"
"Renault","http://dbpedia.org/resource/Renault","France","http://dbpedia.org/resource/France","Renault Fluence Z.E.","http://dbpedia.org/resource/Renault_Fluence_Z.E.","Busan","http://dbpedia.org/resource/Busan","2012","2086"
"Lincoln Motor Company","http://dbpedia.org/resource/Lincoln_Motor_Company","United SStates","http://dbpedia.org/resource/United_States","Lincoln MKS","http://dbpedia.org/resource/Lincoln_MKS","Chicago","http://dbpedia.org/resource/Chicago","2012","12524"
"Peugeot","http://dbpedia.org/resource/Peugeot","France","http://dbpedia.org/resource/France","Peugeot 4007","http://dbpedia.org/resource/Peugeot_4007","Kaluga","http://dbpedia.org/resource/Kaluga","2012","2700"
"Peugeot","http://dbpedia.org/resource/Peugeot","Frannce","http://dbpedia.org/resource/France","Peugeot 4007","http://dbpedia.org/resource/Peugeot_4007","Okazaki, Aichi","http://dbpedia.org/resource/Okazaki,_Aichi","2012","2700"
"Volkswagen","http://dbpedia.org/resource/Volkswagen","Germany","http://dbpedia.org/resource/Germany","Volkswagen Passat NMS","http://dbpedia.org/resource/Volkswagen_Passat_NMS","Chattanooga, Tennessee","http://dbpedia.org/resource/Chattanooga,_Tennessee","2012","117023"
"Peugeot","http://dbpedia.org/resource/Peugeot","France","http://dbpedia.org/resource/France","Peugeot RCZ","http://dbpedia.org/resource/Peugeot_RCZ","Graz","http://dbpedia.org/resource/Graz","2013","9249"
"Honda","http://dbpedia.org/resource/Honda","Japan","http://dbpedia.org/resource/Japan","Acura ILX","http://dbpedia.org/resource/Acura_ILX","Greensburg, Indiana","http://dbpedia.org/resource/Greensburg,_Indiana","2013","20430"
"Honda","http://dbpedia.org/resource/Honda","Japann","http://dbpedia.org/resource/Japan","Honda Crosstour","http://dbpedia.org/resource/Honda_Crosstour","Guangzhou","http://dbpedia.org/resource/Guangzhou","2013","16847"
"Honda","http://dbpedia.org/resource/Honda","Japann","http://dbpedia.org/resource/Japan","Acura ILX","http://dbpedia.org/resource/Acura_ILX","Marysville, Ohio","http://dbpedia.org/resource/Marysville,_Ohio","2013","20430"
"Citroën","http://dbpedia.org/resource/Citroën","France","http://dbpedia.org/resource/France","Citroën Elysée","http://dbpedia.org/resource/Citroën_Elysée","Vigo","http://dbpedia.org/resource/Vigo","2013","55900"
"Citroën","http://dbpedia.org/resource/Citroën","Francee","http://dbpedia.org/resource/France","Citroën C3 Picasso","http://dbpedia.org/resource/Citroën_C3_Picasso","Trnava","http://dbpedia.org/resource/Trnava","2013","90000"
"Mercedes-Benz","http://dbpedia.org/resource/Mercedes-Benz","Germanyy","http://dbpedia.org/resource/Germany","Mercedes-Benz GLK-Class","http://dbpedia.org/resource/Mercedes-Benz_GLK-Class","Ho Chi Minh City","http://dbpedia.org/resource/Ho_Chi_Minh_City","2013","32553"
"Mercedes-Benz","http://dbpedia.org/resource/Mercedes-Benz","Germanyy","http://dbpedia.org/resource/Germany","Mercedes-Benz GLK-Class","http://dbpedia.org/resource/Mercedes-Benz_GLK-Class","6th of October City","http://dbpedia.org/resource/6th_of_October_City","2013","32553"
"Dodge","http://dbpedia.org/resource/Dodge","United Statess","http://dbpedia.org/resource/United_States","Dodge Dart (PF)","http://dbpedia.org/resource/Dodge_Dart_(PF)","Changsha","http://dbpedia.org/resource/Changsha","2013","83388"
"Citroën","http://dbpedia.org/resource/Citroën","Frannce","http://dbpedia.org/resource/France","Citroën ZX","http://dbpedia.org/resource/Citroën_ZX","Vigo","http://dbpedia.org/resource/Vigo","2013","55900"
"Citroën","http://dbpedia.org/resource/Citroën","France","http://dbpedia.org/resource/France","Citroën ZX","http://dbpedia.org/resource/Citroën_ZX","Barra de Carrasco","http://dbpedia.org/resource/Barra_de_Carrasco","2013","55900"
"Peugeot","http://dbpedia.org/resource/Peugeot","Francee","http://dbpedia.org/resource/France","Peugeot 208","http://dbpedia.org/resource/Peugeot_208","Jakarta","http://dbpedia.org/resource/Jakarta","2013","334439"
"Peugeot","http://dbpedia.org/resource/Peugeot","Francee","http://dbpedia.org/resource/France","Peugeot 208","http://dbpedia.org/resource/Peugeot_208","Trnava","http://dbpedia.org/resource/Trnava","2013","334439"
"GMC (automobile)","http://dbpedia.org/resource/GMC_(automobile)","United Statess","http://dbpedia.org/resource/United_States","GMC Terrain","http://dbpedia.org/resource/GMC_Terrain","Ingersoll, Ontario","http://dbpedia.org/resource/Ingersoll,_Ontario","2013","99525"
"Lincoln Motor Company","http://dbpedia.org/resource/Lincoln_Motor_Company","United Statess","http://dbpedia.org/resource/United_States","Lincoln MKT","http://dbpedia.org/resource/Lincoln_MKT","Oakville, Ontario","http://dbpedia.org/resource/Oakville,_Ontario","2013","6014"
"Ford Motor Company","http://dbpedia.org/resource/Ford_Motor_Company","United States","http://dbpedia.org/resource/United_States","Ford Flex","http://dbpedia.org/resource/Ford_Flex","Oakville, Ontario","http://dbpedia.org/resource/Oakville,_Ontario","2013","25953"
"Volkswagen","http://dbpedia.org/resource/Volkswagen","Germany","http://dbpedia.org/resource/Germany","Volkswagen Up","http://dbpedia.org/resource/Volkswagen_Up","Bratislava","http://dbpedia.org/resource/Bratislava","2013","130039"
"Volkswagen","http://dbpedia.org/resource/Volkswagen","Germany","http://dbpedia.org/resource/Germany","Volkswagen Up","http://dbpedia.org/resource/Volkswagen_Up","Taubaté","http://dbpedia.org/resource/Taubaté","2013","130039"
"Renault","http://dbpedia.org/resource/Renault","France","http://dbpedia.org/resource/France","Renault Fluence Z.E.","http://dbpedia.org/resource/Renault_Fluence_Z.E.","Bursa","http://dbpedia.org/resource/Bursa","2013","796"
"Renault","http://dbpedia.org/resource/Renault","Francee","http://dbpedia.org/resource/France","Renault Fluence Z.E.","http://dbpedia.org/resource/Renault_Fluence_Z.E.","Busan","http://dbpedia.org/resource/Busan","2013","796"
"Lincoln Motor Company","http://dbpedia.org/resource/Lincoln_Motor_Company","United Statess","http://dbpedia.org/resource/United_States","Lincoln MKS","http://dbpedia.org/resource/Lincoln_MKS","Chicago","http://dbpedia.org/resource/Chicago","2013","10793"
"Volkswagen","http://dbpedia.org/resource/Volkswagen","Germany","http://dbpedia.org/resource/Germany","Volkswagen Passat NMS","http://dbpedia.org/resource/Volkswagen_Passat_NMS","Chattanooga, Tennessee","http://dbpedia.org/resource/Chattanooga,_Tennessee","2013","109652"
"Peugeot","http://dbpedia.org/resource/Peugeot","Frrance","http://dbpedia.org/resource/France","Peugeot RCZ","http://dbpedia.org/resource/Peugeot_RCZ","Graz","http://dbpedia.org/resource/Graz","2014","6994"
"Honda","http://dbpedia.org/resource/Honda","Jappan","http://dbpedia.org/resource/Japan","Honda Crosstour","http://dbpedia.org/resource/Honda_Crosstour","Guangzhou","http://dbpedia.org/resource/Guangzhou","2014","11802"
"Honda","http://dbpedia.org/resource/Honda","Japan","http://dbpedia.org/resource/Japan","Acura ILX","http://dbpedia.org/resource/Acura_ILX","Marysville, Ohio","http://dbpedia.org/resource/Marysville,_Ohio","2014","17854"
"Honda","http://dbpedia.org/resource/Honda","Japan","http://dbpedia.org/resource/Japan","Acura ILX","http://dbpedia.org/resource/Acura_ILX","Greensburg, Indiana","http://dbpedia.org/resource/Greensburg,_Indiana","2014","17854"
"Citroën","http://dbpedia.org/resource/Citroën","Frannce","http://dbpedia.org/resource/France","Citroën C3 Picasso","http://dbpedia.org/resource/Citroën_C3_Picasso","Trnava","http://dbpedia.org/resource/Trnava","2014","65300"
"Mercedes-Benz","http://dbpedia.org/resource/Mercedes-Benz","Germanyy","http://dbpedia.org/resource/Germany","Mercedes-Benz GLK-Class","http://dbpedia.org/resource/Mercedes-Benz_GLK-Class","Ho Chi Minh City","http://dbpedia.org/resource/Ho_Chi_Minh_City","2014","35000"
"Mercedes-Benz","http://dbpedia.org/resource/Mercedes-Benz","Germanyy","http://dbpedia.org/resource/Germany","Mercedes-Benz GLK-Class","http://dbpedia.org/resource/Mercedes-Benz_GLK-Class","6th of October City","http://dbpedia.org/resource/6th_of_October_City","2014","35000"
"Dodge","http://dbpedia.org/resource/Dodge","United States","http://dbpedia.org/resource/United_States","Dodge Dart (PF)","http://dbpedia.org/resource/Dodge_Dart_(PF)","Changsha","http://dbpedia.org/resource/Changsha","2014","83858"
"Honda","http://dbpedia.org/resource/Honda","Japaan","http://dbpedia.org/resource/Japan","Acura TLX","http://dbpedia.org/resource/Acura_TLX","Marysville, Ohio","http://dbpedia.org/resource/Marysville,_Ohio","2014","19127"
"GMC (automobile)","http://dbpedia.org/resource/GMC_(automobile)","Unitted States","http://dbpedia.org/resource/United_States","GMC Terrain","http://dbpedia.org/resource/GMC_Terrain","Ingersoll, Ontario","http://dbpedia.org/resource/Ingersoll,_Ontario","2014","105016"
"Lincoln Motor Company","http://dbpedia.org/resource/Lincoln_Motor_Company","United Statess","http://dbpedia.org/resource/United_States","Lincoln MKT","http://dbpedia.org/resource/Lincoln_MKT","Oakville, Ontario","http://dbpedia.org/resource/Oakville,_Ontario","2014","4800"
"Ford Motor Company","http://dbpedia.org/resource/Ford_Motor_Company","United States","http://dbpedia.org/resource/United_States","Ford Flex","http://dbpedia.org/resource/Ford_Flex","Oakville, Ontario","http://dbpedia.org/resource/Oakville,_Ontario","2014","23822"
"Volkswagen","http://dbpedia.org/resource/Volkswagen","Germany","http://dbpedia.org/resource/Germany","Volkswagen Up","http://dbpedia.org/resource/Volkswagen_Up","Bratislava","http://dbpedia.org/resource/Bratislava","2014","124845"
"Volkswagen","http://dbpedia.org/resource/Volkswagen","Germanyy","http://dbpedia.org/resource/Germany","Volkswagen Up","http://dbpedia.org/resource/Volkswagen_Up","Taubaté","http://dbpedia.org/resource/Taubaté","2014","124845"
"Lincoln Motor Company","http://dbpedia.org/resource/Lincoln_Motor_Company","United Stattes","http://dbpedia.org/resource/United_States","Lincoln MKS","http://dbpedia.org/resource/Lincoln_MKS","Chicago","http://dbpedia.org/resource/Chicago","2014","8160"
"Volkswagen","http://dbpedia.org/resource/Volkswagen","Germanyy","http://dbpedia.org/resource/Germany","Volkswagen Passat NMS","http://dbpedia.org/resource/Volkswagen_Passat_NMS","Chattanooga, Tennessee","http://dbpedia.org/resource/Chattanooga,_Tennessee","2014","96649"
"Peugeot","http://dbpedia.org/resource/Peugeot","Francee","http://dbpedia.org/resource/France","Peugeot RCZ","http://dbpedia.org/resource/Peugeot_RCZ","Graz","http://dbpedia.org/resource/Graz","2015","4558"
"Honda","http://dbpedia.org/resource/Honda","Japaan","http://dbpedia.org/resource/Japan","Honda Crosstour","http://dbpedia.org/resource/Honda_Crosstour","Guangzhou","http://dbpedia.org/resource/Guangzhou","2015","9104"
"Honda","http://dbpedia.org/resource/Honda","Japan","http://dbpedia.org/resource/Japan","Acura ILX","http://dbpedia.org/resource/Acura_ILX","Marysville, Ohio","http://dbpedia.org/resource/Marysville,_Ohio","2015","18531"
"Honda","http://dbpedia.org/resource/Honda","Japan","http://dbpedia.org/resource/Japan","Acura ILX","http://dbpedia.org/resource/Acura_ILX","Greensburg, Indiana","http://dbpedia.org/resource/Greensburg,_Indiana","2015","18531"
"Dodge","http://dbpedia.org/resource/Dodge","United Statess","http://dbpedia.org/resource/United_States","Dodge Dart (PF)","http://dbpedia.org/resource/Dodge_Dart_(PF)","Changsha","http://dbpedia.org/resource/Changsha","2015","87392"
"Honda","http://dbpedia.org/resource/Honda","Japann","http://dbpedia.org/resource/Japan","Acura TLX","http://dbpedia.org/resource/Acura_TLX","Marysville, Ohio","http://dbpedia.org/resource/Marysville,_Ohio","2015","47080"
"GMC (automobile)","http://dbpedia.org/resource/GMC_(automobile)","United States","http://dbpedia.org/resource/United_States","GMC Terrain","http://dbpedia.org/resource/GMC_Terrain","Ingersoll, Ontario","http://dbpedia.org/resource/Ingersoll,_Ontario","2015","112030"
"Lincoln Motor Company","http://dbpedia.org/resource/Lincoln_Motor_Company","United States","http://dbpedia.org/resource/United_States","Lincoln MKT","http://dbpedia.org/resource/Lincoln_MKT","Oakville, Ontario","http://dbpedia.org/resource/Oakville,_Ontario","2015","4696"
"Ford Motor Company","http://dbpedia.org/resource/Ford_Motor_Company","United Statess","http://dbpedia.org/resource/United_States","Ford Flex","http://dbpedia.org/resource/Ford_Flex","Oakville, Ontario","http://dbpedia.org/resource/Oakville,_Ontario","2015","19570"
"Lincoln Motor Company","http://dbpedia.org/resource/Lincoln_Motor_Company","United Statess","http://dbpedia.org/resource/United_States","Lincoln MKS","http://dbpedia.org/resource/Lincoln_MKS","Chicago","http://dbpedia.org/resource/Chicago","2015","6877"
"Volkswagen","http://dbpedia.org/resource/Volkswagen","Germany","http://dbpedia.org/resource/Germany","Volkswagen Passat NMS","http://dbpedia.org/resource/Volkswagen_Passat_NMS","Chattanooga, Tennessee","http://dbpedia.org/resource/Chattanooga,_Tennessee","2015","78207"
"Peugeot","http://dbpedia.org/resource/Peugeot","Francee","http://dbpedia.org/resource/France","Peugeot RCZ","http://dbpedia.org/resource/Peugeot_RCZ","Graz","http://dbpedia.org/resource/Graz","2016","155"
"Dodge","http://dbpedia.org/resource/Dodge","United Statess","http://dbpedia.org/resource/United_States","Dodge Dart (PF)","http://dbpedia.org/resource/Dodge_Dart_(PF)","Changsha","http://dbpedia.org/resource/Changsha","2016","37267"
