"Country or territory","Country or territory__URI","Capital","Capital__URI","Largest city (or metropolitan area)","Largest city (or metropolitan area)__URI","Second largest city (or metropoitan area)","Second largest city (or metropoitan area)__URI","Source"
"Abkhaziaa","http://dbpedia.org/resource/Abkhazia","Sukhumi","http://dbpedia.org/resource/Sukhumi","Sukhumi","http://dbpedia.org/resource/Sukhumi","Gagra","http://dbpedia.org/resource/Gagra","[citation needed]"
"Afghanistann","http://dbpedia.org/resource/Afghanistan","Kabul","http://dbpedia.org/resource/Kabul","Kabul","http://dbpedia.org/resource/Kabul","Kandahar","http://dbpedia.org/resource/Kandahar","[citation needed]"
"Akrotiri and Dhekelia (UK))","http://dbpedia.org/resource/Akrotiri_and_Dhekelia","Episkopi Cantonment","http://dbpedia.org/resource/Episkopi_Cantonment","Episkopi Cantonment","http://dbpedia.org/resource/Episkopi_Cantonment","Ayios Nikolaos","http://dbpedia.org/resource/Ayios_Nikolaos_Station","[citation needed]"
"Åland Islands  (Finland)","http://dbpedia.org/resource/Åland_Islands","Mariehamn","http://dbpedia.org/resource/Mariehamn","Mariehamn","http://dbpedia.org/resource/Mariehamn","Jomala","http://dbpedia.org/resource/Jomala","[citation needed]"
"Albania","http://dbpedia.org/resource/Albania","Tirana","http://dbpedia.org/resource/Tirana","Tirana","http://dbpedia.org/resource/Tirana","Durrës","http://dbpedia.org/resource/Durrës","[1]"
"Algeriaa","http://dbpedia.org/resource/Algeria","Algiers","http://dbpedia.org/resource/Algiers","Algiers","http://dbpedia.org/resource/Algiers","Oran","http://dbpedia.org/resource/Oran","[2]"
"American Samoa (US))","http://dbpedia.org/resource/American_Samoa","Pago Pago","http://dbpedia.org/resource/Pago_Pago","Tafuna","http://dbpedia.org/resource/Tafuna,_American_Samoa","Nu'uuli","http://dbpedia.org/resource/Nu'uuli,_American_Samoa","[3]"
"Andorraa","http://dbpedia.org/resource/Andorra","Andorra la Vella","http://dbpedia.org/resource/Andorra_la_Vella","Andorra la Vella","http://dbpedia.org/resource/Andorra_la_Vella","Escaldes-Engordany","http://dbpedia.org/resource/Escaldes-Engordany","[4]"
"Angolaa","http://dbpedia.org/resource/Angola","Luanda","http://dbpedia.org/resource/Luanda","Luanda","http://dbpedia.org/resource/Luanda","Huambo","http://dbpedia.org/resource/Huambo","[5]"
"Anguilla (UK))","http://dbpedia.org/resource/Anguilla","The Valley","http://dbpedia.org/resource/The_Valley,_Anguilla","North Side","http://dbpedia.org/resource/North_Side,_Anguilla","The Valley","http://dbpedia.org/resource/The_Valley,_Anguilla","[6]"
"Antigua and Barbudaa","http://dbpedia.org/resource/Antigua_and_Barbuda","St. John's","http://dbpedia.org/resource/St._John's,_Antigua_and_Barbuda","St. John's","http://dbpedia.org/resource/St._John's,_Antigua_and_Barbuda","All Saints","http://dbpedia.org/resource/All_Saints,_Antigua_and_Barbuda","[7]"
"Argentinaa","http://dbpedia.org/resource/Argentina","Buenos Aires","http://dbpedia.org/resource/Buenos_Aires","Buenos Aires","http://dbpedia.org/resource/Buenos_Aires","Córdoba","http://dbpedia.org/resource/Córdoba,_Argentina","[8]"
"Armeniaa","http://dbpedia.org/resource/Armenia","Yerevan","http://dbpedia.org/resource/Yerevan","Yerevan","http://dbpedia.org/resource/Yerevan","Gyumri","http://dbpedia.org/resource/Gyumri","[9]"
"Artsakhh","http://dbpedia.org/resource/Republic_of_Artsakh","Stepanakert","http://dbpedia.org/resource/Stepanakert","Stepanakert","http://dbpedia.org/resource/Stepanakert","Shusha","http://dbpedia.org/resource/Shusha",""
"Arruba (Netherlands)","http://dbpedia.org/resource/Aruba","Oranjestad","http://dbpedia.org/resource/Oranjestad,_Aruba","Oranjestad","http://dbpedia.org/resource/Oranjestad,_Aruba","Sint Nicolaas","http://dbpedia.org/resource/Sint_Nicolaas,_Aruba","[10]"
"Australiaa","http://dbpedia.org/resource/Australia","Canberra","http://dbpedia.org/resource/Canberra","Sydney","http://dbpedia.org/resource/Sydney","Melbourne","http://dbpedia.org/resource/Melbourne","[11]"
"Austriaa","http://dbpedia.org/resource/Austria","Vienna","http://dbpedia.org/resource/Vienna","Vienna","http://dbpedia.org/resource/Vienna","Graz","http://dbpedia.org/resource/Graz","[12]"
"Azerbaijann","http://dbpedia.org/resource/Azerbaijan","Baku","http://dbpedia.org/resource/Baku","Baku","http://dbpedia.org/resource/Baku","Ganja","http://dbpedia.org/resource/Ganja,_Azerbaijan","[13]"
"Bahamass","http://dbpedia.org/resource/The_Bahamas","Nassau","http://dbpedia.org/resource/Nassau,_Bahamas","Nassau","http://dbpedia.org/resource/Nassau,_Bahamas","Freeport","http://dbpedia.org/resource/Freeport,_Bahamas","[14]"
"Bahraain","http://dbpedia.org/resource/Bahrain","Manama","http://dbpedia.org/resource/Manama","Manama","http://dbpedia.org/resource/Manama","Riffa","http://dbpedia.org/resource/Riffa","[15]"
"Bangladeshh","http://dbpedia.org/resource/Bangladesh","Dhaka","http://dbpedia.org/resource/Dhaka","Dhaka","http://dbpedia.org/resource/Dhaka","Chittagong","http://dbpedia.org/resource/Chittagong","[16]"
"Barbados","http://dbpedia.org/resource/Barbados","Bridgetown","http://dbpedia.org/resource/Bridgetown","Bridgetown","http://dbpedia.org/resource/Bridgetown","Speightstown","http://dbpedia.org/resource/Speightstown","[17]"
"Belarus","http://dbpedia.org/resource/Belarus","Minsk","http://dbpedia.org/resource/Minsk","Minsk","http://dbpedia.org/resource/Minsk","Gomel","http://dbpedia.org/resource/Gomel","[18]"
"Beelgium","http://dbpedia.org/resource/Belgium","Brussels","http://dbpedia.org/resource/Brussels","Brussels","http://dbpedia.org/resource/Brussels","Antwerp","http://dbpedia.org/resource/Antwerp","[19]"
"Belizee","http://dbpedia.org/resource/Belize","Belmopan","http://dbpedia.org/resource/Belmopan","Belize City","http://dbpedia.org/resource/Belize_City","San Ignacio","http://dbpedia.org/resource/San_Ignacio_(town)","[20]"
"Beninn","http://dbpedia.org/resource/Benin","Porto-Novo","http://dbpedia.org/resource/Porto-Novo","Cotonou","http://dbpedia.org/resource/Cotonou","Abomey-Calavi","http://dbpedia.org/resource/Abomey-Calavi","[21]"
"Bermuda (UK)","http://dbpedia.org/resource/Bermuda","Hamilton","http://dbpedia.org/resource/Hamilton,_Bermuda","St. George's","http://dbpedia.org/resource/St._George's,_Bermuda","Hamilton","http://dbpedia.org/resource/Hamilton,_Bermuda","[22]"
"Bhutan","http://dbpedia.org/resource/Bhutan","Thimphu","http://dbpedia.org/resource/Thimphu","Thimphu","http://dbpedia.org/resource/Thimphu","Phuntsholing","http://dbpedia.org/resource/Phuntsholing","[23]"
"Boliviaa","http://dbpedia.org/resource/Bolivia","Sucre","http://dbpedia.org/resource/Sucre","Santa Cruz de la Sierra","http://dbpedia.org/resource/Santa_Cruz_de_la_Sierra","El Alto","http://dbpedia.org/resource/El_Alto","[24]"
"Boliviaa","http://dbpedia.org/resource/Bolivia","La Paz","http://dbpedia.org/resource/La_Paz","Santa Cruz de la Sierra","http://dbpedia.org/resource/Santa_Cruz_de_la_Sierra","El Alto","http://dbpedia.org/resource/El_Alto","[24]"
"Bosnia and Herzegovinaa","http://dbpedia.org/resource/Bosnia_and_Herzegovina","Sarajevo","http://dbpedia.org/resource/Sarajevo","Sarajevo","http://dbpedia.org/resource/Sarajevo","Banja Luka","http://dbpedia.org/resource/Banja_Luka","[25]"
"Botswaana","http://dbpedia.org/resource/Botswana","Gaborone","http://dbpedia.org/resource/Gaborone","Gaborone","http://dbpedia.org/resource/Gaborone","Francistown","http://dbpedia.org/resource/Francistown","[26]"
"Brazzil","http://dbpedia.org/resource/Brazil","Brasília","http://dbpedia.org/resource/Brasília","São Paulo","http://dbpedia.org/resource/São_Paulo","Rio de Janeiro","http://dbpedia.org/resource/Rio_de_Janeiro","[27]"
"Brunei","http://dbpedia.org/resource/Brunei","Bandar Seri Begawan","http://dbpedia.org/resource/Bandar_Seri_Begawan","Bandar Seri Begawan","http://dbpedia.org/resource/Bandar_Seri_Begawan","Kuala Belait","http://dbpedia.org/resource/Kuala_Belait","[28]"
"Bulgariaa","http://dbpedia.org/resource/Bulgaria","Sofia","http://dbpedia.org/resource/Sofia","Sofia","http://dbpedia.org/resource/Sofia","Plovdiv","http://dbpedia.org/resource/Plovdiv","[29]"
"Burkina Fasoo","http://dbpedia.org/resource/Burkina_Faso","Ouagadougou","http://dbpedia.org/resource/Ouagadougou","Ouagadougou","http://dbpedia.org/resource/Ouagadougou","Bobo-Dioulasso","http://dbpedia.org/resource/Bobo-Dioulasso","[30]"
"Burundii","http://dbpedia.org/resource/Burundi","Gitega","http://dbpedia.org/resource/Gitega","Bujumbura","http://dbpedia.org/resource/Bujumbura","Muyinga","http://dbpedia.org/resource/Muyinga","[31]"
"Cambodia","http://dbpedia.org/resource/Cambodia","Phnom Penh","http://dbpedia.org/resource/Phnom_Penh","Phnom Penh","http://dbpedia.org/resource/Phnom_Penh","Siem Reap","http://dbpedia.org/resource/Siem_Reap","[32]"
"Camerooon","http://dbpedia.org/resource/Cameroon","Yaoundé","http://dbpedia.org/resource/Yaoundé","Douala","http://dbpedia.org/resource/Douala","Yaoundé","http://dbpedia.org/resource/Yaoundé","[33]"
"Canada","http://dbpedia.org/resource/Canada","Ottawa","http://dbpedia.org/resource/Ottawa","Toronto","http://dbpedia.org/resource/Toronto","Montreal","http://dbpedia.org/resource/Montreal","[34]"
"Cape Verde","http://dbpedia.org/resource/Cape_Verde","Praia","http://dbpedia.org/resource/Praia","Praia","http://dbpedia.org/resource/Praia","Mindelo","http://dbpedia.org/resource/Mindelo","[35]"
"Cayman Islands (UK))","http://dbpedia.org/resource/Cayman_Islands","George Town","http://dbpedia.org/resource/George_Town,_Cayman_Islands","George Town","http://dbpedia.org/resource/George_Town,_Cayman_Islands","Bodden Town","http://dbpedia.org/resource/Bodden_Town_(village)","[36]"
"Central African Republicc","http://dbpedia.org/resource/Central_African_Republic","Bangui","http://dbpedia.org/resource/Bangui","Bangui","http://dbpedia.org/resource/Bangui","Bimbo","http://dbpedia.org/resource/Bimbo,_Central_African_Republic","[37]"
"Chad","http://dbpedia.org/resource/Chad","N'Djamena","http://dbpedia.org/resource/N'Djamena","N'Djamena","http://dbpedia.org/resource/N'Djamena","Moundou","http://dbpedia.org/resource/Moundou","[38]"
"Chhile","http://dbpedia.org/resource/Chile","Santiago","http://dbpedia.org/resource/Santiago,_Chile","Santiago","http://dbpedia.org/resource/Santiago,_Chile","Puente Alto","http://dbpedia.org/resource/Puente_Alto","[39][40]"
"China, People's Republic of","http://dbpedia.org/resource/China","Beijing","http://dbpedia.org/resource/Beijing","Shanghai","http://dbpedia.org/resource/Shanghai","Beijing","http://dbpedia.org/resource/Beijing","[41]"
"Christmas Island (Australia)","http://dbpedia.org/resource/Christmas_Island","Flying Fish Cove","http://dbpedia.org/resource/Flying_Fish_Cove","Flying Fish Cove","http://dbpedia.org/resource/Flying_Fish_Cove","Poon Saan","http://dbpedia.org/resource/Poon_Saan",""
"Cocos (Keeling) Islands ((Australia)","http://dbpedia.org/resource/Cocos_(Keeling)_Islands","West Island","http://dbpedia.org/resource/West_Island,_Cocos_(Keeling)_Islands","Bantam","http://dbpedia.org/resource/Bantam,_Cocos_(Keeling)_Islands","West Island","http://dbpedia.org/resource/West_Island,_Cocos_(Keeling)_Islands",""
"Colombiaa","http://dbpedia.org/resource/Colombia","Bogotá","http://dbpedia.org/resource/Bogotá","Bogotá","http://dbpedia.org/resource/Bogotá","Medellín","http://dbpedia.org/resource/Medellín","[42]"
"Comorros","http://dbpedia.org/resource/Comoros","Moroni","http://dbpedia.org/resource/Moroni,_Comoros","Moroni","http://dbpedia.org/resource/Moroni,_Comoros","Mutsamudu","http://dbpedia.org/resource/Mutsamudu","[43]"
"Congo, Democratic Republic of thee","http://dbpedia.org/resource/Democratic_Republic_of_the_Congo","Kinshasa","http://dbpedia.org/resource/Kinshasa","Kinshasa","http://dbpedia.org/resource/Kinshasa","Lubumbashi","http://dbpedia.org/resource/Lubumbashi","[44]"
"Congo, Republic of thee","http://dbpedia.org/resource/Republic_of_the_Congo","Brazzaville","http://dbpedia.org/resource/Brazzaville","Brazzaville","http://dbpedia.org/resource/Brazzaville","Pointe-Noire","http://dbpedia.org/resource/Pointe-Noire","[45]"
"Cook Islands (New Zealand))","http://dbpedia.org/resource/Cook_Islands","Avarua","http://dbpedia.org/resource/Avarua","Avarua","http://dbpedia.org/resource/Avarua","Amuri","http://dbpedia.org/resource/Amuri,_Cook_Islands","[46]"
"Costa Rica","http://dbpedia.org/resource/Costa_Rica","San José","http://dbpedia.org/resource/San_José,_Costa_Rica","San José","http://dbpedia.org/resource/San_José,_Costa_Rica","Alajuela","http://dbpedia.org/resource/Alajuela","[47]"
"Côte d'Ivoire","http://dbpedia.org/resource/Ivory_Coast","Yamoussoukro","http://dbpedia.org/resource/Yamoussoukro","Abidjan","http://dbpedia.org/resource/Abidjan","Bouaké","http://dbpedia.org/resource/Bouaké","[48]"
"Croatiaa","http://dbpedia.org/resource/Croatia","Zagreb","http://dbpedia.org/resource/Zagreb","Zagreb","http://dbpedia.org/resource/Zagreb","Split","http://dbpedia.org/resource/Split_(city)","[49]"
"Cuba","http://dbpedia.org/resource/Cuba","Havana","http://dbpedia.org/resource/Havana","Havana","http://dbpedia.org/resource/Havana","Santiago de Cuba","http://dbpedia.org/resource/Santiago_de_Cuba","[50]"
"Curaçao (Netherlands))","http://dbpedia.org/resource/Curaçao","Willemstad","http://dbpedia.org/resource/Willemstad","Willemstad","http://dbpedia.org/resource/Willemstad","Sint Michiel","http://dbpedia.org/resource/Sint_Michiel","[51]"
"Cypruss","http://dbpedia.org/resource/Cyprus","Nicosia","http://dbpedia.org/resource/Nicosia","Nicosia","http://dbpedia.org/resource/Nicosia","Limassol","http://dbpedia.org/resource/Limassol","[52]"
"Czech Republicc","http://dbpedia.org/resource/Czech_Republic","Prague","http://dbpedia.org/resource/Prague","Prague","http://dbpedia.org/resource/Prague","Brno","http://dbpedia.org/resource/Brno","[53][54]"
"Czechh Republic","http://dbpedia.org/resource/Czech_Republic","Prague","http://dbpedia.org/resource/Prague","Prague","http://dbpedia.org/resource/Prague","Ostrava","http://dbpedia.org/resource/Ostrava","[53][54]"
"Denmark","http://dbpedia.org/resource/Denmark","Copenhagen","http://dbpedia.org/resource/Copenhagen","Copenhagen","http://dbpedia.org/resource/Copenhagen","Aarhus","http://dbpedia.org/resource/Aarhus","[55]"
"Djiboutii","http://dbpedia.org/resource/Djibouti","Djibouti","http://dbpedia.org/resource/Djibouti_(city)","Djibouti","http://dbpedia.org/resource/Djibouti_(city)","Ali Sabieh","http://dbpedia.org/resource/Ali_Sabieh","[56]"
"DDominica","http://dbpedia.org/resource/Dominica","Roseau","http://dbpedia.org/resource/Roseau","Roseau","http://dbpedia.org/resource/Roseau","Portsmouth","http://dbpedia.org/resource/Portsmouth,_Dominica","[57]"
"Domminican Republic","http://dbpedia.org/resource/Dominican_Republic","Santo Domingo","http://dbpedia.org/resource/Santo_Domingo","Santo Domingo","http://dbpedia.org/resource/Santo_Domingo","Santiago de los Caballeros","http://dbpedia.org/resource/Santiago_de_los_Caballeros","[58]"
"East Timorr","http://dbpedia.org/resource/East_Timor","Dili","http://dbpedia.org/resource/Dili","Dili","http://dbpedia.org/resource/Dili","Dare","http://dbpedia.org/resource/Dare,_East_Timor","[59]"
"Ecuador","http://dbpedia.org/resource/Ecuador","Quito","http://dbpedia.org/resource/Quito","Quito","http://dbpedia.org/resource/Quito","Guayaquil","http://dbpedia.org/resource/Guayaquil","[60]"
"Egypt","http://dbpedia.org/resource/Egypt","Cairo","http://dbpedia.org/resource/Cairo","Cairo","http://dbpedia.org/resource/Cairo","Alexandria","http://dbpedia.org/resource/Alexandria","[61]"
"El Salvador","http://dbpedia.org/resource/El_Salvador","San Salvador","http://dbpedia.org/resource/San_Salvador","San Salvador","http://dbpedia.org/resource/San_Salvador","Santa Ana","http://dbpedia.org/resource/Santa_Ana,_El_Salvador","[62]"
"Equatorial Guinea","http://dbpedia.org/resource/Equatorial_Guinea","Malabo","http://dbpedia.org/resource/Malabo","Bata","http://dbpedia.org/resource/Bata,_Equatorial_Guinea","Malabo","http://dbpedia.org/resource/Malabo","[63]"
"Eritreaa","http://dbpedia.org/resource/Eritrea","Asmara","http://dbpedia.org/resource/Asmara","Asmara","http://dbpedia.org/resource/Asmara","Keren","http://dbpedia.org/resource/Keren,_Eritrea","[64]"
"Estoniaa","http://dbpedia.org/resource/Estonia","Tallinn","http://dbpedia.org/resource/Tallinn","Tallinn","http://dbpedia.org/resource/Tallinn","Tartu","http://dbpedia.org/resource/Tartu","[65]"
"Eswatini","http://dbpedia.org/resource/Swaziland","Mbabane","http://dbpedia.org/resource/Mbabane","Manzini","http://dbpedia.org/resource/Manzini,_Swaziland","Mbabane","http://dbpedia.org/resource/Mbabane","[66]"
"Ethiopiaa","http://dbpedia.org/resource/Ethiopia","Addis Ababa","http://dbpedia.org/resource/Addis_Ababa","Addis Ababa","http://dbpedia.org/resource/Addis_Ababa","Dire Dawa","http://dbpedia.org/resource/Dire_Dawa","[67]"
"Falkland Islands (UK))","http://dbpedia.org/resource/Falkland_Islands","Stanley","http://dbpedia.org/resource/Stanley,_Falkland_Islands","Stanley","http://dbpedia.org/resource/Stanley,_Falkland_Islands","Goose Green","http://dbpedia.org/resource/Goose_Green","[68]"
"Faroe Islands (Denmark)","http://dbpedia.org/resource/Faroe_Islands","Tórshavn","http://dbpedia.org/resource/Tórshavn","Tórshavn","http://dbpedia.org/resource/Tórshavn","Klaksvík","http://dbpedia.org/resource/Klaksvík","[69]"
"Fiji","http://dbpedia.org/resource/Fiji","Suva","http://dbpedia.org/resource/Suva","Nasinu","http://dbpedia.org/resource/Nasinu","Suva","http://dbpedia.org/resource/Suva","[70]"
"Finlandd","http://dbpedia.org/resource/Finland","Helsinki","http://dbpedia.org/resource/Helsinki","Helsinki","http://dbpedia.org/resource/Helsinki","Espoo","http://dbpedia.org/resource/Espoo","[71][72]"
"Finlannd","http://dbpedia.org/resource/Finland","Helsinki","http://dbpedia.org/resource/Helsinki","Helsinki","http://dbpedia.org/resource/Helsinki","Tampere","http://dbpedia.org/resource/Tampere","[71][72]"
"Francee","http://dbpedia.org/resource/France","Paris","http://dbpedia.org/resource/Paris","Paris","http://dbpedia.org/resource/Paris","Marseille","http://dbpedia.org/resource/Marseille","[73][74]"
"France","http://dbpedia.org/resource/France","Paris","http://dbpedia.org/resource/Paris","Paris","http://dbpedia.org/resource/Paris","Lyon","http://dbpedia.org/resource/Lyon","[73][74]"
"French Guiaana (France)","http://dbpedia.org/resource/French_Guiana","Cayenne","http://dbpedia.org/resource/Cayenne","Cayenne","http://dbpedia.org/resource/Cayenne","Saint-Laurent-du-Maroni","http://dbpedia.org/resource/Saint-Laurent-du-Maroni","[75]"
"French Polynesia (France))","http://dbpedia.org/resource/French_Polynesia","Papeete","http://dbpedia.org/resource/Papeete","Papeete","http://dbpedia.org/resource/Papeete","Mahina","http://dbpedia.org/resource/Mahina,_French_Polynesia","[76]"
"Gabonn","http://dbpedia.org/resource/Gabon","Libreville","http://dbpedia.org/resource/Libreville","Libreville","http://dbpedia.org/resource/Libreville","Port-Gentil","http://dbpedia.org/resource/Port-Gentil","[77]"
"Gambia, Thee","http://dbpedia.org/resource/The_Gambia","Banjul","http://dbpedia.org/resource/Banjul","Serekunda","http://dbpedia.org/resource/Serekunda","Brikama","http://dbpedia.org/resource/Brikama","[78]"
"Georgia","http://dbpedia.org/resource/Georgia_(country)","Tbilisi","http://dbpedia.org/resource/Tbilisi","Tbilisi","http://dbpedia.org/resource/Tbilisi","Batumi","http://dbpedia.org/resource/Batumi","[79]"
"Germany","http://dbpedia.org/resource/Germany","Berlin","http://dbpedia.org/resource/Berlin","Berlin","http://dbpedia.org/resource/Berlin","Hamburg","http://dbpedia.org/resource/Hamburg","[80][81]"
"Germanyy","http://dbpedia.org/resource/Germany","Berlin","http://dbpedia.org/resource/Berlin","Rhine-Ruhr","http://dbpedia.org/resource/Rhine-Ruhr","Berlin","http://dbpedia.org/resource/Berlin",""
"Ghanaa","http://dbpedia.org/resource/Ghana","Accra","http://dbpedia.org/resource/Accra","Accra","http://dbpedia.org/resource/Accra","Kumasi","http://dbpedia.org/resource/Kumasi","[82]"
"Gibraltar (UK)","http://dbpedia.org/resource/Gibraltar","Gibraltar","http://dbpedia.org/resource/Gibraltar","Gibraltar","http://dbpedia.org/resource/Gibraltar","","","[83]"
"Greece","http://dbpedia.org/resource/Greece","Athens","http://dbpedia.org/resource/Athens","Athens","http://dbpedia.org/resource/Athens","Thessaloniki","http://dbpedia.org/resource/Thessaloniki","[84]"
"Greenland (Denmark))","http://dbpedia.org/resource/Greenland","Nuuk","http://dbpedia.org/resource/Nuuk","Nuuk","http://dbpedia.org/resource/Nuuk","Sisimiut","http://dbpedia.org/resource/Sisimiut","[85]"
"Grenadaa","http://dbpedia.org/resource/Grenada","St. George's","http://dbpedia.org/resource/St._George's,_Grenada","St. George's","http://dbpedia.org/resource/St._George's,_Grenada","Gouyave","http://dbpedia.org/resource/Gouyave","[86]"
"Guam (US)","http://dbpedia.org/resource/Guam","Hagåtña","http://dbpedia.org/resource/Hagåtña,_Guam","Dededo","http://dbpedia.org/resource/Dededo","Yigo","http://dbpedia.org/resource/Yigo","[87]"
"Guaatemala","http://dbpedia.org/resource/Guatemala","Guatemala City","http://dbpedia.org/resource/Guatemala_City","Guatemala City","http://dbpedia.org/resource/Guatemala_City","Quetzaltenango","http://dbpedia.org/resource/Quetzaltenango","[88]"
"Guernsey (UK))","http://dbpedia.org/resource/Guernsey","Saint Peter Port","http://dbpedia.org/resource/Saint_Peter_Port","Saint Peter Port","http://dbpedia.org/resource/Saint_Peter_Port","Vale","http://dbpedia.org/resource/Vale,_Guernsey","[89]"
"Guineaa","http://dbpedia.org/resource/Guinea","Conakry","http://dbpedia.org/resource/Conakry","Conakry","http://dbpedia.org/resource/Conakry","Nzérékoré","http://dbpedia.org/resource/Nzérékoré","[90]"
"Guinea-Bissaau","http://dbpedia.org/resource/Guinea-Bissau","Bissau","http://dbpedia.org/resource/Bissau","Bissau","http://dbpedia.org/resource/Bissau","Gabú","http://dbpedia.org/resource/Gabú","[91]"
"Guyaana","http://dbpedia.org/resource/Guyana","Georgetown","http://dbpedia.org/resource/Georgetown,_Guyana","Georgetown","http://dbpedia.org/resource/Georgetown,_Guyana","Linden","http://dbpedia.org/resource/Linden,_Guyana","[92]"
"Haiti","http://dbpedia.org/resource/Haiti","Port-au-Prince","http://dbpedia.org/resource/Port-au-Prince","Port-au-Prince","http://dbpedia.org/resource/Port-au-Prince","Gonaïves","http://dbpedia.org/resource/Gonaïves","[93]"
"Honduras","http://dbpedia.org/resource/Honduras","Tegucigalpa","http://dbpedia.org/resource/Tegucigalpa","Tegucigalpa","http://dbpedia.org/resource/Tegucigalpa","San Pedro Sula","http://dbpedia.org/resource/San_Pedro_Sula","[94]"
"Hungaryy","http://dbpedia.org/resource/Hungary","Budapest","http://dbpedia.org/resource/Budapest","Budapest","http://dbpedia.org/resource/Budapest","Debrecen","http://dbpedia.org/resource/Debrecen","[95]"
"Iceland","http://dbpedia.org/resource/Iceland","Reykjavík","http://dbpedia.org/resource/Reykjavík","Reykjavík","http://dbpedia.org/resource/Reykjavík","Kópavogur","http://dbpedia.org/resource/Kópavogur","[96]"
"Inndia","http://dbpedia.org/resource/India","New Delhi","http://dbpedia.org/resource/New_Delhi","Mumbai","http://dbpedia.org/resource/Mumbai","Delhi","http://dbpedia.org/resource/Delhi","[97]"
"Indonesiaa","http://dbpedia.org/resource/Indonesia","Jakarta","http://dbpedia.org/resource/Jakarta","Jakarta","http://dbpedia.org/resource/Jakarta","Surabaya","http://dbpedia.org/resource/Surabaya","[98][99]"
"Irann","http://dbpedia.org/resource/Iran","Tehran","http://dbpedia.org/resource/Tehran","Tehran","http://dbpedia.org/resource/Tehran","Mashhad","http://dbpedia.org/resource/Mashhad","[100][101]"
"Iraq","http://dbpedia.org/resource/Iraq","Baghdad","http://dbpedia.org/resource/Baghdad","Baghdad","http://dbpedia.org/resource/Baghdad","Basra","http://dbpedia.org/resource/Basra","[102]"
"Irelandd","http://dbpedia.org/resource/Republic_of_Ireland","Dublin","http://dbpedia.org/resource/Dublin","Dublin","http://dbpedia.org/resource/Dublin","Cork","http://dbpedia.org/resource/Cork_(city)","[103]"
"Isle of Man (UK)","http://dbpedia.org/resource/Isle_of_Man","Douglas","http://dbpedia.org/resource/Douglas,_Isle_of_Man","Douglas","http://dbpedia.org/resource/Douglas,_Isle_of_Man","Onchan","http://dbpedia.org/resource/Onchan","[104]"
"Isrrael","http://dbpedia.org/resource/Israel","Jerusalem","http://dbpedia.org/resource/Jerusalem","Jerusalem","http://dbpedia.org/resource/Jerusalem","Tel Aviv","http://dbpedia.org/resource/Tel_Aviv","[105][106]"
"Itaaly","http://dbpedia.org/resource/Italy","Rome","http://dbpedia.org/resource/Rome","Rome","http://dbpedia.org/resource/Rome","Milan","http://dbpedia.org/resource/Milan","[107][108]"
"Jamaica","http://dbpedia.org/resource/Jamaica","Kingston","http://dbpedia.org/resource/Kingston,_Jamaica","Kingston","http://dbpedia.org/resource/Kingston,_Jamaica","Spanish Town","http://dbpedia.org/resource/Spanish_Town","[109]"
"Japan","http://dbpedia.org/resource/Japan","Tokyo","http://dbpedia.org/resource/Tokyo","Tokyo","http://dbpedia.org/resource/Tokyo","Yokohama","http://dbpedia.org/resource/Yokohama","[110][111]"
"Japan","http://dbpedia.org/resource/Japan","Tokyo","http://dbpedia.org/resource/Tokyo","Tokyo","http://dbpedia.org/resource/Tokyo","Osaka","http://dbpedia.org/resource/Osaka","[110][111]"
"Jersey (UK))","http://dbpedia.org/resource/Jersey","Saint Helier","http://dbpedia.org/resource/Saint_Helier","Saint Helier","http://dbpedia.org/resource/Saint_Helier","Saint Saviour","http://dbpedia.org/resource/Saint_Saviour,_Jersey","[112]"
"Jordann","http://dbpedia.org/resource/Jordan","Amman","http://dbpedia.org/resource/Amman","Amman","http://dbpedia.org/resource/Amman","Zarqa","http://dbpedia.org/resource/Zarqa","[113]"
"Kazakhstann","http://dbpedia.org/resource/Kazakhstan","Nur-Sultan","http://dbpedia.org/resource/Astana","Almaty","http://dbpedia.org/resource/Almaty","Nur-Sultan","http://dbpedia.org/resource/Astana","[114]/"
"KKenya","http://dbpedia.org/resource/Kenya","Nairobi","http://dbpedia.org/resource/Nairobi","Nairobi","http://dbpedia.org/resource/Nairobi","Mombasa","http://dbpedia.org/resource/Mombasa","[115]"
"Kiribati","http://dbpedia.org/resource/Kiribati","Tarawa","http://dbpedia.org/resource/Tarawa","Betio","http://dbpedia.org/resource/Betio","Bairiki","http://dbpedia.org/resource/Bairiki","[116]"
"Korea, North","http://dbpedia.org/resource/North_Korea","Pyongyang","http://dbpedia.org/resource/Pyongyang","Pyongyang","http://dbpedia.org/resource/Pyongyang","Hamhung","http://dbpedia.org/resource/Hamhung","[117]"
"Korea, South","http://dbpedia.org/resource/South_Korea","Seoul","http://dbpedia.org/resource/Seoul","Seoul","http://dbpedia.org/resource/Seoul","Busan","http://dbpedia.org/resource/Busan","[118]"
"Kosovoo","http://dbpedia.org/resource/Kosovo","Pristina","http://dbpedia.org/resource/Pristina","Pristina","http://dbpedia.org/resource/Pristina","Prizren","http://dbpedia.org/resource/Prizren","[119]"
"Kuwaitt","http://dbpedia.org/resource/Kuwait","Kuwait City","http://dbpedia.org/resource/Kuwait_City","Kuwait City","http://dbpedia.org/resource/Kuwait_City","Al Jahra","http://dbpedia.org/resource/Al_Jahra","[120]"
"Kyrggyzstan","http://dbpedia.org/resource/Kyrgyzstan","Bishkek","http://dbpedia.org/resource/Bishkek","Bishkek","http://dbpedia.org/resource/Bishkek","Osh","http://dbpedia.org/resource/Osh","[121]"
"Laos","http://dbpedia.org/resource/Laos","Vientiane","http://dbpedia.org/resource/Vientiane","Vientiane","http://dbpedia.org/resource/Vientiane","Pakxe","http://dbpedia.org/resource/Pakxe","[122]"
"Latvia","http://dbpedia.org/resource/Latvia","Riga","http://dbpedia.org/resource/Riga","Riga","http://dbpedia.org/resource/Riga","Daugavpils","http://dbpedia.org/resource/Daugavpils","[123]"
"Lebanonn","http://dbpedia.org/resource/Lebanon","Beirut","http://dbpedia.org/resource/Beirut","Beirut","http://dbpedia.org/resource/Beirut","Tripoli","http://dbpedia.org/resource/Tripoli,_Lebanon","[124]"
"Lesotho","http://dbpedia.org/resource/Lesotho","Maseru","http://dbpedia.org/resource/Maseru","Maseru","http://dbpedia.org/resource/Maseru","Teyateyaneng","http://dbpedia.org/resource/Teyateyaneng","[125]"
"Liberiaa","http://dbpedia.org/resource/Liberia","Monrovia","http://dbpedia.org/resource/Monrovia","Monrovia","http://dbpedia.org/resource/Monrovia","Gbarnga","http://dbpedia.org/resource/Gbarnga","[126]"
"Libyaa","http://dbpedia.org/resource/Libya","Tripoli","http://dbpedia.org/resource/Tripoli","Tripoli","http://dbpedia.org/resource/Tripoli","Benghazi","http://dbpedia.org/resource/Benghazi","[127]"
"Liechtensteinn","http://dbpedia.org/resource/Liechtenstein","Vaduz","http://dbpedia.org/resource/Vaduz","Schaan","http://dbpedia.org/resource/Schaan","Vaduz","http://dbpedia.org/resource/Vaduz","[128]"
"Lithuaniaa","http://dbpedia.org/resource/Lithuania","Vilnius","http://dbpedia.org/resource/Vilnius","Vilnius","http://dbpedia.org/resource/Vilnius","Kaunas","http://dbpedia.org/resource/Kaunas","[129]"
"Luxembouurg","http://dbpedia.org/resource/Luxembourg","Luxembourg City","http://dbpedia.org/resource/Luxembourg_City","Luxembourg City","http://dbpedia.org/resource/Luxembourg_City","Esch-sur-Alzette","http://dbpedia.org/resource/Esch-sur-Alzette","[130]"
"Madagascarr","http://dbpedia.org/resource/Madagascar","Antananarivo","http://dbpedia.org/resource/Antananarivo","Antananarivo","http://dbpedia.org/resource/Antananarivo","Toamasina","http://dbpedia.org/resource/Toamasina","[131]"
"Malawi","http://dbpedia.org/resource/Malawi","Lilongwe","http://dbpedia.org/resource/Lilongwe","Lilongwe","http://dbpedia.org/resource/Lilongwe","Blantyre","http://dbpedia.org/resource/Blantyre,_Malawi","[132]"
"Malaysia","http://dbpedia.org/resource/Malaysia","Kuala Lumpur","http://dbpedia.org/resource/Kuala_Lumpur","Kuala Lumpur","http://dbpedia.org/resource/Kuala_Lumpur","George Town","http://dbpedia.org/resource/George_Town,_Penang","[133]"
"Maldivess","http://dbpedia.org/resource/Maldives","Malé","http://dbpedia.org/resource/Malé","Malé","http://dbpedia.org/resource/Malé","Addu City","http://dbpedia.org/resource/Addu_City","[134]"
"Mali","http://dbpedia.org/resource/Mali","Bamako","http://dbpedia.org/resource/Bamako","Bamako","http://dbpedia.org/resource/Bamako","Sikasso","http://dbpedia.org/resource/Sikasso","[135]"
"Mallta","http://dbpedia.org/resource/Malta","Valletta","http://dbpedia.org/resource/Valletta","Valletta","http://dbpedia.org/resource/Valletta","","","[136]"
"Marshall Islands","http://dbpedia.org/resource/Marshall_Islands","Majuro","http://dbpedia.org/resource/Majuro","Ebeye","http://dbpedia.org/resource/Ebeye","Rita","http://dbpedia.org/resource/Rita,_Marshall_Islands","[137]"
"Mauritania","http://dbpedia.org/resource/Mauritania","Nouakchott","http://dbpedia.org/resource/Nouakchott","Nouakchott","http://dbpedia.org/resource/Nouakchott","Nouadhibou","http://dbpedia.org/resource/Nouadhibou","[138]"
"Mauritius","http://dbpedia.org/resource/Mauritius","Port Louis","http://dbpedia.org/resource/Port_Louis","Port Louis","http://dbpedia.org/resource/Port_Louis","Beau Bassin-Rose Hill","http://dbpedia.org/resource/Beau_Bassin-Rose_Hill","[139]"
"Mayotte (France)","http://dbpedia.org/resource/Mayotte","Mamoudzou","http://dbpedia.org/resource/Mamoudzou","Mamoudzou","http://dbpedia.org/resource/Mamoudzou","Koungou","http://dbpedia.org/resource/Koungou",""
"Mexico","http://dbpedia.org/resource/Mexico","Mexico City","http://dbpedia.org/resource/Mexico_City","Mexico City","http://dbpedia.org/resource/Mexico_City","Ecatepec","http://dbpedia.org/resource/Ecatepec","[140]"
"Federated States of Micronesia","http://dbpedia.org/resource/Federated_States_of_Micronesia","Palikir","http://dbpedia.org/resource/Palikir","Weno","http://dbpedia.org/resource/Weno","Palikir","http://dbpedia.org/resource/Palikir","[141]"
"Molldova","http://dbpedia.org/resource/Moldova","Chişinău","http://dbpedia.org/resource/Chişinău","Chişinău","http://dbpedia.org/resource/Chişinău","Tiraspol","http://dbpedia.org/resource/Tiraspol","[142]"
"Monaco","http://dbpedia.org/resource/Monaco","Monaco","http://dbpedia.org/resource/Monaco","Monte Carlo","http://dbpedia.org/resource/Monte_Carlo","La Condamine","http://dbpedia.org/resource/La_Condamine","[143]"
"Mongoolia","http://dbpedia.org/resource/Mongolia","Ulaanbaatar","http://dbpedia.org/resource/Ulaanbaatar","Ulaanbaatar","http://dbpedia.org/resource/Ulaanbaatar","Darkhan","http://dbpedia.org/resource/Darkhan_(city)","[144]"
"Monteenegro","http://dbpedia.org/resource/Montenegro","Podgorica","http://dbpedia.org/resource/Podgorica","Podgorica","http://dbpedia.org/resource/Podgorica","Nikšić","http://dbpedia.org/resource/Nikšić","[145]"
"Montserrat (UK))","http://dbpedia.org/resource/Montserrat","Brades[Note 1]","http://dbpedia.org/resource/Brades","Brades","http://dbpedia.org/resource/Brades","Saint Peter's","","[146]"
"Morocco","http://dbpedia.org/resource/Morocco","Rabat","http://dbpedia.org/resource/Rabat","Casablanca","http://dbpedia.org/resource/Casablanca","Fez","http://dbpedia.org/resource/Fez,_Morocco","[147]"
"Mozambiique","http://dbpedia.org/resource/Mozambique","Maputo","http://dbpedia.org/resource/Maputo","Matola","http://dbpedia.org/resource/Matola","Beira","http://dbpedia.org/resource/Beira,_Mozambique","[148]"
"Myanmaar","http://dbpedia.org/resource/Myanmar","Nay Pyi Taw","http://dbpedia.org/resource/Nay_Pyi_Taw","Yangon","http://dbpedia.org/resource/Yangon","Mandalay","http://dbpedia.org/resource/Mandalay","[149]"
"Namibiaa","http://dbpedia.org/resource/Namibia","Windhoek","http://dbpedia.org/resource/Windhoek","Windhoek","http://dbpedia.org/resource/Windhoek","Rundu","http://dbpedia.org/resource/Rundu","[150]"
"Nauru","http://dbpedia.org/resource/Nauru","Yaren[Note 2]","http://dbpedia.org/resource/Yaren_District","Yaren","http://dbpedia.org/resource/Yaren_District","Denigomudu","http://dbpedia.org/resource/Denigomodu_District",""
"Nepall","http://dbpedia.org/resource/Nepal","Kathmandu","http://dbpedia.org/resource/Kathmandu","Kathmandu","http://dbpedia.org/resource/Kathmandu","Pokhara","http://dbpedia.org/resource/Pokhara","[151]"
"Netherlands","http://dbpedia.org/resource/Netherlands","Amsterdam","http://dbpedia.org/resource/Amsterdam","Amsterdam","http://dbpedia.org/resource/Amsterdam","Rotterdam","http://dbpedia.org/resource/Rotterdam","[152][153]"
"New Caledonia  (France)","http://dbpedia.org/resource/New_Caledonia","Nouméa","http://dbpedia.org/resource/Nouméa","Nouméa","http://dbpedia.org/resource/Nouméa","Wé","http://dbpedia.org/resource/Wé","[154]"
"New Zealandd","http://dbpedia.org/resource/New_Zealand","Wellington","http://dbpedia.org/resource/Wellington","Auckland","http://dbpedia.org/resource/Auckland","Christchurch","http://dbpedia.org/resource/Christchurch","[155]"
"New Zeaaland","http://dbpedia.org/resource/New_Zealand","Wellington","http://dbpedia.org/resource/Wellington","Auckland","http://dbpedia.org/resource/Auckland","Wellington","http://dbpedia.org/resource/Wellington","[155]"
"Nicaaragua","http://dbpedia.org/resource/Nicaragua","Managua","http://dbpedia.org/resource/Managua","Managua","http://dbpedia.org/resource/Managua","León","http://dbpedia.org/resource/León,_Nicaragua","[156]"
"Nigerr","http://dbpedia.org/resource/Niger","Niamey","http://dbpedia.org/resource/Niamey","Niamey","http://dbpedia.org/resource/Niamey","Zinder","http://dbpedia.org/resource/Zinder","[157]"
"Nigeriaa","http://dbpedia.org/resource/Nigeria","Abuja","http://dbpedia.org/resource/Abuja","Lagos","http://dbpedia.org/resource/Lagos","Kano","http://dbpedia.org/resource/Kano","[158]"
"Niue (New Zealand))","http://dbpedia.org/resource/Niue","Alofi","http://dbpedia.org/resource/Alofi","Alofi","http://dbpedia.org/resource/Alofi","Hakupu","http://dbpedia.org/resource/Hakupu","[159]"
"Norfolk Island (Australia))","http://dbpedia.org/resource/Norfolk_Island","Kingston","http://dbpedia.org/resource/Kingston,_Norfolk_Island","Burnt Pine","http://dbpedia.org/resource/Burnt_Pine","Kingston","http://dbpedia.org/resource/Kingston,_Norfolk_Island",""
"North Macedoniaa","http://dbpedia.org/resource/North_Macedonia","Skopje","http://dbpedia.org/resource/Skopje","Skopje","http://dbpedia.org/resource/Skopje","Bitola","http://dbpedia.org/resource/Bitola","[160]"
"Northernn Cyprus","http://dbpedia.org/resource/Northern_Cyprus","North Nicosia","http://dbpedia.org/resource/North_Nicosia","North Nicosia","http://dbpedia.org/resource/North_Nicosia","Famagusta","http://dbpedia.org/resource/Famagusta",""
"Northern Mariana Islands (US))","http://dbpedia.org/resource/Northern_Mariana_Islands","San Antonio","http://dbpedia.org/resource/San_Antonio,_Saipan","San Antonio[Note 3]","http://dbpedia.org/resource/San_Antonio,_Saipan","Garapan[Note 3]","http://dbpedia.org/resource/Garapan","[161]"
"Norwayy","http://dbpedia.org/resource/Norway","Oslo","http://dbpedia.org/resource/Oslo","Oslo","http://dbpedia.org/resource/Oslo","Bergen","http://dbpedia.org/resource/Bergen","[162]"
"Omaan","http://dbpedia.org/resource/Oman","Muscat","http://dbpedia.org/resource/Muscat,_Oman","Muscat","http://dbpedia.org/resource/Muscat,_Oman","Salalah","http://dbpedia.org/resource/Salalah","[163]"
"Pakistan","http://dbpedia.org/resource/Pakistan","Islamabad","http://dbpedia.org/resource/Islamabad","Karachi","http://dbpedia.org/resource/Karachi","Lahore","http://dbpedia.org/resource/Lahore","[164]"
"Palauu","http://dbpedia.org/resource/Palau","Ngerulmud","http://dbpedia.org/resource/Ngerulmud","Koror","http://dbpedia.org/resource/Koror","Airai","http://dbpedia.org/resource/Airai","[165]"
"State of Palestinee","http://dbpedia.org/resource/State_of_Palestine","East Jerusalem","http://dbpedia.org/resource/East_Jerusalem","Gaza City","http://dbpedia.org/resource/Gaza_City","Hebron","http://dbpedia.org/resource/Hebron","[166][167]"
"State of PPalestine","http://dbpedia.org/resource/State_of_Palestine","East Jerusalem","http://dbpedia.org/resource/East_Jerusalem","Gaza City","http://dbpedia.org/resource/Gaza_City","East Jerusalem","http://dbpedia.org/resource/East_Jerusalem","[166][167]"
"Panamaa","http://dbpedia.org/resource/Panama","Panama City","http://dbpedia.org/resource/Panama_City","Panama City","http://dbpedia.org/resource/Panama_City","Colón","http://dbpedia.org/resource/Colón,_Panama","[168]"
"Papua New Guinea","http://dbpedia.org/resource/Papua_New_Guinea","Port Moresby","http://dbpedia.org/resource/Port_Moresby","Port Moresby","http://dbpedia.org/resource/Port_Moresby","Lae","http://dbpedia.org/resource/Lae","[169]"
"Paraguay","http://dbpedia.org/resource/Paraguay","Asunción","http://dbpedia.org/resource/Asunción","Asunción","http://dbpedia.org/resource/Asunción","Ciudad del Este","http://dbpedia.org/resource/Ciudad_del_Este","[170]"
"Peeru","http://dbpedia.org/resource/Peru","Lima","http://dbpedia.org/resource/Lima","Lima","http://dbpedia.org/resource/Lima","Arequipa","http://dbpedia.org/resource/Arequipa","[171]"
"Philippines[Note 4]]","http://dbpedia.org/resource/Philippines","Manila","http://dbpedia.org/resource/Manila","Quezon City","http://dbpedia.org/resource/Quezon_City","Manila","http://dbpedia.org/resource/Manila","[172]"
"Philippines[Note 4]","http://dbpedia.org/resource/Philippines","Manila","http://dbpedia.org/resource/Manila","Metro Manila","http://dbpedia.org/resource/Metro_Manila","Metro Cebu","http://dbpedia.org/resource/Metro_Cebu","[172]"
"Pitcairn Islands (UK)","http://dbpedia.org/resource/Pitcairn_Islands","Adamstown","http://dbpedia.org/resource/Adamstown,_Pitcairn_Islands","Adamstown","http://dbpedia.org/resource/Adamstown,_Pitcairn_Islands","","",""
"Polandd","http://dbpedia.org/resource/Poland","Warsaw","http://dbpedia.org/resource/Warsaw","Warsaw","http://dbpedia.org/resource/Warsaw","Kraków","http://dbpedia.org/resource/Kraków","[173][174]"
"Portuugal","http://dbpedia.org/resource/Portugal","Lisbon","http://dbpedia.org/resource/Lisbon","Lisbon","http://dbpedia.org/resource/Lisbon","Vila Nova de Gaia","http://dbpedia.org/resource/Vila_Nova_de_Gaia","[175]"
"Portuggal","http://dbpedia.org/resource/Portugal","Lisbon","http://dbpedia.org/resource/Lisbon","Lisbon","http://dbpedia.org/resource/Lisbon","Porto","http://dbpedia.org/resource/Metropolitan_Area_of_Porto","[175]"
"Puerto Rico (US)","http://dbpedia.org/resource/Puerto_Rico","San Juan","http://dbpedia.org/resource/San_Juan,_Puerto_Rico","San Juan","http://dbpedia.org/resource/San_Juan,_Puerto_Rico","Bayamón","http://dbpedia.org/resource/Bayamón,_Puerto_Rico","[176][177]"
"Puerto Rico (US))","http://dbpedia.org/resource/Puerto_Rico","San Juan","http://dbpedia.org/resource/San_Juan,_Puerto_Rico","San Juan","http://dbpedia.org/resource/San_Juan,_Puerto_Rico","Ponce","http://dbpedia.org/resource/Ponce,_Puerto_Rico","[176][177]"
"Qataar","http://dbpedia.org/resource/Qatar","Doha","http://dbpedia.org/resource/Doha","Doha","http://dbpedia.org/resource/Doha","Al Rayyan","http://dbpedia.org/resource/Al_Rayyan","[178]"
"Romaniaa","http://dbpedia.org/resource/Romania","Bucharest","http://dbpedia.org/resource/Bucharest","Bucharest","http://dbpedia.org/resource/Bucharest","Iași","http://dbpedia.org/resource/Iași",""
"Romaania","http://dbpedia.org/resource/Romania","Bucharest","http://dbpedia.org/resource/Bucharest","Bucharest","http://dbpedia.org/resource/Bucharest","Constanța","http://dbpedia.org/resource/Constanța","[179]"
"Russiaa","http://dbpedia.org/resource/Russia","Moscow","http://dbpedia.org/resource/Moscow","Moscow","http://dbpedia.org/resource/Moscow","Saint Petersburg","http://dbpedia.org/resource/Saint_Petersburg","[180]"
"Rwandaa","http://dbpedia.org/resource/Rwanda","Kigali","http://dbpedia.org/resource/Kigali","Kigali","http://dbpedia.org/resource/Kigali","Muhanga","http://dbpedia.org/resource/Muhanga","[181]"
"Saint Barthélemy (France))","http://dbpedia.org/resource/Saint_Barthélemy","Gustavia","http://dbpedia.org/resource/Gustavia,_Saint_Barthélemy","Gustavia","http://dbpedia.org/resource/Gustavia,_Saint_Barthélemy","St. Jean","http://dbpedia.org/resource/Saint_Jean,_Saint_Barthélemy",""
"Saiint Helena (UK)","http://dbpedia.org/resource/Saint_Helena","Jamestown","http://dbpedia.org/resource/Jamestown,_Saint_Helena","Half Tree Hollow","http://dbpedia.org/resource/Half_Tree_Hollow","Jamestown","http://dbpedia.org/resource/Jamestown,_Saint_Helena","[182]"
"Saint Kitts and Neviss","http://dbpedia.org/resource/Saint_Kitts_and_Nevis","Basseterre","http://dbpedia.org/resource/Basseterre","Basseterre","http://dbpedia.org/resource/Basseterre","Charlestown","http://dbpedia.org/resource/Charlestown,_Saint_Kitts_and_Nevis","[183]"
"Saint Lucia","http://dbpedia.org/resource/Saint_Lucia","Castries","http://dbpedia.org/resource/Castries","Castries","http://dbpedia.org/resource/Castries","Gros Islet","http://dbpedia.org/resource/Gros_Islet","[184]"
"Saint Martin (Francce)","http://dbpedia.org/resource/Collectivity_of_Saint_Martin","Marigot","http://dbpedia.org/resource/Marigot,_Saint_Martin","Marigot","http://dbpedia.org/resource/Marigot,_Saint_Martin","Rambaud","",""
"Saint Pierre and Miquelon (France))","http://dbpedia.org/resource/Saint_Pierre_and_Miquelon","Saint-Pierre","http://dbpedia.org/resource/Saint-Pierre,_Saint_Pierre_and_Miquelon","Saint-Pierre","http://dbpedia.org/resource/Saint-Pierre,_Saint_Pierre_and_Miquelon","Miquelon","http://dbpedia.org/resource/Miquelon-Langlade","[185]"
"Saint Vincent and thhe Grenadines","http://dbpedia.org/resource/Saint_Vincent_and_the_Grenadines","Kingstown","http://dbpedia.org/resource/Kingstown","Kingstown","http://dbpedia.org/resource/Kingstown","Georgetown","http://dbpedia.org/resource/Georgetown,_Saint_Vincent_and_the_Grenadines","[186]"
"Samoa","http://dbpedia.org/resource/Samoa","Apia","http://dbpedia.org/resource/Apia","Apia","http://dbpedia.org/resource/Apia","Vaitele","","[187]"
"Sann Marino","http://dbpedia.org/resource/San_Marino","San Marino","http://dbpedia.org/resource/City_of_San_Marino","Dogana","http://dbpedia.org/resource/Dogana","Borgo Maggiore","http://dbpedia.org/resource/Borgo_Maggiore","[188]"
"São Tomé and Príncipee","http://dbpedia.org/resource/São_Tomé_and_Príncipe","São Tomé","http://dbpedia.org/resource/São_Tomé","São Tomé","http://dbpedia.org/resource/São_Tomé","Trindade","http://dbpedia.org/resource/Trindade,_São_Tomé_and_Principe","[189]"
"Saudi Arabiaa","http://dbpedia.org/resource/Saudi_Arabia","Riyadh","http://dbpedia.org/resource/Riyadh","Riyadh","http://dbpedia.org/resource/Riyadh","Jeddah","http://dbpedia.org/resource/Jeddah","[190]"
"Senegal","http://dbpedia.org/resource/Senegal","Dakar","http://dbpedia.org/resource/Dakar","Dakar","http://dbpedia.org/resource/Dakar","Touba","http://dbpedia.org/resource/Touba,_Senegal","[191]"
"Serbiaa","http://dbpedia.org/resource/Serbia","Belgrade","http://dbpedia.org/resource/Belgrade","Belgrade","http://dbpedia.org/resource/Belgrade","Novi Sad","http://dbpedia.org/resource/Novi_Sad","[192]"
"Seycchelles","http://dbpedia.org/resource/Seychelles","Victoria","http://dbpedia.org/resource/Victoria,_Seychelles","Victoria","http://dbpedia.org/resource/Victoria,_Seychelles","Anse Etoile","http://dbpedia.org/resource/Anse_Etoile",""
"Sierra Leone","http://dbpedia.org/resource/Sierra_Leone","Freetown","http://dbpedia.org/resource/Freetown","Freetown","http://dbpedia.org/resource/Freetown","Bo","http://dbpedia.org/resource/Bo,_Sierra_Leone","[193]"
"Singaporee","http://dbpedia.org/resource/Singapore","Singapore","http://dbpedia.org/resource/Singapore","Singapore","http://dbpedia.org/resource/Singapore","","","[136]"
"Sintt Maarten (Netherlands)","http://dbpedia.org/resource/Sint_Maarten","Philipsburg","http://dbpedia.org/resource/Philipsburg,_Sint_Maarten","Lower Prince's Quarter","http://dbpedia.org/resource/Lower_Prince's_Quarter","Cul De Sac","","[194]"
"Slovakiaa","http://dbpedia.org/resource/Slovakia","Bratislava","http://dbpedia.org/resource/Bratislava","Bratislava","http://dbpedia.org/resource/Bratislava","Košice","http://dbpedia.org/resource/Košice","[195]"
"Sloveniaa","http://dbpedia.org/resource/Slovenia","Ljubljana","http://dbpedia.org/resource/Ljubljana","Ljubljana","http://dbpedia.org/resource/Ljubljana","Maribor","http://dbpedia.org/resource/Maribor","[196]"
"Solomon Islandss","http://dbpedia.org/resource/Solomon_Islands","Honiara","http://dbpedia.org/resource/Honiara","Honiara","http://dbpedia.org/resource/Honiara","Gizo","http://dbpedia.org/resource/Gizo,_Solomon_Islands","[197]"
"Somalia","http://dbpedia.org/resource/Somalia","Mogadishu","http://dbpedia.org/resource/Mogadishu","Mogadishu","http://dbpedia.org/resource/Mogadishu","Hargeisa","http://dbpedia.org/resource/Hargeisa",""
"Somalliland","http://dbpedia.org/resource/Somaliland","Hargeisa","http://dbpedia.org/resource/Hargeisa","Hargeisa","http://dbpedia.org/resource/Hargeisa","Burao","http://dbpedia.org/resource/Burao",""
"South Africaa","http://dbpedia.org/resource/South_Africa","Pretoria","http://dbpedia.org/resource/Pretoria","Cape Town[Note 5]","http://dbpedia.org/resource/Cape_Town","Durban","http://dbpedia.org/resource/Durban","[198][199]"
"South Africaa","http://dbpedia.org/resource/South_Africa","Pretoria","http://dbpedia.org/resource/Pretoria","Johannesburg","http://dbpedia.org/resource/Johannesburg","Cape Town[Note 5]","http://dbpedia.org/resource/Cape_Town","[198][199]"
"South Georgia and the South Sandwich Islands (UK))","http://dbpedia.org/resource/South_Georgia_and_the_South_Sandwich_Islands","King Edward Point","http://dbpedia.org/resource/King_Edward_Point","King Edward Point","http://dbpedia.org/resource/King_Edward_Point","Grytviken","http://dbpedia.org/resource/Grytviken","[200]"
"South Ossetiaa","http://dbpedia.org/resource/South_Ossetia","Tskhinvali","http://dbpedia.org/resource/Tskhinvali","Tskhinvali","http://dbpedia.org/resource/Tskhinvali","Akhalgori","http://dbpedia.org/resource/Akhalgori",""
"South Sudan","http://dbpedia.org/resource/South_Sudan","Juba","http://dbpedia.org/resource/Juba","Juba","http://dbpedia.org/resource/Juba","Yei","http://dbpedia.org/resource/Yei,_South_Sudan",""
"SSpain","http://dbpedia.org/resource/Spain","Madrid","http://dbpedia.org/resource/Madrid","Madrid","http://dbpedia.org/resource/Madrid","Barcelona","http://dbpedia.org/resource/Barcelona","[201]"
"Sri LLanka","http://dbpedia.org/resource/Sri_Lanka","Sri Jayawardenepura Kotte","http://dbpedia.org/resource/Sri_Jayawardenepura_Kotte","Colombo","http://dbpedia.org/resource/Colombo","Dehiwala-Mount Lavinia","http://dbpedia.org/resource/Dehiwala-Mount_Lavinia","[202]"
"Suddan","http://dbpedia.org/resource/Sudan","Khartoum","http://dbpedia.org/resource/Khartoum","Omdurman","http://dbpedia.org/resource/Omdurman","Khartoum","http://dbpedia.org/resource/Khartoum","[203][204]"
"Sudann","http://dbpedia.org/resource/Sudan","Khartoum","http://dbpedia.org/resource/Khartoum","Khartoum","http://dbpedia.org/resource/Khartoum","Port Sudan","http://dbpedia.org/resource/Port_Sudan","[203][204]"
"Surinamee","http://dbpedia.org/resource/Suriname","Paramaribo","http://dbpedia.org/resource/Paramaribo","Paramaribo","http://dbpedia.org/resource/Paramaribo","Lelydorp","http://dbpedia.org/resource/Lelydorp","[205]"
"Svalbard and Jan Mayen (NNorway)","http://dbpedia.org/resource/Svalbard_and_Jan_Mayen","Longyearbyen","http://dbpedia.org/resource/Longyearbyen","Longyearbyen","http://dbpedia.org/resource/Longyearbyen","Barentsburg","http://dbpedia.org/resource/Barentsburg","[206]"
"Sweden","http://dbpedia.org/resource/Sweden","Stockholm","http://dbpedia.org/resource/Stockholm","Stockholm","http://dbpedia.org/resource/Stockholm","Gothenburg","http://dbpedia.org/resource/Gothenburg","[207]"
"Switzerland","http://dbpedia.org/resource/Switzerland","Bern","http://dbpedia.org/resource/Bern","Zürich","http://dbpedia.org/resource/Zürich","Geneva","http://dbpedia.org/resource/Geneva","[208]"
"Syriaa","http://dbpedia.org/resource/Syria","Damascus","http://dbpedia.org/resource/Damascus","Aleppo","http://dbpedia.org/resource/Aleppo","Damascus","http://dbpedia.org/resource/Damascus","[209][210]"
"Taiwann","http://dbpedia.org/resource/Taiwan","Taipei","http://dbpedia.org/resource/Taipei","New Taipei","http://dbpedia.org/resource/New_Taipei","Taichung","http://dbpedia.org/resource/Taichung","[211][212]"
"Taiwaan","http://dbpedia.org/resource/Taiwan","Taipei","http://dbpedia.org/resource/Taipei","Greater Taipei","http://dbpedia.org/resource/Taipei–Keelung_metropolitan_area","Greater Kaohsiung","http://dbpedia.org/resource/Kaohsiung_metropolitan_area",""
"Tajikistan","http://dbpedia.org/resource/Tajikistan","Dushanbe","http://dbpedia.org/resource/Dushanbe","Dushanbe","http://dbpedia.org/resource/Dushanbe","Khujand","http://dbpedia.org/resource/Khujand","[213]"
"Tanzania","http://dbpedia.org/resource/Tanzania","Dodoma","http://dbpedia.org/resource/Dodoma","Dar es Salaam","http://dbpedia.org/resource/Dar_es_Salaam","Mwanza","http://dbpedia.org/resource/Mwanza","[214]"
"Thailandd","http://dbpedia.org/resource/Thailand","Bangkok","http://dbpedia.org/resource/Bangkok","Bangkok","http://dbpedia.org/resource/Bangkok","Nonthaburi","http://dbpedia.org/resource/Nonthaburi_(city)","[215][216]"
"Thailandd","http://dbpedia.org/resource/Thailand","Bangkok","http://dbpedia.org/resource/Bangkok","Bangkok","http://dbpedia.org/resource/Bangkok","Pak Kret","http://dbpedia.org/resource/Pak_Kret","[215][216]"
"Togo","http://dbpedia.org/resource/Togo","Lomé","http://dbpedia.org/resource/Lomé","Lomé","http://dbpedia.org/resource/Lomé","Sokodé","http://dbpedia.org/resource/Sokodé","[217]"
"Tokelau (New Zealand))","http://dbpedia.org/resource/Tokelau","","","Fakaofo","http://dbpedia.org/resource/Fakaofo","Atafu","http://dbpedia.org/resource/Atafu","[218]"
"Tongaa","http://dbpedia.org/resource/Tonga","Nukuʻalofa","http://dbpedia.org/resource/Nukuʻalofa","Nukuʻalofa","http://dbpedia.org/resource/Nukuʻalofa","Neiafu","http://dbpedia.org/resource/Neiafu_(Vava'u)","[219]"
"Transnistria (Moldova)","http://dbpedia.org/resource/Transnistria","Tiraspol","http://dbpedia.org/resource/Tiraspol","Tiraspol","http://dbpedia.org/resource/Tiraspol","Tighina","http://dbpedia.org/resource/Tighina",""
"Trinidad and Tobagoo","http://dbpedia.org/resource/Trinidad_and_Tobago","Port of Spain","http://dbpedia.org/resource/Port_of_Spain","Chaguanas","http://dbpedia.org/resource/Chaguanas","San Fernando","http://dbpedia.org/resource/San_Fernando,_Trinidad_and_Tobago","[220]"
"Tunisia","http://dbpedia.org/resource/Tunisia","Tunis","http://dbpedia.org/resource/Tunis","Tunis","http://dbpedia.org/resource/Tunis","Sfax","http://dbpedia.org/resource/Sfax","[221]"
"Turrkey","http://dbpedia.org/resource/Turkey","Ankara","http://dbpedia.org/resource/Ankara","Istanbul","http://dbpedia.org/resource/Istanbul","Ankara","http://dbpedia.org/resource/Ankara","[222]"
"Turkmenistann","http://dbpedia.org/resource/Turkmenistan","Ashgabat","http://dbpedia.org/resource/Ashgabat","Ashgabat","http://dbpedia.org/resource/Ashgabat","Türkmenabat","http://dbpedia.org/resource/Türkmenabat","[223]"
"TTurks and Caicos Islands (UK)","http://dbpedia.org/resource/Turks_and_Caicos_Islands","Cockburn Town","http://dbpedia.org/resource/Cockburn_Town","Five Cays","","Honda Road","","[224]"
"Tuvaluu","http://dbpedia.org/resource/Tuvalu","Funafuti[Note 6]","http://dbpedia.org/resource/Funafuti","Funafuti","http://dbpedia.org/resource/Funafuti","Asau","http://dbpedia.org/resource/Asau_(Tuvalu)","[225]"
"Uganda","http://dbpedia.org/resource/Uganda","Kampala","http://dbpedia.org/resource/Kampala","Kampala","http://dbpedia.org/resource/Kampala","Gulu","http://dbpedia.org/resource/Gulu","[226]"
"Ukrainee","http://dbpedia.org/resource/Ukraine","Kiev","http://dbpedia.org/resource/Kiev","Kiev","http://dbpedia.org/resource/Kiev","Kharkiv","http://dbpedia.org/resource/Kharkiv","[227][228]"
"Ukrainee","http://dbpedia.org/resource/Ukraine","Kiev","http://dbpedia.org/resource/Kiev","Kiev","http://dbpedia.org/resource/Kiev","Donetsk","http://dbpedia.org/resource/Donetsk","[227][228]"
"United Arab Emiratess","http://dbpedia.org/resource/United_Arab_Emirates","Abu Dhabi","http://dbpedia.org/resource/Abu_Dhabi","Dubai","http://dbpedia.org/resource/Dubai","Abu Dhabi","http://dbpedia.org/resource/Abu_Dhabi","[229][230]"
"United Kingdomm","http://dbpedia.org/resource/United_Kingdom","London","http://dbpedia.org/resource/London","London","http://dbpedia.org/resource/London","Birmingham","http://dbpedia.org/resource/Birmingham","[231][232][233][234][235]"
"United States of Americca","http://dbpedia.org/resource/United_States","Washington, D.C.","http://dbpedia.org/resource/Washington,_D.C.","New York City","http://dbpedia.org/resource/New_York_City","Los Angeles","http://dbpedia.org/resource/Los_Angeles,_USA","[236]"
"Uruguayy","http://dbpedia.org/resource/Uruguay","Montevideo","http://dbpedia.org/resource/Montevideo","Montevideo","http://dbpedia.org/resource/Montevideo","Ciudad de la Costa","http://dbpedia.org/resource/Ciudad_de_la_Costa","[237]"
"Uruguayy","http://dbpedia.org/resource/Uruguay","Montevideo","http://dbpedia.org/resource/Montevideo","Montevideo","http://dbpedia.org/resource/Montevideo","Maldonado","http://dbpedia.org/resource/Maldonado,_Uruguay","[237]"
"Uzbekistann","http://dbpedia.org/resource/Uzbekistan","Tashkent","http://dbpedia.org/resource/Tashkent","Tashkent","http://dbpedia.org/resource/Tashkent","Namangan","http://dbpedia.org/resource/Namangan","[238]"
"Vanuatu","http://dbpedia.org/resource/Vanuatu","Port Vila","http://dbpedia.org/resource/Port_Vila","Port Vila","http://dbpedia.org/resource/Port_Vila","Luganville","http://dbpedia.org/resource/Luganville","[239]"
"Vatican City","http://dbpedia.org/resource/Vatican_City","Vatican City","http://dbpedia.org/resource/Vatican_City","Vatican City","http://dbpedia.org/resource/Vatican_City","","","[240]"
"Venezuela","http://dbpedia.org/resource/Venezuela","Caracas","http://dbpedia.org/resource/Caracas","Caracas","http://dbpedia.org/resource/Caracas","Maracaibo","http://dbpedia.org/resource/Maracaibo","[241]"
"Vietnaam","http://dbpedia.org/resource/Vietnam","Hanoi","http://dbpedia.org/resource/Hanoi","Ho Chi Minh City","http://dbpedia.org/resource/Ho_Chi_Minh_City","Hanoi","http://dbpedia.org/resource/Hanoi","[242]"
"Virgin Islands,, British (UK)","http://dbpedia.org/resource/British_Virgin_Islands","Road Town","http://dbpedia.org/resource/Road_Town","Road Town","http://dbpedia.org/resource/Road_Town","Spanish Town","http://dbpedia.org/resource/Spanish_Town,_British_Virgin_Islands",""
"Virgin Islands, United States (US))","http://dbpedia.org/resource/United_States_Virgin_Islands","Charlotte Amalie","http://dbpedia.org/resource/Charlotte_Amalie,_United_States_Virgin_Islands","Charlotte Amalie","http://dbpedia.org/resource/Charlotte_Amalie,_United_States_Virgin_Islands","Anna's Retreat","http://dbpedia.org/resource/Anna's_Retreat,_United_States_Virgin_Islands",""
"Wallis and Futuna (France)","http://dbpedia.org/resource/Wallis_and_Futuna","Mata-Utu","http://dbpedia.org/resource/Mata-Utu","Mata-Utu","http://dbpedia.org/resource/Mata-Utu","Alele","http://dbpedia.org/resource/Alele","[243]"
"Western Sahara","http://dbpedia.org/resource/Western_Sahara","Laayoune","http://dbpedia.org/resource/Laayoune","Laayoune","http://dbpedia.org/resource/Laayoune","Dakhla","http://dbpedia.org/resource/Dakhla,_Western_Sahara","[244]"
"Yemmen","http://dbpedia.org/resource/Yemen","Sana'a","http://dbpedia.org/resource/Sana'a","Sana'a","http://dbpedia.org/resource/Sana'a","Aden","http://dbpedia.org/resource/Aden","[245]"
"Zambiaa","http://dbpedia.org/resource/Zambia","Lusaka","http://dbpedia.org/resource/Lusaka","Lusaka","http://dbpedia.org/resource/Lusaka","Kitwe","http://dbpedia.org/resource/Kitwe","[246]"
"Zimbabwe","http://dbpedia.org/resource/Zimbabwe","Harare","http://dbpedia.org/resource/Harare","Harare","http://dbpedia.org/resource/Harare","Bulawayo","http://dbpedia.org/resource/Bulawayo","[247]"
