"Country","Country__URI","Region","Region__URI","City","City__URI"
"Nigeria","http://dbpedia.org/resource/Nigeria","Oyo","http://dbpedia.org/resource/Oyo_State","Baraa","http://dbpedia.org/resource/Bara,_Nigeria"
"Sweden","http://dbpedia.org/resource/Sweden","Skane","http://dbpedia.org/resource/Scania","Baraa","http://dbpedia.org/resource/Bara,_Scania"
"Sweden","http://dbpedia.org/resource/Sweden","Soedermanland","http://dbpedia.org/resource/Södermanland","Baraa",""
"Romania","http://dbpedia.org/resource/Romania","Timis","http://dbpedia.org/resource/Timiș_County","Baraa","http://dbpedia.org/resource/Bara,_Timiș"
"Nigeria","http://dbpedia.org/resource/Nigeria","Yobe","http://dbpedia.org/resource/Yobe_State","Bara",""
"Romania","http://dbpedia.org/resource/Romania","Neamt","http://dbpedia.org/resource/Neamț_County","Bââra","http://dbpedia.org/resource/Bâra"
"Venezuela","http://dbpedia.org/resource/Venezuela","Anzoategui","http://dbpedia.org/resource/Anzoátegui","Barcelonaa","http://dbpedia.org/resource/Barcelona,_Anzoategui"
"Philippines","http://dbpedia.org/resource/Philippines","Bicol","http://dbpedia.org/resource/Bicol_Region","Barcelonaa","http://dbpedia.org/resource/Barcelona,_Sorsogon"
"Philippines","http://dbpedia.org/resource/Philippines","Caraga","http://dbpedia.org/resource/Caraga","Barcelonaa",""
"Spain","http://dbpedia.org/resource/Spain","Catalonia","http://dbpedia.org/resource/Catalonia,_Spain","Barcelonaa","http://dbpedia.org/resource/Barcelona"
"Philippines","http://dbpedia.org/resource/Philippines","Zamboanga Peninsula","http://dbpedia.org/resource/Zamboanga_Peninsula","Barcelonaa",""
"United Kingdom","http://dbpedia.org/resource/United_Kingdom","England","http://dbpedia.org/resource/England,_United_Kingdom","Cambridgee","http://dbpedia.org/resource/Cambridge,_England"
"Canada","http://dbpedia.org/resource/Canada","Ontario","http://dbpedia.org/resource/Ontario,_Canada","Cammbridge","http://dbpedia.org/resource/Cambridge,_Ontario"
"Jamaica","http://dbpedia.org/resource/Jamaica","St James","http://dbpedia.org/resource/Saint_James_Parish,_Jamaica","Cambridge","http://dbpedia.org/resource/Cambridge,_Jamaica"
"Australia","http://dbpedia.org/resource/Australia","Tasmania","http://dbpedia.org/resource/Tasmania,_Australia","Cambridgee","http://dbpedia.org/resource/Cambridge,_Tasmania"
"New Zealand","http://dbpedia.org/resource/New_Zealand","Waikato","http://dbpedia.org/resource/Waikato,_New_Zealand","Cambridgee","http://dbpedia.org/resource/Cambridge,_Waikato"
"Italy","http://dbpedia.org/resource/Italy","Lombardy","http://dbpedia.org/resource/Lombardy,_Italy","Comoo","http://dbpedia.org/resource/Como,_Lombardy"
"Australia","http://dbpedia.org/resource/Australia","New South Wales","http://dbpedia.org/resource/New_South_Wales,_Australia","Commo","http://dbpedia.org/resource/Como,_New_South_Wales"
"Australia","http://dbpedia.org/resource/Australia","Western Australia","http://dbpedia.org/resource/Western_Australia,_Australia","Comoo","http://dbpedia.org/resource/Como,_Western_Australia"
"Ireland","http://dbpedia.org/resource/Ireland","Leinster","http://dbpedia.org/resource/Leinster","Dubblin","http://dbpedia.org/resource/Dublin"
"Australia","http://dbpedia.org/resource/Australia","New South Wales","http://dbpedia.org/resource/New_South_Wales,_Australia","Haamilton","http://dbpedia.org/resource/Hamilton,_New_South_Wales"
"Canada","http://dbpedia.org/resource/Canada","Ontario","http://dbpedia.org/resource/Ontario,_Canada","Hamiltonn","http://dbpedia.org/resource/Hamilton,_Ontario"
"United Kingdom","http://dbpedia.org/resource/United_Kingdom","Scotland","http://dbpedia.org/resource/Scotland","Hamiltonn","http://dbpedia.org/resource/Hamilton,_Scotland"
"Australia","http://dbpedia.org/resource/Australia","Victoria","http://dbpedia.org/resource/Victoria,_Australia","Hamilton","http://dbpedia.org/resource/Hamilton,_Victoria"
"New Zealand","http://dbpedia.org/resource/New_Zealand","Waikato","http://dbpedia.org/resource/Waikato,_New_Zealand","Hamiilton","http://dbpedia.org/resource/Hamilton,_New_Zealand"
"Canada","http://dbpedia.org/resource/Canada","Ontario","http://dbpedia.org/resource/Ontario,_Canada","Kingstonn","http://dbpedia.org/resource/Kingston,_Ontario"
"New Zealand","http://dbpedia.org/resource/New_Zealand","Otago","http://dbpedia.org/resource/Otago,_New_Zealand","Kingston","http://dbpedia.org/resource/Kingston,_New_Zealand"
"Australia","http://dbpedia.org/resource/Australia","South Australia","http://dbpedia.org/resource/South_Australia","Kingston","http://dbpedia.org/resource/Kingston,_South_Australia"
"Australia","http://dbpedia.org/resource/Australia","Tasmania","http://dbpedia.org/resource/Tasmania,_Australia","Kingstonn","http://dbpedia.org/resource/Kingston,_Tasmania"
"Portugal","http://dbpedia.org/resource/Portugal","Lisbon","http://dbpedia.org/resource/Lisbon_District","Lisbonn","http://dbpedia.org/resource/Lisbon"
"United Kingdom","http://dbpedia.org/resource/United_Kingdom","England","http://dbpedia.org/resource/England,_United_Kingdom","London","http://dbpedia.org/resource/London"
"Canada","http://dbpedia.org/resource/Canada","Ontario","http://dbpedia.org/resource/Ontario,_Canada","Londonn","http://dbpedia.org/resource/London,_Ontario"
"Spain","http://dbpedia.org/resource/Spain","Aragon","http://dbpedia.org/resource/Aragon,_Spain","Lunaa","http://dbpedia.org/resource/Luna,_Aragon"
"Philippines","http://dbpedia.org/resource/Philippines","Bicol","http://dbpedia.org/resource/Bicol_Region","Lunaa",""
"Philippines","http://dbpedia.org/resource/Philippines","Cagayan Valley","http://dbpedia.org/resource/Cagayan_Valley","Luuna","http://dbpedia.org/resource/Luna,_Isabela"
"Philippines","http://dbpedia.org/resource/Philippines","Caraga","http://dbpedia.org/resource/Caraga","Lunaa","http://dbpedia.org/resource/General_Luna,_Surigao_del_Norte"
"Romania","http://dbpedia.org/resource/Romania","Cluj","http://dbpedia.org/resource/Cluj-Napoca","Luna","http://dbpedia.org/resource/Luna,_Cluj"
"Philippines","http://dbpedia.org/resource/Philippines","Ilocos","http://dbpedia.org/resource/Ilocos_Region","Lunaa",""
"Philippines","http://dbpedia.org/resource/Philippines","Western Visayas","http://dbpedia.org/resource/Western_Visayas","Lunaa",""
"United Kingdom","http://dbpedia.org/resource/United_Kingdom","England","http://dbpedia.org/resource/England,_United_Kingdom","Manchester","http://dbpedia.org/resource/Manchester,_England"
"Saudi Arabia","http://dbpedia.org/resource/Saudi_Arabia","Al Madinah al Munawwarah","http://dbpedia.org/resource/Al_Madinah_Region","Meddina","http://dbpedia.org/resource/Medina"
"Colombia","http://dbpedia.org/resource/Colombia","Cundinamarca","http://dbpedia.org/resource/Cundinamarca_Department","Medina","http://dbpedia.org/resource/Medina,_Cundinamarca"
"Mexico","http://dbpedia.org/resource/Mexico","Guanajuato","http://dbpedia.org/resource/Guanajuato","Medinaa","http://dbpedia.org/resource/Medina,_Guanajuato"
"Brazil","http://dbpedia.org/resource/Brazil","Minas Gerais","http://dbpedia.org/resource/Minas_Gerais","Medinaa","http://dbpedia.org/resource/Medina,_Minas_Gerais"
"Philippines","http://dbpedia.org/resource/Philippines","Northern Mindanao","http://dbpedia.org/resource/Northern_Mindanao","Medina",""
"Australia","http://dbpedia.org/resource/Australia","Western Australia","http://dbpedia.org/resource/Western_Australia,_Australia","Medinaa","http://dbpedia.org/resource/Medina,_Western_Australia"
"Italy","http://dbpedia.org/resource/Italy","Lombardy","http://dbpedia.org/resource/Lombardy,_Italy","Milann","http://dbpedia.org/resource/Milan"
"Colombia","http://dbpedia.org/resource/Colombia","Caqueta","http://dbpedia.org/resource/Caquetá_Department","Milánn","http://dbpedia.org/resource/Milán,_Caquetá"
"France","http://dbpedia.org/resource/France","Corsica","http://dbpedia.org/resource/Corsica,_France","Monticelloo","http://dbpedia.org/resource/Monticello,_Haute-Corse"
"Italy","http://dbpedia.org/resource/Italy","Lombardy","http://dbpedia.org/resource/Lombardy,_Italy","Monticelloo","http://dbpedia.org/resource/Monticello_Brianza"
"Italy","http://dbpedia.org/resource/Italy","Campania","http://dbpedia.org/resource/Campania","Naples","http://dbpedia.org/resource/Naples"
"New Zealand","http://dbpedia.org/resource/New_Zealand","Canterbury","http://dbpedia.org/resource/Canterbury,_New_Zealand","Oxford","http://dbpedia.org/resource/Oxford,_New_Zealand"
"United Kingdom","http://dbpedia.org/resource/United_Kingdom","England","http://dbpedia.org/resource/England,_United_Kingdom","Oxfordd","http://dbpedia.org/resource/Oxford"
"Canada","http://dbpedia.org/resource/Canada","Nova Scotia","http://dbpedia.org/resource/Nova_Scotia,_Canada","Oxfordd","http://dbpedia.org/resource/Oxford,_Nova_Scotia"
"Philippines","http://dbpedia.org/resource/Philippines","Bicol","http://dbpedia.org/resource/Bicol_Region","Pamplonaa","http://dbpedia.org/resource/Pamplona,_Camarines_Sur"
"Philippines","http://dbpedia.org/resource/Philippines","Cagayan Valley","http://dbpedia.org/resource/Cagayan_Valley","Pamplona","http://dbpedia.org/resource/Pamplona,_Cagayan"
"Philippines","http://dbpedia.org/resource/Philippines","Central Visayas","http://dbpedia.org/resource/Central_Visayas","Pamplonaa","http://dbpedia.org/resource/Pamplona,_Negros_Oriental"
"Spain","http://dbpedia.org/resource/Spain","Navarre","http://dbpedia.org/resource/Navarre","Pamplonaa","http://dbpedia.org/resource/Pamplona"
"Colombia","http://dbpedia.org/resource/Colombia","Norte de Santander","http://dbpedia.org/resource/Norte_de_Santander_Department","Pamplonaa","http://dbpedia.org/resource/Pamplona,_Norte_de_Santander"
"France","http://dbpedia.org/resource/France","Ile-de-France","http://dbpedia.org/resource/Île-de-France","Paris","http://dbpedia.org/resource/Paris"
"Canada","http://dbpedia.org/resource/Canada","Ontario","http://dbpedia.org/resource/Ontario,_Canada","Pariss","http://dbpedia.org/resource/Paris,_Ontario"
"Panama","http://dbpedia.org/resource/Panama","Herrera","http://dbpedia.org/resource/Herrera,_Panama","Paríss","http://dbpedia.org/resource/París,_Herrera"
"Brazil","http://dbpedia.org/resource/Brazil","Rio Grande do Sul","http://dbpedia.org/resource/Rio_Grande_do_Sul","Rio Grandee","http://dbpedia.org/resource/Rio_Grande,_Rio_Grande_do_Sul"
"Panama","http://dbpedia.org/resource/Panama","Cocle","http://dbpedia.org/resource/Coclé_Province","Río Grandee","http://dbpedia.org/resource/Río_Grande,_Coclé"
"Peru","http://dbpedia.org/resource/Peru","Ica","http://dbpedia.org/resource/Ica_Region","Río Grande","http://dbpedia.org/resource/Río_Grande_District,_Palpa"
"Mexico","http://dbpedia.org/resource/Mexico","Michoacan","http://dbpedia.org/resource/Michoacán","Río Grande",""
"Dominican Republic","http://dbpedia.org/resource/Dominican_Republic","Puerto Plata","http://dbpedia.org/resource/Puerto_Plata_Province","Río Grandee","http://dbpedia.org/resource/Río_Grande,_Dominican_Republic"
"Puerto Rico","http://dbpedia.org/resource/Puerto_Rico","Rio Grande","","Río Grande","http://dbpedia.org/resource/Río_Grande,_Puerto_Rico"
"Argentina","http://dbpedia.org/resource/Argentina","Tierra del Fuego","http://dbpedia.org/resource/Tierra_del_Fuego_Province,_Argentina","Río Grandee","http://dbpedia.org/resource/Río_Grande,_Tierra_del_Fuego"
"Panama","http://dbpedia.org/resource/Panama","Veraguas","http://dbpedia.org/resource/Veraguas_Province","Río Grandee","http://dbpedia.org/resource/Río_Grande,_Veraguas"
"Mexico","http://dbpedia.org/resource/Mexico","Zacatecas","http://dbpedia.org/resource/Zacatecas","Río Graande",""
"Philippines","http://dbpedia.org/resource/Philippines","Cavite","http://dbpedia.org/resource/Legislative_districts_of_Cavite","Rosarioo","http://dbpedia.org/resource/Rosario,_Cavite"
"Philippines","http://dbpedia.org/resource/Philippines","Batangas","http://dbpedia.org/resource/Legislative_districts_of_Batangas","Rosario","http://dbpedia.org/resource/Rosario,_Batangas"
"Italy","http://dbpedia.org/resource/Italy","Calabria","http://dbpedia.org/resource/Calabria,_Italy","Rosarioo",""
"Philippines","http://dbpedia.org/resource/Philippines","Caraga","http://dbpedia.org/resource/Caraga","RRosario","http://dbpedia.org/resource/Rosario,_Agusan_del_Sur"
"Uruguay","http://dbpedia.org/resource/Uruguay","Colonia","http://dbpedia.org/resource/Colonia_Department","Rosario","http://dbpedia.org/resource/Rosario,_Uruguay"
"Philippines","http://dbpedia.org/resource/Philippines","Eastern Visayas","http://dbpedia.org/resource/Eastern_Visayas","Rosarioo","http://dbpedia.org/resource/Rosario,_Northern_Samar"
"Philippines","http://dbpedia.org/resource/Philippines","Ilocos","http://dbpedia.org/resource/Ilocos_Region","Rosarrio","http://dbpedia.org/resource/Rosario,_La_Union"
"Argentina","http://dbpedia.org/resource/Argentina","Santa Fe","http://dbpedia.org/resource/Santa_Fe_Province","Rosarioo","http://dbpedia.org/resource/Rosario,_Santa_Fe"
"Mexico","http://dbpedia.org/resource/Mexico","Sonora","http://dbpedia.org/resource/Sonora","Rosarioo","http://dbpedia.org/resource/Rosario,_Sonora"
"Philippines","http://dbpedia.org/resource/Philippines","Western Visayas","http://dbpedia.org/resource/Western_Visayas","Rosario",""
"Colombia","http://dbpedia.org/resource/Colombia","Antioquia","http://dbpedia.org/resource/Antioquia,_Colombia","San Franciscoo","http://dbpedia.org/resource/San_Francisco,_Antioquia"
"Honduras","http://dbpedia.org/resource/Honduras","Atlantida","http://dbpedia.org/resource/Atlantida,_Honduras","San Franciscoo","http://dbpedia.org/resource/San_Francisco,_Atlantida"
"Peru","http://dbpedia.org/resource/Peru","Ayacucho","http://dbpedia.org/resource/Ayacucho,_Peru","San Franciscoo",""
"Mexico","http://dbpedia.org/resource/Mexico","Baja California Sur","http://dbpedia.org/resource/Baja_California_Sur","San Franciscoo",""
"Philippines","http://dbpedia.org/resource/Philippines","Bicol","http://dbpedia.org/resource/Bicol_Region","San Franncisco",""
"Philippines","http://dbpedia.org/resource/Philippines","Calabarzon","http://dbpedia.org/resource/Calabarzon","San Franciscoo","http://dbpedia.org/resource/San_Francisco,_Quezon"
"Philippines","http://dbpedia.org/resource/Philippines","Caraga","http://dbpedia.org/resource/Caraga","San Francisco","http://dbpedia.org/resource/San_Francisco,_Agusan_del_Sur"
"Philippines","http://dbpedia.org/resource/Philippines","Central Luzon","http://dbpedia.org/resource/Central_Luzon","San Franciscoo",""
"Philippines","http://dbpedia.org/resource/Philippines","Central Visayas","http://dbpedia.org/resource/Central_Visayas","San Franciscoo","http://dbpedia.org/resource/San_Francisco,_Cebu"
"Argentina","http://dbpedia.org/resource/Argentina","Cordoba","http://dbpedia.org/resource/Cordoba,_Argentina","San Francisco","http://dbpedia.org/resource/San_Francisco,_Cordoba"
"Colombia","http://dbpedia.org/resource/Colombia","Cundinamarca","http://dbpedia.org/resource/Cundinamarca_Department","San Francissco","http://dbpedia.org/resource/San_Francisco,_Cundinamarca"
"Philippines","http://dbpedia.org/resource/Philippines","Eastern Visayas","http://dbpedia.org/resource/Eastern_Visayas","San Francisco","http://dbpedia.org/resource/San_Francisco,_Southern_Leyte"
"Mexico","http://dbpedia.org/resource/Mexico","Guerrero","http://dbpedia.org/resource/Guerrero,_Mexico","San Franciscoo",""
"Costa Rica","http://dbpedia.org/resource/Costa_Rica","Heredia","http://dbpedia.org/resource/Heredia,_Costa_Rica","San Franncisco","http://dbpedia.org/resource/San_Francisco_de_Dos_Ríos_District"
"El Salvador","http://dbpedia.org/resource/El_Salvador","Chalatenango","http://dbpedia.org/resource/Chalatenango_Department","San Franncisco","http://dbpedia.org/resource/San_Francisco_Morazán"
"Guatemala","http://dbpedia.org/resource/Guatemala","Peten","http://dbpedia.org/resource/Petén_Department","San Franciscoo","http://dbpedia.org/resource/San_Francisco,_Peten"
"Colombia","http://dbpedia.org/resource/Colombia","Putumayo","http://dbpedia.org/resource/Putumayo_Department","San Franciscoo","http://dbpedia.org/resource/San_Francisco,_Putumayo"
"Mexico","http://dbpedia.org/resource/Mexico","Veracruz","http://dbpedia.org/resource/Veracruz","San Franciscoo",""
"Panama","http://dbpedia.org/resource/Panama","Veraguas","http://dbpedia.org/resource/Veraguas_Province","San Franciscoo","http://dbpedia.org/resource/San_Francisco,_Veraguas"
"Philippines","http://dbpedia.org/resource/Philippines","Western Visayas","http://dbpedia.org/resource/Western_Visayas","San Francisco",""
"Venezuela","http://dbpedia.org/resource/Venezuela","Zulia","http://dbpedia.org/resource/Zulia","San Franciscoo",""
"Philippines","http://dbpedia.org/resource/Philippines","Camarines Sur","http://dbpedia.org/resource/Camarines_Sur","San Josee","http://dbpedia.org/resource/San_Jose,_Camarines_Sur"
"Philippines","http://dbpedia.org/resource/Philippines","Catanduanes","http://dbpedia.org/resource/Catanduanes","San Josee","http://dbpedia.org/resource/San_Jose,_Viga"
"Philippines","http://dbpedia.org/resource/Philippines","Calabarzon","http://dbpedia.org/resource/Calabarzon","San Josee","http://dbpedia.org/resource/San_Jose,_Batangas"
"Philippines","http://dbpedia.org/resource/Philippines","Caraga","http://dbpedia.org/resource/Caraga","San Jose","http://dbpedia.org/resource/San_Jose,_Dinagat_Islands"
"Philippines","http://dbpedia.org/resource/Philippines","Central Luzon","http://dbpedia.org/resource/Central_Luzon","San Josee","http://dbpedia.org/resource/San_Jose,_Nueva_Ecija"
"Philippines","http://dbpedia.org/resource/Philippines","Central Visayas","http://dbpedia.org/resource/Central_Visayas","San Josee","http://dbpedia.org/resource/San_Jose,_Negros_Oriental"
"Philippines","http://dbpedia.org/resource/Philippines","Eastern Visayas","http://dbpedia.org/resource/Eastern_Visayas","San Josee","http://dbpedia.org/resource/San_Jose,_Northern_Samar"
"Philippines","http://dbpedia.org/resource/Philippines","Mimaropa","http://dbpedia.org/resource/Mimaropa","San Josee","http://dbpedia.org/resource/San_Jose,_Occidental_Mindoro"
"Philippines","http://dbpedia.org/resource/Philippines","Northern Mindanao","http://dbpedia.org/resource/Northern_Mindanao","San Jose",""
"Philippines","http://dbpedia.org/resource/Philippines","Western Visayas","http://dbpedia.org/resource/Western_Visayas","San Josse","http://dbpedia.org/resource/San_Jose_de_Buenavista,_Antique"
"Costa Rica","http://dbpedia.org/resource/Costa_Rica","Alajuela","http://dbpedia.org/resource/Alajuela","San José","http://dbpedia.org/resource/San_José_de_Alajuela"
"Spain","http://dbpedia.org/resource/Spain","Andalusia","http://dbpedia.org/resource/Andalusia,_Spain","San Joséé","http://dbpedia.org/resource/San_José_(Almeria)"
"Paraguay","http://dbpedia.org/resource/Paraguay","Caaguazu","http://dbpedia.org/resource/Caaguazú_Department","San José","http://dbpedia.org/resource/San_José_de_los_Arroyos"
"Colombia","http://dbpedia.org/resource/Colombia","Caldas","http://dbpedia.org/resource/Caldas_Department","San Joséé","http://dbpedia.org/resource/San_José,_Caldas"
"Argentina","http://dbpedia.org/resource/Argentina","Catamarca","http://dbpedia.org/resource/Catamarca_Province","San José","http://dbpedia.org/resource/San_José_(Santa_María)"
"Mexico","http://dbpedia.org/resource/Mexico","Hidalgo","http://dbpedia.org/resource/Hidalgo_(state)","Saan José",""
"Honduras","http://dbpedia.org/resource/Honduras","La Paz","http://dbpedia.org/resource/La_Paz_Department_(Honduras)","San Joséé","http://dbpedia.org/resource/San_José,_La_Paz"
"Peru","http://dbpedia.org/resource/Peru","Lambayeque","http://dbpedia.org/resource/Lambayeque_Region","San Joséé","http://dbpedia.org/resource/San_José_District,_Lambayeque"
"Panama","http://dbpedia.org/resource/Panama","Los Santos","http://dbpedia.org/resource/Los_Santos,_Panama","San Joséé","http://dbpedia.org/resource/San_José,_Los_Santos"
"Argentina","http://dbpedia.org/resource/Argentina","Misiones","http://dbpedia.org/resource/Misiones_Province","San JJosé","http://dbpedia.org/resource/San_José,_Misiones"
"Colombia","http://dbpedia.org/resource/Colombia","Narino","http://dbpedia.org/resource/Nariño_Department","San Joséé",""
"Panama","http://dbpedia.org/resource/Panama","Panama Oeste","http://dbpedia.org/resource/Panamá_Oeste_Province","San José","http://dbpedia.org/resource/San_José,_Panamá_Oeste"
"Guatemala","http://dbpedia.org/resource/Guatemala","Peten","http://dbpedia.org/resource/Petén_Department","San José","http://dbpedia.org/resource/San_José,_El_Petén"
"Mexico","http://dbpedia.org/resource/Mexico","Puebla","http://dbpedia.org/resource/Puebla","San Joséé","http://dbpedia.org/resource/San_José_Chiapa"
"Costa Rica","http://dbpedia.org/resource/Costa_Rica","San Jose","http://dbpedia.org/resource/San_José_Province","Sann José","http://dbpedia.org/resource/San_José,_Costa_Rica"
"Panama","http://dbpedia.org/resource/Panama","Veraguas","http://dbpedia.org/resource/Veraguas_Province","San Joséé",""
"Honduras","http://dbpedia.org/resource/Honduras","Yoro","http://dbpedia.org/resource/Yoro_department","San Joséé",""
"Philippines","http://dbpedia.org/resource/Philippines","Calabarzon","http://dbpedia.org/resource/Calabarzon","Santa Luciaa",""
"Italy","http://dbpedia.org/resource/Italy","Campania","http://dbpedia.org/resource/Campania","Santa Lucia",""
"Philippines","http://dbpedia.org/resource/Philippines","Central Luzon","http://dbpedia.org/resource/Central_Luzon","Santa Lucia",""
"Panama","http://dbpedia.org/resource/Panama","Chiriqui","http://dbpedia.org/resource/Chiriquí_Province","Santta Lucia","http://dbpedia.org/resource/Santa_Lucia,_Chiriqui"
"Philippines","http://dbpedia.org/resource/Philippines","Ilocos","http://dbpedia.org/resource/Ilocos_Region","Santa Luciia","http://dbpedia.org/resource/Santa_Lucia,_Ilocos_Sur"
"Italy","http://dbpedia.org/resource/Italy","Latium","http://dbpedia.org/resource/Lazio","Santa Luciaa",""
"Italy","http://dbpedia.org/resource/Italy","Tuscany","http://dbpedia.org/resource/Tuscany,_Italy","Santa Lucia",""
"Colombia","http://dbpedia.org/resource/Colombia","Atlantico","http://dbpedia.org/resource/Atlántico_Department","Santa Lucía","http://dbpedia.org/resource/Santa_Lucía,_Atlántico"
"Venezuela","http://dbpedia.org/resource/Venezuela","Barinas","http://dbpedia.org/resource/Barinas,_Venezuela","Santa Lucíaa",""
"Nicaragua","http://dbpedia.org/resource/Nicaragua","Boaco","http://dbpedia.org/resource/Boaco_Department","Santa Lucíaa","http://dbpedia.org/resource/Santa_Lucía,_Boaco"
"Spain","http://dbpedia.org/resource/Spain","Canary Islands","http://dbpedia.org/resource/Canary_Islands,_Spain","Santa Lucía","http://dbpedia.org/resource/Santa_Lucía_de_Tirajana"
"Uruguay","http://dbpedia.org/resource/Uruguay","Canelones","http://dbpedia.org/resource/Canelones_Department","Santa Lucíaa","http://dbpedia.org/resource/Santa_Lucía,_Uruguay"
"Argentina","http://dbpedia.org/resource/Argentina","Corrientes","http://dbpedia.org/resource/Corrientes,_Argentina","Santa Lucía","http://dbpedia.org/resource/Santa_Lucía,_Corrientes"
"Honduras","http://dbpedia.org/resource/Honduras","Francisco Morazan","http://dbpedia.org/resource/Francisco_Morazan,_Honduras","Santa Lucía","http://dbpedia.org/resource/Santa_Lucía,_Francisco_Morazán"
"Ecuador","http://dbpedia.org/resource/Ecuador","Guayas","http://dbpedia.org/resource/Guayas_Province","Santa Lucía","http://dbpedia.org/resource/Santa_Lucía_Canton"
"Cuba","http://dbpedia.org/resource/Cuba","Holguin","http://dbpedia.org/resource/Holguín_Province","Santa Lucíaa",""
"Honduras","http://dbpedia.org/resource/Honduras","Ocotepeque","http://dbpedia.org/resource/Ocotepeque_department","Santa Lucía",""
"Peru","http://dbpedia.org/resource/Peru","Puno","http://dbpedia.org/resource/Puno_Region","Santa Lucía",""
"Argentina","http://dbpedia.org/resource/Argentina","San Juan","http://dbpedia.org/resource/San_Juan_Province_(Argentina)","Santa Lucíaa",""
"Colombia","http://dbpedia.org/resource/Colombia","Antioquia","http://dbpedia.org/resource/Antioquia,_Colombia","Santo Domingoo","http://dbpedia.org/resource/Santo_Domingo,_Antioquia"
"Philippines","http://dbpedia.org/resource/Philippines","Bicol","http://dbpedia.org/resource/Bicol_Region","Santo Dominngo","http://dbpedia.org/resource/Santo_Domingo,_Albay"
"Philippines","http://dbpedia.org/resource/Philippines","Cagayan Valley","http://dbpedia.org/resource/Cagayan_Valley","Santo Domingoo",""
"Philippines","http://dbpedia.org/resource/Philippines","Central Luzon","http://dbpedia.org/resource/Central_Luzon","Santo  Domingo","http://dbpedia.org/resource/Santo_Domingo,_Nueva_Ecija"
"Mexico","http://dbpedia.org/resource/Mexico","Chiapas","http://dbpedia.org/resource/Chiapas,_Mexico","Santo Domingo",""
"Panama","http://dbpedia.org/resource/Panama","Chiriqui","http://dbpedia.org/resource/Chiriquí_Province","Santo Domingoo","http://dbpedia.org/resource/Santo_Domingo,_Chiriqui"
"Nicaragua","http://dbpedia.org/resource/Nicaragua","Chontales","http://dbpedia.org/resource/Chontales_Department","Santo Domingo","http://dbpedia.org/resource/Santo_Domingo,_Chontales"
"Costa Rica","http://dbpedia.org/resource/Costa_Rica","Heredia","http://dbpedia.org/resource/Heredia,_Costa_Rica","Santo Domingoo",""
"Philippines","http://dbpedia.org/resource/Philippines","Ilocos","http://dbpedia.org/resource/Ilocos_Region","Santo Domingoo","http://dbpedia.org/resource/Santo_Domingo,_Ilocos_Sur"
"Panama","http://dbpedia.org/resource/Panama","Los Santos","http://dbpedia.org/resource/Los_Santos,_Panama","Santo Domingoo","http://dbpedia.org/resource/Santo_Domingo,_Los_Santos"
"Venezuela","http://dbpedia.org/resource/Venezuela","Merida","http://dbpedia.org/resource/Mérida_(state)","Santo Domingoo",""
"Dominican Republic","http://dbpedia.org/resource/Dominican_Republic","Nacional","http://dbpedia.org/resource/Distrito_Nacional","Santo Domingo","http://dbpedia.org/resource/Santo_Domingo"
"Peru","http://dbpedia.org/resource/Peru","Piura","http://dbpedia.org/resource/Piura_Region","Santo Domiingo",""
"Mexico","http://dbpedia.org/resource/Mexico","San Luis Potosi","http://dbpedia.org/resource/San_Luis_Potosí","Santo Domingo","http://dbpedia.org/resource/Santo_Domingo,_San_Luis_Potosí"
"Cuba","http://dbpedia.org/resource/Cuba","Villa Clara","http://dbpedia.org/resource/Villa_Clara_Province","Santo Domingo","http://dbpedia.org/resource/Santo_Domingo,_Cuba"
"Australia","http://dbpedia.org/resource/Australia","Queensland","http://dbpedia.org/resource/Queensland,_Australia","Springfield","http://dbpedia.org/resource/Springfield,_Queensland"
"Chile","http://dbpedia.org/resource/Chile","Araucania","http://dbpedia.org/resource/Araucanía_Region","Viictoria","http://dbpedia.org/resource/Victoria,_Chile"
"Romania","http://dbpedia.org/resource/Romania","Botosani","http://dbpedia.org/resource/Botoșani_County","VVictoria",""
"Romania","http://dbpedia.org/resource/Romania","Braila","http://dbpedia.org/resource/Brăila_County","VVictoria","http://dbpedia.org/resource/Victoria,_Brăila"
"Romania","http://dbpedia.org/resource/Romania","Brasov","http://dbpedia.org/resource/Brașov_County","Victorria","http://dbpedia.org/resource/Victoria,_Brașov"
"Canada","http://dbpedia.org/resource/Canada","British Columbia","http://dbpedia.org/resource/British_Columbia,_Canada","Victoriaa","http://dbpedia.org/resource/Victoria,_British_Columbia"
"El Salvador","http://dbpedia.org/resource/El_Salvador","Cabanas","http://dbpedia.org/resource/Cabañas_Department","Victoriaa","http://dbpedia.org/resource/Victoria,_Cabanas"
"Philippines","http://dbpedia.org/resource/Philippines","Calabarzon","http://dbpedia.org/resource/Calabarzon","Victoria","http://dbpedia.org/resource/Victoria,_Laguna"
"Colombia","http://dbpedia.org/resource/Colombia","Caldas","http://dbpedia.org/resource/Caldas_Department","Victtoria","http://dbpedia.org/resource/Victoria,_Caldas"
"Philippines","http://dbpedia.org/resource/Philippines","Central Luzon","http://dbpedia.org/resource/Central_Luzon","Victoriaa","http://dbpedia.org/resource/Victoria,_Tarlac"
"Philippines","http://dbpedia.org/resource/Philippines","Eastern Visayas","http://dbpedia.org/resource/Eastern_Visayas","Victoriaa","http://dbpedia.org/resource/Victoria,_Northern_Samar"
"Seychelles","http://dbpedia.org/resource/Seychelles","English River","http://dbpedia.org/resource/English_River,_Seychelles","Victorria","http://dbpedia.org/resource/Victoria,_Seychelles"
"Argentina","http://dbpedia.org/resource/Argentina","Entre Rios","http://dbpedia.org/resource/Entre_Ríos_Province","Victtoria","http://dbpedia.org/resource/Victoria,_Entre_Rios"
"Mexico","http://dbpedia.org/resource/Mexico","Guanajuato","http://dbpedia.org/resource/Guanajuato","Victoriaa","http://dbpedia.org/resource/Victoria,_Guanajuato"
"Romania","http://dbpedia.org/resource/Romania","Iasi","http://dbpedia.org/resource/Iași_County","Victoriia","http://dbpedia.org/resource/Victoria,_Iasi"
"Malaysia","http://dbpedia.org/resource/Malaysia","Labuan","http://dbpedia.org/resource/Labuan","Victoriaa","http://dbpedia.org/resource/Victoria,_Labuan"
"Philippines","http://dbpedia.org/resource/Philippines","Mimaropa","http://dbpedia.org/resource/Mimaropa","Victoriia","http://dbpedia.org/resource/Victoria,_Oriental_Mindoro"
"Grenada","http://dbpedia.org/resource/Grenada","Saint Mark","http://dbpedia.org/resource/Saint_Mark,_Grenada","Victoria","http://dbpedia.org/resource/Victoria,_Grenada"
"Malta","http://dbpedia.org/resource/Malta","Gozo","http://dbpedia.org/resource/Gozo_(region)","Victoria","http://dbpedia.org/resource/Victoria,_Gozo"
"United Kingdom","http://dbpedia.org/resource/United_Kingdom","Wales","http://dbpedia.org/resource/Wales,_United_Kingdom","Victoriaa","http://dbpedia.org/resource/Victoria,_Newport"
"Honduras","http://dbpedia.org/resource/Honduras","Yoro","http://dbpedia.org/resource/Yoro_department","Victooria","http://dbpedia.org/resource/Victoria,_Yoro"
