"Country","Country__URI","Country_misspelled","Country_misspelled__URI"
"Alabama","http://dbpedia.org/resource/Alabama_(state)","Allabama","http://dbpedia.org/resource/Alabama_(state)"
"AAlabama","http://dbpedia.org/resource/Alabama_(state)","Alabamma","http://dbpedia.org/resource/Alabama_(state)"
"Alasska","http://dbpedia.org/resource/Alaska_(state)","Alsaka","http://dbpedia.org/resource/Alaska_(state)"
"AArizona","http://dbpedia.org/resource/Arizona_(state)","Arizonia","http://dbpedia.org/resource/Arizona_(state)"
"Arizonaa","http://dbpedia.org/resource/Arizona_(state)","Arzinoa","http://dbpedia.org/resource/Arizona_(state)"
"Californiaa","http://dbpedia.org/resource/California_(state)","Califronia","http://dbpedia.org/resource/California_(state)"
"Colorado","http://dbpedia.org/resource/Colorado_(state)","Calorado","http://dbpedia.org/resource/Colorado_(state)"
"CColorado","http://dbpedia.org/resource/Colorado_(state)","Colarado","http://dbpedia.org/resource/Colorado_(state)"
"Connecticut","http://dbpedia.org/resource/Connecticut_(state)","connecticutt","http://dbpedia.org/resource/Connecticut_(state)"
"Connecticut","http://dbpedia.org/resource/Connecticut_(state)","conneticutt","http://dbpedia.org/resource/Connecticut_(state)"
"Connecticut","http://dbpedia.org/resource/Connecticut_(state)","connetticut","http://dbpedia.org/resource/Connecticut_(state)"
"Connecticut","http://dbpedia.org/resource/Connecticut_(state)","connetticutt","http://dbpedia.org/resource/Connecticut_(state)"
"Connecticut","http://dbpedia.org/resource/Connecticut_(state)","conneticut","http://dbpedia.org/resource/Connecticut_(state)"
"Delawaare","http://dbpedia.org/resource/Delaware_(state)","Delawere","http://dbpedia.org/resource/Delaware_(state)"
"FFlorida","http://dbpedia.org/resource/Florida_(state)","Floridas","http://dbpedia.org/resource/Florida_(state)"
"Floridaa","http://dbpedia.org/resource/Florida_(state)","Floryda","http://dbpedia.org/resource/Florida_(state)"
"Florida","http://dbpedia.org/resource/Florida_(state)","Florda","http://dbpedia.org/resource/Florida_(state)"
"Florida","http://dbpedia.org/resource/Florida_(state)","Flordia","http://dbpedia.org/resource/Florida_(state)"
"Georgiaa","http://dbpedia.org/resource/Georgia_(U.S._state)","Georgeia","http://dbpedia.org/resource/Georgia_(U.S._state)"
"Georgiaa","http://dbpedia.org/resource/Georgia_(U.S._state)","Georgea","http://dbpedia.org/resource/Georgia_(U.S._state)"
"Hawaiii","http://dbpedia.org/resource/Hawaii_(state)","Hawai","http://dbpedia.org/resource/Hawaii_(state)"
"Hawwaii","http://dbpedia.org/resource/Hawaii_(state)","Howaii","http://dbpedia.org/resource/Hawaii_(state)"
"Hawaii","http://dbpedia.org/resource/Hawaii_(state)","Hawii","http://dbpedia.org/resource/Hawaii_(state)"
"Hawaii","http://dbpedia.org/resource/Hawaii_(state)","Hawaai","http://dbpedia.org/resource/Hawaii_(state)"
"Idaho","http://dbpedia.org/resource/Idaho_(state)","Idahoe","http://dbpedia.org/resource/Idaho_(state)"
"Idahoo","http://dbpedia.org/resource/Idaho_(state)","Ideho","http://dbpedia.org/resource/Idaho_(state)"
"Illinoiss","http://dbpedia.org/resource/Illinois_(state)","Illanoise","http://dbpedia.org/resource/Illinois_(state)"
"Iowaa","http://dbpedia.org/resource/Iowa_(state)","Iowha","http://dbpedia.org/resource/Iowa_(state)"
"Iowaa","http://dbpedia.org/resource/Iowa_(state)","Ioaw","http://dbpedia.org/resource/Iowa_(state)"
"Ioowa","http://dbpedia.org/resource/Iowa_(state)","Iwoa","http://dbpedia.org/resource/Iowa_(state)"
"Kentuckyy","http://dbpedia.org/resource/Kentucky_(state)","kentuky","http://dbpedia.org/resource/Kentucky_(state)"
"Kentuckyy","http://dbpedia.org/resource/Kentucky_(state)","kentucy","http://dbpedia.org/resource/Kentucky_(state)"
"Louuisiana","http://dbpedia.org/resource/Louisiana_(state)","Louiseiana","http://dbpedia.org/resource/Louisiana_(state)"
"MMaine","http://dbpedia.org/resource/Maine_(state)","main","http://dbpedia.org/resource/Maine_(state)"
"Maine","http://dbpedia.org/resource/Maine_(state)","miane","http://dbpedia.org/resource/Maine_(state)"
"Maaryland","http://dbpedia.org/resource/Maryland_(state)","mary land","http://dbpedia.org/resource/Maryland_(state)"
"Maryland","http://dbpedia.org/resource/Maryland_(state)","marryland","http://dbpedia.org/resource/Maryland_(state)"
"Massachusettss","http://dbpedia.org/resource/Massachusetts_(state)","Massachussetts","http://dbpedia.org/resource/Massachusetts_(state)"
"Massachusettss","http://dbpedia.org/resource/Massachusetts_(state)","Masachusetts","http://dbpedia.org/resource/Massachusetts_(state)"
"Massachusettss","http://dbpedia.org/resource/Massachusetts_(state)","Masachusets","http://dbpedia.org/resource/Massachusetts_(state)"
"Maassachusetts","http://dbpedia.org/resource/Massachusetts_(state)","Massachussets","http://dbpedia.org/resource/Massachusetts_(state)"
"Micchigan","http://dbpedia.org/resource/Michigan_(state)","michgan","http://dbpedia.org/resource/Michigan_(state)"
"Michhigan","http://dbpedia.org/resource/Michigan_(state)","michagin","http://dbpedia.org/resource/Michigan_(state)"
"Michigann","http://dbpedia.org/resource/Michigan_(state)","michagan","http://dbpedia.org/resource/Michigan_(state)"
"Minnesota","http://dbpedia.org/resource/Minnesota_(state)","Minesota","http://dbpedia.org/resource/Minnesota_(state)"
"Mississippii","http://dbpedia.org/resource/Mississippi_(state)","Mississipi","http://dbpedia.org/resource/Mississippi_(state)"
"Mississippii","http://dbpedia.org/resource/Mississippi_(state)","Misouri","http://dbpedia.org/resource/Mississippi_(state)"
"Mississippi","http://dbpedia.org/resource/Mississippi_(state)","Missisipi","http://dbpedia.org/resource/Mississippi_(state)"
"Mississippii","http://dbpedia.org/resource/Mississippi_(state)","Missoury","http://dbpedia.org/resource/Mississippi_(state)"
"Mississippi","http://dbpedia.org/resource/Mississippi_(state)","Missisippi","http://dbpedia.org/resource/Mississippi_(state)"
"Nebraska","http://dbpedia.org/resource/Nebraska_(state)","Nebrascka","http://dbpedia.org/resource/Nebraska_(state)"
"Nevaada","http://dbpedia.org/resource/Nevada_(state)","Nevadaa","http://dbpedia.org/resource/Nevada_(state)"
"Nevvada","http://dbpedia.org/resource/Nevada_(state)","Newvada","http://dbpedia.org/resource/Nevada_(state)"
"Nevada","http://dbpedia.org/resource/Nevada_(state)","Navada","http://dbpedia.org/resource/Nevada_(state)"
"New Hampshire","http://dbpedia.org/resource/New_Hampshire_(state)","NewHampshire","http://dbpedia.org/resource/New_Hampshire_(state)"
"New Jersey","http://dbpedia.org/resource/New_Jersey_(state)","newjersey","http://dbpedia.org/resource/New_Jersey_(state)"
"New MMexico","http://dbpedia.org/resource/New_Mexico_(state)","NewMexico","http://dbpedia.org/resource/New_Mexico_(state)"
"New Yorkk","http://dbpedia.org/resource/New_York_(state)","Newyork","http://dbpedia.org/resource/New_York_(state)"
"North Carolina","http://dbpedia.org/resource/North_Carolina_(state)","North Caroleina","http://dbpedia.org/resource/North_Carolina_(state)"
"North Dakoota","http://dbpedia.org/resource/North_Dakota_(state)","n.dak","http://dbpedia.org/resource/North_Dakota_(state)"
"Noorth Dakota","http://dbpedia.org/resource/North_Dakota_(state)","northdakota","http://dbpedia.org/resource/North_Dakota_(state)"
"North Dakotaa","http://dbpedia.org/resource/North_Dakota_(state)","ndak","http://dbpedia.org/resource/North_Dakota_(state)"
"Ohioo","http://dbpedia.org/resource/Ohio_(state)","Oiho","http://dbpedia.org/resource/Ohio_(state)"
"Oklahoma","http://dbpedia.org/resource/Oklahoma_(state)","Okalahoma","http://dbpedia.org/resource/Oklahoma_(state)"
"Oregon","http://dbpedia.org/resource/Oregon_(state)","Orgon","http://dbpedia.org/resource/Oregon_(state)"
"Pennsylvaniaa","http://dbpedia.org/resource/Pennsylvania_(state)","Pensylvania","http://dbpedia.org/resource/Pennsylvania_(state)"
"Rhode Islandd","http://dbpedia.org/resource/Rhode_Island_(state)","road island","http://dbpedia.org/resource/Rhode_Island_(state)"
"Rhode Island","http://dbpedia.org/resource/Rhode_Island_(state)","rhodeisland","http://dbpedia.org/resource/Rhode_Island_(state)"
"Rhode Issland","http://dbpedia.org/resource/Rhode_Island_(state)","rode island","http://dbpedia.org/resource/Rhode_Island_(state)"
"Rhode Island","http://dbpedia.org/resource/Rhode_Island_(state)","rhod island","http://dbpedia.org/resource/Rhode_Island_(state)"
"South Carolina","http://dbpedia.org/resource/South_Carolina_(state)","southcarolina","http://dbpedia.org/resource/South_Carolina_(state)"
"South Carolina","http://dbpedia.org/resource/South_Carolina_(state)","sout carolin","http://dbpedia.org/resource/South_Carolina_(state)"
"Soouth Carolina","http://dbpedia.org/resource/South_Carolina_(state)","south carolna","http://dbpedia.org/resource/South_Carolina_(state)"
"South Carolinna","http://dbpedia.org/resource/South_Carolina_(state)","souh carolia","http://dbpedia.org/resource/South_Carolina_(state)"
"South Caroolina","http://dbpedia.org/resource/South_Carolina_(state)","south carolina","http://dbpedia.org/resource/South_Carolina_(state)"
"South Dakotaa","http://dbpedia.org/resource/South_Dakota_(state)","southdakota","http://dbpedia.org/resource/South_Dakota_(state)"
"Tennessee","http://dbpedia.org/resource/Tennessee_(state)","Tennesee","http://dbpedia.org/resource/Tennessee_(state)"
"Tennessee","http://dbpedia.org/resource/Tennessee_(state)","Tennisse","http://dbpedia.org/resource/Tennessee_(state)"
"Tennesseee","http://dbpedia.org/resource/Tennessee_(state)","Tennissee","http://dbpedia.org/resource/Tennessee_(state)"
"Teennessee","http://dbpedia.org/resource/Tennessee_(state)","Tennisee","http://dbpedia.org/resource/Tennessee_(state)"
"Texas","http://dbpedia.org/resource/Texas_(state)","texes","http://dbpedia.org/resource/Texas_(state)"
"Texaas","http://dbpedia.org/resource/Texas_(state)","texis","http://dbpedia.org/resource/Texas_(state)"
"Utaah","http://dbpedia.org/resource/Utah_(state)","Utes","http://dbpedia.org/resource/Utah_(state)"
"Utah","http://dbpedia.org/resource/Utah_(state)","Utar","http://dbpedia.org/resource/Utah_(state)"
"West Virginia","http://dbpedia.org/resource/West_Virginia_(state)","West Virgina","http://dbpedia.org/resource/West_Virginia_(state)"
"West Virginiaa","http://dbpedia.org/resource/West_Virginia_(state)","West Virgnia","http://dbpedia.org/resource/West_Virginia_(state)"
"Wyomingg","http://dbpedia.org/resource/Wyoming_(state)","Whyoming","http://dbpedia.org/resource/Wyoming_(state)"
"Wyomingg","http://dbpedia.org/resource/Wyoming_(state)","Wioming","http://dbpedia.org/resource/Wyoming_(state)"
"Wyomingg","http://dbpedia.org/resource/Wyoming_(state)","Wisconson","http://dbpedia.org/resource/Wyoming_(state)"
