"Nickname","Nickname__URI","Team","Team__URI","BirthPlace","BirthPlace__URI"
"Air Gorddon","http://dbpedia.org/resource/Aaron_Gordon","Orlando Magic","http://dbpedia.org/resource/Orlando_Magic","San Jose, Californiaa","http://dbpedia.org/resource/San_Jose,_California"
"Ace","http://dbpedia.org/resource/Ace_Gruenig","Denver Nuggets","http://dbpedia.org/resource/Denver_Nuggets","Chiccago","http://dbpedia.org/resource/Chicago"
"A.I..","http://dbpedia.org/resource/Allen_Iverson","Philadelphia 76ers","http://dbpedia.org/resource/Philadelphia_76ers","Hampton, Virginiaa","http://dbpedia.org/resource/Hampton,_Virginia"
"BBubba Chuck","http://dbpedia.org/resource/Allen_Iverson","Philadelphia 76ers","http://dbpedia.org/resource/Philadelphia_76ers","Hampton, Virginiaa","http://dbpedia.org/resource/Hampton,_Virginia"
"Steven John Ray the Third","http://dbpedia.org/resource/Allen_Iverson","Philadelphia 76ers","http://dbpedia.org/resource/Philadelphia_76ers","Hampton, Virginiaa","http://dbpedia.org/resource/Hampton,_Virginia"
"The Answer","http://dbpedia.org/resource/Allen_Iverson","Philadelphia 76ers","http://dbpedia.org/resource/Philadelphia_76ers","Hampton, Virrginia","http://dbpedia.org/resource/Hampton,_Virginia"
"Zoo","http://dbpedia.org/resource/Alonzo_Mourning","Charlotte Hornets","http://dbpedia.org/resource/Charlotte_Hornets","Chesapeake, Virginiaa","http://dbpedia.org/resource/Chesapeake,_Virginia"
"STAAT","http://dbpedia.org/resource/Amar'e_Stoudemire","Phoenix Suns","http://dbpedia.org/resource/Phoenix_Suns","Lake Wales, Fllorida","http://dbpedia.org/resource/Lake_Wales,_Florida"
"Wild Thingg","http://dbpedia.org/resource/Anderson_Varejão","Golden State Warriors","http://dbpedia.org/resource/Golden_State_Warriors","Colatinaa","http://dbpedia.org/resource/Colatina"
"Iggy","http://dbpedia.org/resource/Andre_Iguodala","Miami Heat","http://dbpedia.org/resource/Miami_Heat","Springfield, Illinoiss","http://dbpedia.org/resource/Springfield,_Illinois"
"Il Mago","http://dbpedia.org/resource/Andrea_Bargnani","Toronto Raptors","http://dbpedia.org/resource/Toronto_Raptors","Romee","http://dbpedia.org/resource/Rome"
"AKK47","http://dbpedia.org/resource/Andrei_Kirilenko","Utah Jazz","http://dbpedia.org/resource/Utah_Jazz","Izhevskk","http://dbpedia.org/resource/Izhevsk"
"killing","http://dbpedia.org/resource/Andrew_Toney","Philadelphia 76ers","http://dbpedia.org/resource/Philadelphia_76ers","Birmingham, Alabama","http://dbpedia.org/resource/Birmingham,_Alabama"
"The Boston Strangller","http://dbpedia.org/resource/Andrew_Toney","Philadelphia 76ers","http://dbpedia.org/resource/Philadelphia_76ers","Birmingham, Alabbama","http://dbpedia.org/resource/Birmingham,_Alabama"
"Maple Jordan","http://dbpedia.org/resource/Andrew_Wiggins","Golden State Warriors","http://dbpedia.org/resource/Golden_State_Warriors","TThornhill","http://dbpedia.org/resource/Thornhill,_Ontario"
"Double A","http://dbpedia.org/resource/Anthony_Anderson_(basketball)","Saint John Mill Rats","http://dbpedia.org/resource/Saint_John_Mill_Rats","Lynn, Massachusetts","http://dbpedia.org/resource/Lynn,_Massachusetts"
"AAD","http://dbpedia.org/resource/Anthony_Davis_(basketball)","New Orleans Hornets","http://dbpedia.org/resource/New_Orleans_Hornets","Chicagoo","http://dbpedia.org/resource/Chicago"
"Broww","http://dbpedia.org/resource/Anthony_Davis_(basketball)","New Orleans Hornets","http://dbpedia.org/resource/New_Orleans_Hornets","Chicago","http://dbpedia.org/resource/Chicago"
"Gllass","http://dbpedia.org/resource/Anthony_Davis_(basketball)","New Orleans Hornets","http://dbpedia.org/resource/New_Orleans_Hornets","Chicagoo","http://dbpedia.org/resource/Chicago"
"Big Dawg","http://dbpedia.org/resource/Antoine_Carr","Detroit Pistons","http://dbpedia.org/resource/Detroit_Pistons","Oklahoma City","http://dbpedia.org/resource/Oklahoma_City"
"Dice","http://dbpedia.org/resource/Antonio_McDyess","Los Angeles Clippers","http://dbpedia.org/resource/Los_Angeles_Clippers","Quitman, Mississippi","http://dbpedia.org/resource/Quitman,_Mississippi"
"The Hammer","http://dbpedia.org/resource/Armen_Gilliam","Phoenix Suns","http://dbpedia.org/resource/Phoenix_Suns","Bethel Park, Pennsylvaniaa","http://dbpedia.org/resource/Bethel_Park,_Pennsylvania"
"A Train","http://dbpedia.org/resource/Artis_Gilmore","Chicago Bulls","http://dbpedia.org/resource/Chicago_Bulls","Chhipley, Florida","http://dbpedia.org/resource/Chipley,_Florida"
"Sabass","http://dbpedia.org/resource/Arvydas_Sabonis","Portland Trail Blazers","http://dbpedia.org/resource/Portland_Trail_Blazers","Kaunas","http://dbpedia.org/resource/Kaunas"
"Madison Square Gordonn","http://dbpedia.org/resource/Ben_Gordon","Chicago Bulls","http://dbpedia.org/resource/Chicago_Bulls","Londdon","http://dbpedia.org/resource/London"
"Big Ben","http://dbpedia.org/resource/Ben_Simmons","Philadelphia 76ers","http://dbpedia.org/resource/Philadelphia_76ers","Victoria (Australia))","http://dbpedia.org/resource/Victoria_(Australia)"
"Fresh Prince","http://dbpedia.org/resource/Ben_Simmons","Philadelphia 76ers","http://dbpedia.org/resource/Philadelphia_76ers","Vicctoria (Australia)","http://dbpedia.org/resource/Victoria_(Australia)"
"Big Ben","http://dbpedia.org/resource/Ben_Wallace","Detroit Pistons","http://dbpedia.org/resource/Detroit_Pistons","White Hall, Alabamaa","http://dbpedia.org/resource/White_Hall,_Alabama"
"Bevo","http://dbpedia.org/resource/Bevo_Francis","Philadelphia Warriors","http://dbpedia.org/resource/Philadelphia_Warriors","Hammondsville, Ohio","http://dbpedia.org/resource/Hammondsville,_Ohio"
"Dollar Bill","http://dbpedia.org/resource/Bill_Bradley","New York Knicks","http://dbpedia.org/resource/New_York_Knicks","Crystal City, Missouri","http://dbpedia.org/resource/Crystal_City,_Missouri"
"Mr. Presidentt","http://dbpedia.org/resource/Bill_Bradley","New York Knicks","http://dbpedia.org/resource/New_York_Knicks","Crrystal City, Missouri","http://dbpedia.org/resource/Crystal_City,_Missouri"
"The Secretary of Statee","http://dbpedia.org/resource/Bill_Bradley","New York Knicks","http://dbpedia.org/resource/New_York_Knicks","Crystal City, Missourii","http://dbpedia.org/resource/Crystal_City,_Missouri"
"The Owl without a Vowel","http://dbpedia.org/resource/Bill_Mlkvy","Philadelphia Warriors","http://dbpedia.org/resource/Philadelphia_Warriors","Palmerton, Pennsylvaniaa","http://dbpedia.org/resource/Palmerton,_Pennsylvania"
"Russs","http://dbpedia.org/resource/Bill_Russell","St. Louis Hawks","http://dbpedia.org/resource/St._Louis_Hawks","Monroe, Louisianaa","http://dbpedia.org/resource/Monroe,_Louisiana"
"Kangaroo  Kid","http://dbpedia.org/resource/Billy_Cunningham","Philadelphia 76ers","http://dbpedia.org/resource/Philadelphia_76ers","Broooklyn","http://dbpedia.org/resource/Brooklyn"
"The Whopperr","http://dbpedia.org/resource/Billy_Paultz","San Diego Rockets","http://dbpedia.org/resource/San_Diego_Rockets","River Edge, New Jerseyy","http://dbpedia.org/resource/River_Edge,_New_Jersey"
"Bimboo","http://dbpedia.org/resource/Bimbo_Coles","Sacramento Kings","http://dbpedia.org/resource/Sacramento_Kings","Covington, Virginia","http://dbpedia.org/resource/Covington,_Virginia"
"Bingo","http://dbpedia.org/resource/Bingo_Smith","San Diego Rockets","http://dbpedia.org/resource/San_Diego_Rockets","Memphis, Tennessee","http://dbpedia.org/resource/Memphis,_Tennessee"
"BB-8","http://dbpedia.org/resource/Bismack_Biyombo","Orlando Magic","http://dbpedia.org/resource/Orlando_Magic","Lubumbashii","http://dbpedia.org/resource/Lubumbashi"
"Big  Bizness","http://dbpedia.org/resource/Bismack_Biyombo","Orlando Magic","http://dbpedia.org/resource/Orlando_Magic","Lubumbashi","http://dbpedia.org/resource/Lubumbashi"
"Biznation","http://dbpedia.org/resource/Bismack_Biyombo","Orlando Magic","http://dbpedia.org/resource/Orlando_Magic","Lubumbashi","http://dbpedia.org/resource/Lubumbashi"
"Bizzy Boo","http://dbpedia.org/resource/Bismack_Biyombo","Orlando Magic","http://dbpedia.org/resource/Orlando_Magic","Lubumbashi","http://dbpedia.org/resource/Lubumbashi"
"The Acrobatic from the Democratic (Republic of the Congo)","http://dbpedia.org/resource/Bismack_Biyombo","Orlando Magic","http://dbpedia.org/resource/Orlando_Magic","Lubumbashi","http://dbpedia.org/resource/Lubumbashi"
"Bluee","http://dbpedia.org/resource/Blue_Edwards","Utah Jazz","http://dbpedia.org/resource/Utah_Jazz","Washingtonn, D.C.","http://dbpedia.org/resource/Washington,_D.C."
"Cooz","http://dbpedia.org/resource/Bob_Cousy","Tri-Cities Blackhawks","http://dbpedia.org/resource/Tri-Cities_Blackhawks","Manhattan, New York","http://dbpedia.org/resource/Manhattan,_New_York"
"The Houdini oof the Hardwood","http://dbpedia.org/resource/Bob_Cousy","Tri-Cities Blackhawks","http://dbpedia.org/resource/Tri-Cities_Blackhawks","Manhattan, New Yorkk","http://dbpedia.org/resource/Manhattan,_New_York"
"Bobbby D","http://dbpedia.org/resource/Bob_Dandridge","Milwaukee Bucks","http://dbpedia.org/resource/Milwaukee_Bucks","Richmond, Virginia","http://dbpedia.org/resource/Richmond,_Virginia"
"Buttterbean","http://dbpedia.org/resource/Bob_Love","Cincinnati Royals","http://dbpedia.org/resource/Cincinnati_Royals","Bastrop, Louisiana","http://dbpedia.org/resource/Bastrop,_Louisiana"
"Tea Time","http://dbpedia.org/resource/Boris_Diaw","Utah Jazz","http://dbpedia.org/resource/Utah_Jazz","Val d’OOise","http://dbpedia.org/resource/Val-d'Oise"
"The Naturaal","http://dbpedia.org/resource/Brandon_Roy","Minnesota Timberwolves","http://dbpedia.org/resource/Minnesota_Timberwolves","Seattle, Washingtonn","http://dbpedia.org/resource/Seattle,_Washington"
"Boness","http://dbpedia.org/resource/Brent_Barry","Denver Nuggets","http://dbpedia.org/resource/Denver_Nuggets","Hempstead (village), New York","http://dbpedia.org/resource/Hempstead_(village),_New_York"
"The Custodiann","http://dbpedia.org/resource/Brian_Cardinal","Detroit Pistons","http://dbpedia.org/resource/Detroit_Pistons","Tolono, Illinoiss","http://dbpedia.org/resource/Tolono,_Illinois"
"The White Mamba","http://dbpedia.org/resource/Brian_Scalabrine","New Jersey Nets","http://dbpedia.org/resource/New_Jersey_Nets","Long Beach, California","http://dbpedia.org/resource/Long_Beach,_California"
"Splash Mountain","http://dbpedia.org/resource/Brook_Lopez","Brooklyn Nets","http://dbpedia.org/resource/Brooklyn_Nets","North Hollywood, Los Angeles","http://dbpedia.org/resource/North_Hollywood,_Los_Angeles"
"Big Country","http://dbpedia.org/resource/Bryant_Reeves","Vancouver Grizzlies","http://dbpedia.org/resource/Vancouver_Grizzlies","Fort Smith, Arkansass","http://dbpedia.org/resource/Fort_Smith,_Arkansas"
"Buuddy Love","http://dbpedia.org/resource/Buddy_Hield","New Orleans Pelicans","http://dbpedia.org/resource/New_Orleans_Pelicans","Freeport, Bahamass","http://dbpedia.org/resource/Freeport,_Bahamas"
"Butch","http://dbpedia.org/resource/Butch_Beard","Atlanta Hawks","http://dbpedia.org/resource/Atlanta_Hawks","Hardinsburg, Kentucky","http://dbpedia.org/resource/Hardinsburg,_Kentucky"
"Cadillacc","http://dbpedia.org/resource/Cadillac_Anderson","San Antonio Spurs","http://dbpedia.org/resource/San_Antonio_Spurs","Houston","http://dbpedia.org/resource/Houston"
"Captain America","http://dbpedia.org/resource/Carmelo_Anthony","Portland Trail Blazers","http://dbpedia.org/resource/Portland_Trail_Blazers","Brooklyn","http://dbpedia.org/resource/Brooklyn"
"Hoodie Melo","http://dbpedia.org/resource/Carmelo_Anthony","Portland Trail Blazers","http://dbpedia.org/resource/Portland_Trail_Blazers","Brooklynn","http://dbpedia.org/resource/Brooklyn"
"Meelo","http://dbpedia.org/resource/Carmelo_Anthony","Portland Trail Blazers","http://dbpedia.org/resource/Portland_Trail_Blazers","Brooklynn","http://dbpedia.org/resource/Brooklyn"
"The Patriott","http://dbpedia.org/resource/Carmelo_Anthony","Portland Trail Blazers","http://dbpedia.org/resource/Portland_Trail_Blazers","Brooklyn","http://dbpedia.org/resource/Brooklyn"
"Cornbread","http://dbpedia.org/resource/Cedric_Maxwell","Boston Celtics","http://dbpedia.org/resource/Boston_Celtics","Kinston, North Carolinaa","http://dbpedia.org/resource/Kinston,_North_Carolina"
"Boy Gorge","http://dbpedia.org/resource/Charles_Barkley","Houston Rockets","http://dbpedia.org/resource/Houston_Rockets","Leeds, Alabama","http://dbpedia.org/resource/Leeds,_Alabama"
"Chuck","http://dbpedia.org/resource/Charles_Barkley","Houston Rockets","http://dbpedia.org/resource/Houston_Rockets","Leeds, Alabama","http://dbpedia.org/resource/Leeds,_Alabama"
"Leaning Tower of Pizzza","http://dbpedia.org/resource/Charles_Barkley","Houston Rockets","http://dbpedia.org/resource/Houston_Rockets","Leeds, Alabama","http://dbpedia.org/resource/Leeds,_Alabama"
"Pillsbury Dough Boy","http://dbpedia.org/resource/Charles_Barkley","Houston Rockets","http://dbpedia.org/resource/Houston_Rockets","Leeds, Alabamma","http://dbpedia.org/resource/Leeds,_Alabama"
"Prince Charles","http://dbpedia.org/resource/Charles_Barkley","Houston Rockets","http://dbpedia.org/resource/Houston_Rockets","Leeds, Alabamaa","http://dbpedia.org/resource/Leeds,_Alabama"
"Sir Charless","http://dbpedia.org/resource/Charles_Barkley","Houston Rockets","http://dbpedia.org/resource/Houston_Rockets","Leeds, Alabamaa","http://dbpedia.org/resource/Leeds,_Alabama"
"The Crrisco Kid","http://dbpedia.org/resource/Charles_Barkley","Houston Rockets","http://dbpedia.org/resource/Houston_Rockets","LLeeds, Alabama","http://dbpedia.org/resource/Leeds,_Alabama"
"The Flying Coke Macchine","http://dbpedia.org/resource/Charles_Barkley","Houston Rockets","http://dbpedia.org/resource/Houston_Rockets","Leeds, Alabamaa","http://dbpedia.org/resource/Leeds,_Alabama"
"The Human Refrigeratorr","http://dbpedia.org/resource/Charles_Barkley","Houston Rockets","http://dbpedia.org/resource/Houston_Rockets","Leeds, Alabamaa","http://dbpedia.org/resource/Leeds,_Alabama"
"The Round Mound of Rebounnd","http://dbpedia.org/resource/Charles_Barkley","Houston Rockets","http://dbpedia.org/resource/Houston_Rockets","Leeds, Alabamaa","http://dbpedia.org/resource/Leeds,_Alabama"
"Mr. Big Shott","http://dbpedia.org/resource/Chauncey_Billups","Boston Celtics","http://dbpedia.org/resource/Boston_Celtics","Denver","http://dbpedia.org/resource/Denver"
"Birdmann","http://dbpedia.org/resource/Chris_Andersen","Cleveland Cavaliers","http://dbpedia.org/resource/Cleveland_Cavaliers","Long Beach, Californiaa","http://dbpedia.org/resource/Long_Beach,_California"
"CB4","http://dbpedia.org/resource/Chris_Bosh","Miami Heat","http://dbpedia.org/resource/Miami_Heat","Dallas","http://dbpedia.org/resource/Dallas"
"The Boshtrichh","http://dbpedia.org/resource/Chris_Bosh","Miami Heat","http://dbpedia.org/resource/Miami_Heat","Dallas","http://dbpedia.org/resource/Dallas"
"CCP3","http://dbpedia.org/resource/Chris_Paul","New Orleans Hornets","http://dbpedia.org/resource/New_Orleans_Hornets","Winston-Salem, North Carolina","http://dbpedia.org/resource/Winston-Salem,_North_Carolina"
"C-Webb","http://dbpedia.org/resource/Chris_Webber","Orlando Magic","http://dbpedia.org/resource/Orlando_Magic","Detroit, Michigann","http://dbpedia.org/resource/Detroit,_Michigan"
"The Rifleman","http://dbpedia.org/resource/Chuck_Person","Indiana Pacers","http://dbpedia.org/resource/Indiana_Pacers","Brantley, Alabamaa","http://dbpedia.org/resource/Brantley,_Alabama"
"Clyde the Glide","http://dbpedia.org/resource/Clyde_Drexler","Portland Trail Blazers","http://dbpedia.org/resource/Portland_Trail_Blazers","New Orleanss","http://dbpedia.org/resource/New_Orleans"
"The Hawkk","http://dbpedia.org/resource/Connie_Hawkins","Atlanta Hawks","http://dbpedia.org/resource/Atlanta_Hawks","BBrooklyn","http://dbpedia.org/resource/Brooklyn"
"RRhino","http://dbpedia.org/resource/Craig_Smith_(basketball,_born_1983)","Minnesota Timberwolves","http://dbpedia.org/resource/Minnesota_Timberwolves","Inglewoood, California","http://dbpedia.org/resource/Inglewood,_California"
"Curly","http://dbpedia.org/resource/Curly_Neal","Harlem Globetrotters","http://dbpedia.org/resource/Harlem_Globetrotters","Greensboro, North Carolinaa","http://dbpedia.org/resource/Greensboro,_North_Carolina"
"DLo","http://dbpedia.org/resource/D'Angelo_Russell","Los Angeles Lakers","http://dbpedia.org/resource/Los_Angeles_Lakers","Louisville, Kentuucky","http://dbpedia.org/resource/Louisville,_Kentucky"
"Dame Dollaa","http://dbpedia.org/resource/Damian_Lillard","Portland Trail Blazers","http://dbpedia.org/resource/Portland_Trail_Blazers","Oakland, Californiaa","http://dbpedia.org/resource/Oakland,_California"
"Logo Lillardd","http://dbpedia.org/resource/Damian_Lillard","Portland Trail Blazers","http://dbpedia.org/resource/Portland_Trail_Blazers","Oakland, Californiaa","http://dbpedia.org/resource/Oakland,_California"
"Sub Zeroo","http://dbpedia.org/resource/Damian_Lillard","Portland Trail Blazers","http://dbpedia.org/resource/Portland_Trail_Blazers","Oakland, California","http://dbpedia.org/resource/Oakland,_California"
"The World's Greatest Shooterr","http://dbpedia.org/resource/Damon_Jones","Cleveland Cavaliers","http://dbpedia.org/resource/Cleveland_Cavaliers","Galveston, Texas","http://dbpedia.org/resource/Galveston,_Texas"
"The Flying Dutchman","http://dbpedia.org/resource/Dan_Gadzuric","Milwaukee Bucks","http://dbpedia.org/resource/Milwaukee_Bucks","The Haguee","http://dbpedia.org/resource/The_Hague"
"Thunder Dan","http://dbpedia.org/resource/Dan_Majerle","Phoenix Suns","http://dbpedia.org/resource/Phoenix_Suns","TTraverse City, Michigan","http://dbpedia.org/resource/Traverse_City,_Michigan"
"Boobiee","http://dbpedia.org/resource/Daniel_Gibson","Cleveland Cavaliers","http://dbpedia.org/resource/Cleveland_Cavaliers","Houston","http://dbpedia.org/resource/Houston"
"Il Galllo","http://dbpedia.org/resource/Danilo_Gallinari","New York Knicks","http://dbpedia.org/resource/New_York_Knicks","Sant'Angelo Lodigianoo","http://dbpedia.org/resource/Sant'Angelo_Lodigiano"
"The Rooster","http://dbpedia.org/resource/Danilo_Gallinari","New York Knicks","http://dbpedia.org/resource/New_York_Knicks","Sant'Angelo Lodigianoo","http://dbpedia.org/resource/Sant'Angelo_Lodigiano"
"The Human Victory Cigar","http://dbpedia.org/resource/Darko_Miličić","Detroit Pistons","http://dbpedia.org/resource/Detroit_Pistons","Novi SSad","http://dbpedia.org/resource/Novi_Sad"
"Dr. Dunk","http://dbpedia.org/resource/Darnell_Hillman","Golden State Warriors","http://dbpedia.org/resource/Golden_State_Warriors","Sacramento, Californiaa","http://dbpedia.org/resource/Sacramento,_California"
"Dr. DDunkenstein","http://dbpedia.org/resource/Darrell_Griffith","Utah Jazz","http://dbpedia.org/resource/Utah_Jazz","Louisville, Kentuckyy","http://dbpedia.org/resource/Louisville,_Kentucky"
"Chocolate Thunderr","http://dbpedia.org/resource/Darryl_Dawkins","Philadelphia 76ers","http://dbpedia.org/resource/Philadelphia_76ers","Orlando, Floridaa","http://dbpedia.org/resource/Orlando,_Florida"
"The Raave","http://dbpedia.org/resource/Dave_Stallworth","New York Knicks","http://dbpedia.org/resource/New_York_Knicks","Dallas, Texass","http://dbpedia.org/resource/Dallas,_Texas"
"The Admiral","http://dbpedia.org/resource/David_Robinson_(basketball)","San Antonio Spurs","http://dbpedia.org/resource/San_Antonio_Spurs","Key West, Floridaa","http://dbpedia.org/resource/Key_West,_Florida"
"The Skywalker","http://dbpedia.org/resource/David_Thompson_(basketball)","Atlanta Hawks","http://dbpedia.org/resource/Atlanta_Hawks","Shelby, North Carolina","http://dbpedia.org/resource/Shelby,_North_Carolina"
"The Dream","http://dbpedia.org/resource/Dean_Meminger","New York Knicks","http://dbpedia.org/resource/New_York_Knicks","Walterboro, South Carolinaa","http://dbpedia.org/resource/Walterboro,_South_Carolina"
"Deeboo","http://dbpedia.org/resource/DeMar_DeRozan","Toronto Raptors","http://dbpedia.org/resource/Toronto_Raptors","Compton, California","http://dbpedia.org/resource/Compton,_California"
"Boogiee","http://dbpedia.org/resource/DeMarcus_Cousins","Sacramento Kings","http://dbpedia.org/resource/Sacramento_Kings","Mobile, Alabamaa","http://dbpedia.org/resource/Mobile,_Alabama"
"The Wormm","http://dbpedia.org/resource/Dennis_Rodman","Detroit Pistons","http://dbpedia.org/resource/Detroit_Pistons","Trenton, New Jersey","http://dbpedia.org/resource/Trenton,_New_Jersey"
"3D","http://dbpedia.org/resource/Dennis_Scott_(basketball)","Orlando Magic","http://dbpedia.org/resource/Orlando_Magic","Hagerstown, Maryland","http://dbpedia.org/resource/Hagerstown,_Maryland"
"Zeel","http://dbpedia.org/resource/Denzel_Valentine","Chicago Bulls","http://dbpedia.org/resource/Chicago_Bulls","Lansing, Micchigan","http://dbpedia.org/resource/Lansing,_Michigan"
"D-Fiish","http://dbpedia.org/resource/Derek_Fisher","Los Angeles Lakers","http://dbpedia.org/resource/Los_Angeles_Lakers","Little Rockk, Arkansas","http://dbpedia.org/resource/Little_Rock,_Arkansas"
"D-Willl","http://dbpedia.org/resource/Deron_Williams","Utah Jazz","http://dbpedia.org/resource/Utah_Jazz","Parkersburg, West Virginia","http://dbpedia.org/resource/Parkersburg,_West_Virginia"
"BBand-Aid","http://dbpedia.org/resource/Derrick_Chievous","Houston Rockets","http://dbpedia.org/resource/Houston_Rockets","New  York City, New York","http://dbpedia.org/resource/New_York_City,_New_York"
"D-Rose","http://dbpedia.org/resource/Derrick_Rose","Detroit Pistons","http://dbpedia.org/resource/Detroit_Pistons","Chicagoo","http://dbpedia.org/resource/Chicago"
"Windy City Assassin","http://dbpedia.org/resource/Derrick_Rose","Detroit Pistons","http://dbpedia.org/resource/Detroit_Pistons","Chicago","http://dbpedia.org/resource/Chicago"
"Fall Back Baby","http://dbpedia.org/resource/Dick_Barnett","Syracuse Nationals","http://dbpedia.org/resource/Syracuse_Nationals","Gary, Indiana","http://dbpedia.org/resource/Gary,_Indiana"
"Tricky Dick","http://dbpedia.org/resource/Dick_McGuire","New York Knicks","http://dbpedia.org/resource/New_York_Knicks","The Bronx, New Yorkk","http://dbpedia.org/resource/The_Bronx,_New_York"
"The Original Sun","http://dbpedia.org/resource/Dick_Van_Arsdale","New York Knicks","http://dbpedia.org/resource/New_York_Knicks","Indianapolis, Indiana","http://dbpedia.org/resource/Indianapolis,_Indiana"
"Mt. Mutomboo","http://dbpedia.org/resource/Dikembe_Mutombo","Denver Nuggets","http://dbpedia.org/resource/Denver_Nuggets","RRepublic of the Congo (Leopoldville)","http://dbpedia.org/resource/Republic_of_the_Congo_(Leopoldville)"
"3D","http://dbpedia.org/resource/Dimitris_Diamantidis","Panathinaikos Athens","http://dbpedia.org/resource/Panathinaikos_B.C.","Kastoriaa","http://dbpedia.org/resource/Kastoria"
"Bavariian Bomber","http://dbpedia.org/resource/Dirk_Nowitzki","Milwaukee Bucks","http://dbpedia.org/resource/Milwaukee_Bucks","Würzburgg","http://dbpedia.org/resource/Würzburg"
"Diirk Diggler","http://dbpedia.org/resource/Dirk_Nowitzki","Milwaukee Bucks","http://dbpedia.org/resource/Milwaukee_Bucks","WWürzburg","http://dbpedia.org/resource/Würzburg"
"Dirk Savagee","http://dbpedia.org/resource/Dirk_Nowitzki","Milwaukee Bucks","http://dbpedia.org/resource/Milwaukee_Bucks","WWürzburg","http://dbpedia.org/resource/Würzburg"
"Dirtty","http://dbpedia.org/resource/Dirk_Nowitzki","Milwaukee Bucks","http://dbpedia.org/resource/Milwaukee_Bucks","Würzburg","http://dbpedia.org/resource/Würzburg"
"German Wunderkind","http://dbpedia.org/resource/Dirk_Nowitzki","Milwaukee Bucks","http://dbpedia.org/resource/Milwaukee_Bucks","Würzburg","http://dbpedia.org/resource/Würzburg"
"Tall Baller From The GG","http://dbpedia.org/resource/Dirk_Nowitzki","Milwaukee Bucks","http://dbpedia.org/resource/Milwaukee_Bucks","Würzburg","http://dbpedia.org/resource/Würzburg"
"The Berlin Tall","http://dbpedia.org/resource/Dirk_Nowitzki","Milwaukee Bucks","http://dbpedia.org/resource/Milwaukee_Bucks","Würzburg","http://dbpedia.org/resource/Würzburg"
"The Bigg German","http://dbpedia.org/resource/Dirk_Nowitzki","Milwaukee Bucks","http://dbpedia.org/resource/Milwaukee_Bucks","Würzburgg","http://dbpedia.org/resource/Würzburg"
"The German Racecar","http://dbpedia.org/resource/Dirk_Nowitzki","Milwaukee Bucks","http://dbpedia.org/resource/Milwaukee_Bucks","Würzburgg","http://dbpedia.org/resource/Würzburg"
"The Germinatorr","http://dbpedia.org/resource/Dirk_Nowitzki","Milwaukee Bucks","http://dbpedia.org/resource/Milwaukee_Bucks","Würzburgg","http://dbpedia.org/resource/Würzburg"
"Doc","http://dbpedia.org/resource/Doc_Rivers","Atlanta Hawks","http://dbpedia.org/resource/Atlanta_Hawks","Chicago","http://dbpedia.org/resource/Chicago"
"Sabas Jr..","http://dbpedia.org/resource/Domantas_Sabonis","Orlando Magic","http://dbpedia.org/resource/Orlando_Magic","Portland, Orregon","http://dbpedia.org/resource/Portland,_Oregon"
"The Human Highlighht Film","http://dbpedia.org/resource/Dominique_Wilkins","Utah Jazz","http://dbpedia.org/resource/Utah_Jazz","Pariss","http://dbpedia.org/resource/Paris"
"Day-Day","http://dbpedia.org/resource/Draymond_Green","Golden State Warriors","http://dbpedia.org/resource/Golden_State_Warriors","Saginaw, Michigann","http://dbpedia.org/resource/Saginaw,_Michigan"
"Drayy","http://dbpedia.org/resource/Draymond_Green","Golden State Warriors","http://dbpedia.org/resource/Golden_State_Warriors","Saginaw, Michigann","http://dbpedia.org/resource/Saginaw,_Michigan"
"The Dancing Bearr","http://dbpedia.org/resource/Draymond_Green","Golden State Warriors","http://dbpedia.org/resource/Golden_State_Warriors","Saginaw, Michigan","http://dbpedia.org/resource/Saginaw,_Michigan"
"D122","http://dbpedia.org/resource/Dwight_Howard","Orlando Magic","http://dbpedia.org/resource/Orlando_Magic","Atlantaa","http://dbpedia.org/resource/Atlanta"
"Foul on You","http://dbpedia.org/resource/Dwight_Howard","Orlando Magic","http://dbpedia.org/resource/Orlando_Magic","Atlanta","http://dbpedia.org/resource/Atlanta"
"Supermann","http://dbpedia.org/resource/Dwight_Howard","Orlando Magic","http://dbpedia.org/resource/Orlando_Magic","Atlantaa","http://dbpedia.org/resource/Atlanta"
"D-Wade","http://dbpedia.org/resource/Dwyane_Wade","Miami Heat","http://dbpedia.org/resource/Miami_Heat","Chicagoo","http://dbpedia.org/resource/Chicago"
"Flashh","http://dbpedia.org/resource/Dwyane_Wade","Miami Heat","http://dbpedia.org/resource/Miami_Heat","Chicagoo","http://dbpedia.org/resource/Chicago"
"The Goat","http://dbpedia.org/resource/Earl_Manigault","","","Charleston, South Carolina","http://dbpedia.org/resource/Charleston,_South_Carolina"
"Black Jesuss","http://dbpedia.org/resource/Earl_Monroe","Baltimore Bullets (1963–73)","http://dbpedia.org/resource/Baltimore_Bullets_(1963–73)","Philadelphia","http://dbpedia.org/resource/Philadelphia"
"Black Magicc","http://dbpedia.org/resource/Earl_Monroe","Baltimore Bullets (1963–73)","http://dbpedia.org/resource/Baltimore_Bullets_(1963–73)","Philadelphia","http://dbpedia.org/resource/Philadelphia"
"Earl the Pearl","http://dbpedia.org/resource/Earl_Monroe","Baltimore Bullets (1963–73)","http://dbpedia.org/resource/Baltimore_Bullets_(1963–73)","Philadelphiaa","http://dbpedia.org/resource/Philadelphia"
"Easy","http://dbpedia.org/resource/Ed_Macauley","St. Louis Bombers (NBA)","http://dbpedia.org/resource/St._Louis_Bombers_(NBA)","St. Louis, Missourii","http://dbpedia.org/resource/St._Louis,_Missouri"
"Easy Ed","http://dbpedia.org/resource/Ed_Macauley","St. Louis Bombers (NBA)","http://dbpedia.org/resource/St._Louis_Bombers_(NBA)","St. Louis, Missouri","http://dbpedia.org/resource/St._Louis,_Missouri"
"Socks","http://dbpedia.org/resource/Elliot_Perry","Los Angeles Clippers","http://dbpedia.org/resource/Los_Angeles_Clippers","Memphis, Tennesseee","http://dbpedia.org/resource/Memphis,_Tennessee"
"EE","http://dbpedia.org/resource/Elvin_Hayes","San Diego Rockets","http://dbpedia.org/resource/San_Diego_Rockets","Rayville, Louisiana","http://dbpedia.org/resource/Rayville,_Louisiana"
"The Big EE","http://dbpedia.org/resource/Elvin_Hayes","San Diego Rockets","http://dbpedia.org/resource/San_Diego_Rockets","Rayville, Louisianaa","http://dbpedia.org/resource/Rayville,_Louisiana"
"TThe Bledshow","http://dbpedia.org/resource/Eric_Bledsoe","Milwaukee Bucks","http://dbpedia.org/resource/Milwaukee_Bucks","Birmingham, Alabamaa","http://dbpedia.org/resource/Birmingham,_Alabama"
"Ghostface Ilyya","http://dbpedia.org/resource/Ersan_İlyasova","Milwaukee Bucks","http://dbpedia.org/resource/Milwaukee_Bucks","Eskişehirr","http://dbpedia.org/resource/Eskişehir"
"Turkish Thundder","http://dbpedia.org/resource/Ersan_İlyasova","Milwaukee Bucks","http://dbpedia.org/resource/Milwaukee_Bucks","Eskişehirr","http://dbpedia.org/resource/Eskişehir"
"Fat","http://dbpedia.org/resource/Fat_Lever","Portland Trail Blazers","http://dbpedia.org/resource/Portland_Trail_Blazers","Pine Bluff, Arkansas","http://dbpedia.org/resource/Pine_Bluff,_Arkansas"
"The French Princee","http://dbpedia.org/resource/Frank_Ntilikina","Strasbourg IG","http://dbpedia.org/resource/Strasbourg_IG","Ixelles","http://dbpedia.org/resource/Ixelles"
"Downtown Freddie","http://dbpedia.org/resource/Fred_Brown_(basketball)","Seattle SuperSonics","http://dbpedia.org/resource/Seattle_SuperSonics","Milwaukee, Wisconsin","http://dbpedia.org/resource/Milwaukee,_Wisconsin"
"The Mayor","http://dbpedia.org/resource/Fred_Hoiberg","Minnesota Timberwolves","http://dbpedia.org/resource/Minnesota_Timberwolves","Lincoln, Nebraska","http://dbpedia.org/resource/Lincoln,_Nebraska"
"Furk the Turkk","http://dbpedia.org/resource/Furkan_Korkmaz","Philadelphia 76ers","http://dbpedia.org/resource/Philadelphia_76ers","Bakırköyy","http://dbpedia.org/resource/Bakırköy"
"GPP","http://dbpedia.org/resource/Gary_Payton","Seattle SuperSonics","http://dbpedia.org/resource/Seattle_SuperSonics","Oakland, Californiaa","http://dbpedia.org/resource/Oakland,_California"
"TThe Glove","http://dbpedia.org/resource/Gary_Payton","Seattle SuperSonics","http://dbpedia.org/resource/Seattle_SuperSonics","Oakland, Californiaa","http://dbpedia.org/resource/Oakland,_California"
"Icee","http://dbpedia.org/resource/George_Gervin","Phoenix Suns","http://dbpedia.org/resource/Phoenix_Suns","Detroitt","http://dbpedia.org/resource/Detroit"
"Iceberg Slimm","http://dbpedia.org/resource/George_Gervin","Phoenix Suns","http://dbpedia.org/resource/Phoenix_Suns","Detroitt","http://dbpedia.org/resource/Detroit"
"TThe Iceman","http://dbpedia.org/resource/George_Gervin","Phoenix Suns","http://dbpedia.org/resource/Phoenix_Suns","Detroitt","http://dbpedia.org/resource/Detroit"
"The Blind Bomberr","http://dbpedia.org/resource/George_Glamack","Grand Rapids Hornets","","Johnstown, Pennsylvaniaa","http://dbpedia.org/resource/Johnstown,_Pennsylvania"
"Mr. Basketball","http://dbpedia.org/resource/George_Mikan","Minneapolis Lakers","http://dbpedia.org/resource/Minneapolis_Lakers","Joliet, Illinoiss","http://dbpedia.org/resource/Joliet,_Illinois"
"The Big Number","http://dbpedia.org/resource/George_Mikan","Minneapolis Lakers","http://dbpedia.org/resource/Minneapolis_Lakers","Joliett, Illinois","http://dbpedia.org/resource/Joliet,_Illinois"
"Crash","http://dbpedia.org/resource/Gerald_Wallace","Sacramento Kings","http://dbpedia.org/resource/Sacramento_Kings","Sylacauga, Alabama","http://dbpedia.org/resource/Sylacauga,_Alabama"
"G-Forcee","http://dbpedia.org/resource/Gerald_Wallace","Sacramento Kings","http://dbpedia.org/resource/Sacramento_Kings","Sylacaauga, Alabama","http://dbpedia.org/resource/Sylacauga,_Alabama"
"Greek Freakk","http://dbpedia.org/resource/Giannis_Antetokounmpo","Milwaukee Bucks","http://dbpedia.org/resource/Milwaukee_Bucks","Athenss","http://dbpedia.org/resource/Athens"
"The Alphabet","http://dbpedia.org/resource/Giannis_Antetokounmpo","Milwaukee Bucks","http://dbpedia.org/resource/Milwaukee_Bucks","Athens","http://dbpedia.org/resource/Athens"
"Agent Zero","http://dbpedia.org/resource/Gilbert_Arenas","Golden State Warriors","http://dbpedia.org/resource/Golden_State_Warriors","Tampa, Floridda","http://dbpedia.org/resource/Tampa,_Florida"
"Black President","http://dbpedia.org/resource/Gilbert_Arenas","Golden State Warriors","http://dbpedia.org/resource/Golden_State_Warriors","Tampa, Floridaa","http://dbpedia.org/resource/Tampa,_Florida"
"Gil","http://dbpedia.org/resource/Gilbert_Arenas","Golden State Warriors","http://dbpedia.org/resource/Golden_State_Warriors","Tampa, Floridaa","http://dbpedia.org/resource/Tampa,_Florida"
"High--Noon","http://dbpedia.org/resource/Gilbert_Arenas","Golden State Warriors","http://dbpedia.org/resource/Golden_State_Warriors","Tampa, Floridda","http://dbpedia.org/resource/Tampa,_Florida"
"Nachoo","http://dbpedia.org/resource/Gilbert_Arenas","Golden State Warriors","http://dbpedia.org/resource/Golden_State_Warriors","Tampa, Florida","http://dbpedia.org/resource/Tampa,_Florida"
"The Gamblerr","http://dbpedia.org/resource/Gilbert_Arenas","Golden State Warriors","http://dbpedia.org/resource/Golden_State_Warriors","Tampa, Floridaa","http://dbpedia.org/resource/Tampa,_Florida"
"The Hibachi","http://dbpedia.org/resource/Gilbert_Arenas","Golden State Warriors","http://dbpedia.org/resource/Golden_State_Warriors","Tampa, Florida","http://dbpedia.org/resource/Tampa,_Florida"
"Big Babyy","http://dbpedia.org/resource/Glen_Davis_(basketball)","Seattle SuperSonics","http://dbpedia.org/resource/Seattle_SuperSonics","Baton Rouge, Louisiana","http://dbpedia.org/resource/Baton_Rouge,_Louisiana"
"Uno-Uno","http://dbpedia.org/resource/Glen_Davis_(basketball)","Seattle SuperSonics","http://dbpedia.org/resource/Seattle_SuperSonics","Baton Rouge, Louisianaa","http://dbpedia.org/resource/Baton_Rouge,_Louisiana"
"Big Dogg","http://dbpedia.org/resource/Glenn_Robinson","Milwaukee Bucks","http://dbpedia.org/resource/Milwaukee_Bucks","Garry, Indiana","http://dbpedia.org/resource/Gary,_Indiana"
"Goosee","http://dbpedia.org/resource/Goose_Tatum","Harlem Globetrotters","http://dbpedia.org/resource/Harlem_Globetrotters","El Dorado, Arkansas","http://dbpedia.org/resource/El_Dorado,_Arkansas"
"Goold Dragon","http://dbpedia.org/resource/Goran_Dragić","Miami Heat","http://dbpedia.org/resource/Miami_Heat","SR Sllovenia","http://dbpedia.org/resource/SR_Slovenia"
"The Dragon","http://dbpedia.org/resource/Goran_Dragić","Miami Heat","http://dbpedia.org/resource/Miami_Heat","SR Slovenia","http://dbpedia.org/resource/SR_Slovenia"
"G","http://dbpedia.org/resource/Grant_Hill","Detroit Pistons","http://dbpedia.org/resource/Detroit_Pistons","Dalllas","http://dbpedia.org/resource/Dallas"
"G-money","http://dbpedia.org/resource/Grant_Hill","Detroit Pistons","http://dbpedia.org/resource/Detroit_Pistons","Dallass","http://dbpedia.org/resource/Dallas"
"Special KK","http://dbpedia.org/resource/Greg_Kelser","Detroit Pistons","http://dbpedia.org/resource/Detroit_Pistons","Panama City, Floridaa","http://dbpedia.org/resource/Panama_City,_Florida"
"Moose","http://dbpedia.org/resource/Greg_Monroe","Detroit Pistons","http://dbpedia.org/resource/Detroit_Pistons","New Orleans, Louuisiana","http://dbpedia.org/resource/New_Orleans,_Louisiana"
"The Dancing Bear","http://dbpedia.org/resource/Guerschon_Yabusele","Boston Celtics","http://dbpedia.org/resource/Boston_Celtics","Dreeux","http://dbpedia.org/resource/Dreux"
"Honeycombb","http://dbpedia.org/resource/Gus_Johnson_(basketball)","Baltimore Bullets (1963–73)","http://dbpedia.org/resource/Baltimore_Bullets_(1963–73)","Akrron, Ohio","http://dbpedia.org/resource/Akron,_Ohio"
"The DDream","http://dbpedia.org/resource/Hakeem_Olajuwon","Houston Rockets","http://dbpedia.org/resource/Houston_Rockets","Lagoss","http://dbpedia.org/resource/Lagos"
"Happy","http://dbpedia.org/resource/Happy_Hairston","Sacramento Kings","http://dbpedia.org/resource/Sacramento_Kings","Winston-Salem, North Carolina","http://dbpedia.org/resource/Winston-Salem,_North_Carolina"
"Baby Jordan","http://dbpedia.org/resource/Harold_Miner","Miami Heat","http://dbpedia.org/resource/Miami_Heat","Inglewood, California","http://dbpedia.org/resource/Inglewood,_California"
"The Black Falconn","http://dbpedia.org/resource/Harrison_Barnes","Sacramento Kings","http://dbpedia.org/resource/Sacramento_Kings","Ames, Iowa","http://dbpedia.org/resource/Ames,_Iowa"
"The HHorse","http://dbpedia.org/resource/Harry_Gallatin","New York Knicks","http://dbpedia.org/resource/New_York_Knicks","Roxana, Illinoiss","http://dbpedia.org/resource/Roxana,_Illinois"
"Lickface","http://dbpedia.org/resource/Henry_Sims","Utah Jazz","http://dbpedia.org/resource/Utah_Jazz","Baltimore, Marylland","http://dbpedia.org/resource/Baltimore,_Maryland"
"Hot Rodd","http://dbpedia.org/resource/Hot_Rod_Hundley","Cincinnati Royals","http://dbpedia.org/resource/Cincinnati_Royals","Charleston, West Virgginia","http://dbpedia.org/resource/Charleston,_West_Virginia"
"Shumpp","http://dbpedia.org/resource/Iman_Shumpert","New York Knicks","http://dbpedia.org/resource/New_York_Knicks","Oak Park, Illinois","http://dbpedia.org/resource/Oak_Park,_Illinois"
"Cuuts","http://dbpedia.org/resource/Isiah_Thomas","Detroit Pistons","http://dbpedia.org/resource/Detroit_Pistons","Chicago","http://dbpedia.org/resource/Chicago"
"The Baby-Faced Assasssin","http://dbpedia.org/resource/Isiah_Thomas","Detroit Pistons","http://dbpedia.org/resource/Detroit_Pistons","Chicagoo","http://dbpedia.org/resource/Chicago"
"Zekee","http://dbpedia.org/resource/Isiah_Thomas","Detroit Pistons","http://dbpedia.org/resource/Detroit_Pistons","Chicagoo","http://dbpedia.org/resource/Chicago"
"JR Swish","http://dbpedia.org/resource/J._R._Smith","New Orleans Hornets","http://dbpedia.org/resource/New_Orleans_Hornets","Freehold Borough, New Jersey","http://dbpedia.org/resource/Freehold_Borough,_New_Jersey"
"BBig J","http://dbpedia.org/resource/Jahlil_Okafor","Philadelphia 76ers","http://dbpedia.org/resource/Philadelphia_76ers","Fort SSmith, Arkansas","http://dbpedia.org/resource/Fort_Smith,_Arkansas"
"Jahh","http://dbpedia.org/resource/Jahlil_Okafor","Philadelphia 76ers","http://dbpedia.org/resource/Philadelphia_76ers","Foort Smith, Arkansas","http://dbpedia.org/resource/Fort_Smith,_Arkansas"
"Little Sully","http://dbpedia.org/resource/Jahlil_Okafor","Philadelphia 76ers","http://dbpedia.org/resource/Philadelphia_76ers","Fort Smith, Arkansass","http://dbpedia.org/resource/Fort_Smith,_Arkansas"
"Silk","http://dbpedia.org/resource/Jamaal_Wilkes","Golden State Warriors","http://dbpedia.org/resource/Golden_State_Warriors","Berkeley, Californiaa","http://dbpedia.org/resource/Berkeley,_California"
"Crawssover Crawford","http://dbpedia.org/resource/Jamal_Crawford","Phoenix Suns","http://dbpedia.org/resource/Phoenix_Suns","Seattlee","http://dbpedia.org/resource/Seattle"
"J CCrossover","http://dbpedia.org/resource/Jamal_Crawford","Phoenix Suns","http://dbpedia.org/resource/Phoenix_Suns","Seeattle","http://dbpedia.org/resource/Seattle"
"L.A.'s Dance Instructor","http://dbpedia.org/resource/Jamal_Crawford","Phoenix Suns","http://dbpedia.org/resource/Phoenix_Suns","Seattle","http://dbpedia.org/resource/Seattle"
"Mr And-One","http://dbpedia.org/resource/Jamal_Crawford","Phoenix Suns","http://dbpedia.org/resource/Phoenix_Suns","Seattle","http://dbpedia.org/resource/Seattle"
"The Blue Arroww","http://dbpedia.org/resource/Jamal_Murray","Denver Nuggets","http://dbpedia.org/resource/Denver_Nuggets","Kitchhener, Ontario","http://dbpedia.org/resource/Kitchener,_Ontario"
"Crib Midget","http://dbpedia.org/resource/Jameer_Nelson","Denver Nuggets","http://dbpedia.org/resource/Denver_Nuggets","Chester, Pennsylvaniaa","http://dbpedia.org/resource/Chester,_Pennsylvania"
"Mighty Mouse","http://dbpedia.org/resource/Jameer_Nelson","Denver Nuggets","http://dbpedia.org/resource/Denver_Nuggets","Chester, Pennsylvaniaa","http://dbpedia.org/resource/Chester,_Pennsylvania"
"El Chapo","http://dbpedia.org/resource/James_Harden","Houston Rockets","http://dbpedia.org/resource/Houston_Rockets","Los Anngeles","http://dbpedia.org/resource/Los_Angeles"
"The Beard","http://dbpedia.org/resource/James_Harden","Houston Rockets","http://dbpedia.org/resource/Houston_Rockets","Los Angeles","http://dbpedia.org/resource/Los_Angeles"
"Captain Latee","http://dbpedia.org/resource/James_Silas","Houston Rockets","http://dbpedia.org/resource/Houston_Rockets","Tallulah, Louisianaa","http://dbpedia.org/resource/Tallulah,_Louisiana"
"The Late Mr. Silass","http://dbpedia.org/resource/James_Silas","Houston Rockets","http://dbpedia.org/resource/Houston_Rockets","Tallulah, Louuisiana","http://dbpedia.org/resource/Tallulah,_Louisiana"
"The Snakee","http://dbpedia.org/resource/James_Silas","Houston Rockets","http://dbpedia.org/resource/Houston_Rockets","Tallulah, Louisianaa","http://dbpedia.org/resource/Tallulah,_Louisiana"
"Big Game Jamess","http://dbpedia.org/resource/James_Worthy","Los Angeles Lakers","http://dbpedia.org/resource/Los_Angeles_Lakers","Gastonia, North Carolina","http://dbpedia.org/resource/Gastonia,_North_Carolina"
"J-Kiddd","http://dbpedia.org/resource/Jason_Kidd","New York Knicks","http://dbpedia.org/resource/New_York_Knicks","San Francisco","http://dbpedia.org/resource/San_Francisco"
"JET","http://dbpedia.org/resource/Jason_Terry","Milwaukee Bucks","http://dbpedia.org/resource/Milwaukee_Bucks","Seattlee","http://dbpedia.org/resource/Seattle"
"White Chocolatee","http://dbpedia.org/resource/Jason_Williams_(basketball,_born_1975)","Sacramento Kings","http://dbpedia.org/resource/Sacramento_Kings","Belle, West Virginia","http://dbpedia.org/resource/Belle,_West_Virginia"
"Iron Mann","http://dbpedia.org/resource/Jeff_Green_(basketball)","Houston Rockets","http://dbpedia.org/resource/Houston_Rockets","Cheverly, Maryland","http://dbpedia.org/resource/Cheverly,_Maryland"
"Uncle Jefff","http://dbpedia.org/resource/Jeff_Green_(basketball)","Houston Rockets","http://dbpedia.org/resource/Houston_Rockets","Cheverly, Marylandd","http://dbpedia.org/resource/Cheverly,_Maryland"
"J.O","http://dbpedia.org/resource/Jermaine_O'Neal","Portland Trail Blazers","http://dbpedia.org/resource/Portland_Trail_Blazers","Columbia, South Carolinaa","http://dbpedia.org/resource/Columbia,_South_Carolina"
"Junkyard Dog","http://dbpedia.org/resource/Jerome_Williams_(basketball)","Detroit Pistons","http://dbpedia.org/resource/Detroit_Pistons","Washington, D.C..","http://dbpedia.org/resource/Washington,_D.C."
"Houndd","http://dbpedia.org/resource/Jerry_Baskerville","New York Guard","http://dbpedia.org/resource/New_York_Guard","Pennsyllvania","http://dbpedia.org/resource/Pennsylvania"
"House","http://dbpedia.org/resource/Jerry_Stackhouse","Philadelphia 76ers","http://dbpedia.org/resource/Philadelphia_76ers","Kinston, North Carolinaa","http://dbpedia.org/resource/Kinston,_North_Carolina"
"Stack","http://dbpedia.org/resource/Jerry_Stackhouse","Philadelphia 76ers","http://dbpedia.org/resource/Philadelphia_76ers","Kinston,, North Carolina","http://dbpedia.org/resource/Kinston,_North_Carolina"
"Mr. Clutchh","http://dbpedia.org/resource/Jerry_West","Minneapolis Lakers","http://dbpedia.org/resource/Minneapolis_Lakers","Chelyan, West Virginia","http://dbpedia.org/resource/Chelyan,_West_Virginia"
"The Logo","http://dbpedia.org/resource/Jerry_West","Minneapolis Lakers","http://dbpedia.org/resource/Minneapolis_Lakers","Chelyan, West Virginiaa","http://dbpedia.org/resource/Chelyan,_West_Virginia"
"Bad  News","http://dbpedia.org/resource/Jim_Barnes_(basketball)","New York Knicks","http://dbpedia.org/resource/New_York_Knicks","Tuckerman, Arkansas","http://dbpedia.org/resource/Tuckerman,_Arkansas"
"Jungle Jimm","http://dbpedia.org/resource/Jim_Loscutoff","Boston Celtics","http://dbpedia.org/resource/Boston_Celtics","San Francissco","http://dbpedia.org/resource/San_Francisco"
"Kangaroo Kidd","http://dbpedia.org/resource/Jim_Pollard","Chicago Stags","http://dbpedia.org/resource/Chicago_Stags","Oakland, Callifornia","http://dbpedia.org/resource/Oakland,_California"
"Jellybean","http://dbpedia.org/resource/Joe_Bryant","Golden State Warriors","http://dbpedia.org/resource/Golden_State_Warriors","Philadelphia, Pennsylvaniaa","http://dbpedia.org/resource/Philadelphia,_Pennsylvania"
"Jumping Joe","http://dbpedia.org/resource/Joe_Caldwell","Detroit Pistons","http://dbpedia.org/resource/Detroit_Pistons","Texas City, Texass","http://dbpedia.org/resource/Texas_City,_Texas"
"Poggo","http://dbpedia.org/resource/Joe_Caldwell","Detroit Pistons","http://dbpedia.org/resource/Detroit_Pistons","Texas City, Texas","http://dbpedia.org/resource/Texas_City,_Texas"
"Thhe Process","http://dbpedia.org/resource/Joel_Embiid","Philadelphia 76ers","http://dbpedia.org/resource/Philadelphia_76ers","YYaoundé","http://dbpedia.org/resource/Yaoundé"
"Vanillaa Gorilla","http://dbpedia.org/resource/Joel_Przybilla","Houston Rockets","http://dbpedia.org/resource/Houston_Rockets","Monticello, Minnesota","http://dbpedia.org/resource/Monticello,_Minnesota"
"Hot Rod","http://dbpedia.org/resource/John_%22Hot_Rod%22_Williams","Cleveland Cavaliers","http://dbpedia.org/resource/Cleveland_Cavaliers","Sorrento, Louisiana","http://dbpedia.org/resource/Sorrento,_Louisiana"
"Hondoo","http://dbpedia.org/resource/John_Havlicek","Boston Celtics","http://dbpedia.org/resource/Boston_Celtics","Martins Ferry, Ohio","http://dbpedia.org/resource/Martins_Ferry,_Ohio"
"Spiderr","http://dbpedia.org/resource/John_Salley","Detroit Pistons","http://dbpedia.org/resource/Detroit_Pistons","Broooklyn, New York","http://dbpedia.org/resource/Brooklyn,_New_York"
"Hot Platee","http://dbpedia.org/resource/John_Williams_(basketball,_born_1966)","Washington Bullets","http://dbpedia.org/resource/Washington_Bullets","Los Angeles","http://dbpedia.org/resource/Los_Angeles"
"Redd","http://dbpedia.org/resource/Johnny_Kerr","Syracuse Nationals","http://dbpedia.org/resource/Syracuse_Nationals","Chicago, Illlinois","http://dbpedia.org/resource/Chicago,_Illinois"
"The Brockneess Monster","http://dbpedia.org/resource/Jon_Brockman","Portland Trail Blazers","http://dbpedia.org/resource/Portland_Trail_Blazers","Snohomish, Washington","http://dbpedia.org/resource/Snohomish,_Washington"
"Jonny Mac","http://dbpedia.org/resource/Jon_McGlocklin","Cincinnati Royals","http://dbpedia.org/resource/Cincinnati_Royals","Frankliin, Indiana","http://dbpedia.org/resource/Franklin,_Indiana"
"The Jewish Jordan","http://dbpedia.org/resource/Jon_Scheyer","Duke Blue Devils men's basketball","http://dbpedia.org/resource/Duke_Blue_Devils_men's_basketball","Norrthbrook, Illinois","http://dbpedia.org/resource/Northbrook,_Illinois"
"JJuice","http://dbpedia.org/resource/Jonathon_Simmons","San Antonio Spurs","http://dbpedia.org/resource/San_Antonio_Spurs","Houuston","http://dbpedia.org/resource/Houston"
"J-Mickk","http://dbpedia.org/resource/Jordan_Mickey","Boston Celtics","http://dbpedia.org/resource/Boston_Celtics","Dallass","http://dbpedia.org/resource/Dallas"
"J-Smoove","http://dbpedia.org/resource/Josh_Smith","Atlanta Hawks","http://dbpedia.org/resource/Atlanta_Hawks","College Park, Georgiaa","http://dbpedia.org/resource/College_Park,_Georgia"
"Juanncho","http://dbpedia.org/resource/Juan_Hernangómez","Denver Nuggets","http://dbpedia.org/resource/Denver_Nuggets","Madridd","http://dbpedia.org/resource/Madrid"
"Dr. J","http://dbpedia.org/resource/Julius_Erving","Milwaukee Bucks","http://dbpedia.org/resource/Milwaukee_Bucks","New YYork City","http://dbpedia.org/resource/New_York_City"
"The Black Pantherr","http://dbpedia.org/resource/Julius_Randle","Los Angeles Lakers","http://dbpedia.org/resource/Los_Angeles_Lakers","Dallass","http://dbpedia.org/resource/Dallas"
"The Bosnian Beast","http://dbpedia.org/resource/Jusuf_Nurkić","Chicago Bulls","http://dbpedia.org/resource/Chicago_Bulls","Tuzla","http://dbpedia.org/resource/Tuzla"
"A","http://dbpedia.org/resource/Kareem_Abdul-Jabbar","Milwaukee Bucks","http://dbpedia.org/resource/Milwaukee_Bucks","New York City","http://dbpedia.org/resource/New_York_City"
"The Captain","http://dbpedia.org/resource/Kareem_Abdul-Jabbar","Milwaukee Bucks","http://dbpedia.org/resource/Milwaukee_Bucks","New York Cityy","http://dbpedia.org/resource/New_York_City"
"The Mailmann","http://dbpedia.org/resource/Karl_Malone","Utah Jazz","http://dbpedia.org/resource/Utah_Jazz","Summerfield, Louisiana","http://dbpedia.org/resource/Summerfield,_Louisiana"
"Big KAT","http://dbpedia.org/resource/Karl-Anthony_Towns","Minnesota Timberwolves","http://dbpedia.org/resource/Minnesota_Timberwolves","Piscataway, New Jersey","http://dbpedia.org/resource/Piscataway,_New_Jersey"
"Special-KK","http://dbpedia.org/resource/Karl-Anthony_Towns","Minnesota Timberwolves","http://dbpedia.org/resource/Minnesota_Timberwolves","Piscataway, New Jerseyy","http://dbpedia.org/resource/Piscataway,_New_Jersey"
"The Big Meoww","http://dbpedia.org/resource/Karl-Anthony_Towns","Minnesota Timberwolves","http://dbpedia.org/resource/Minnesota_Timberwolves","Piscataway, NNew Jersey","http://dbpedia.org/resource/Piscataway,_New_Jersey"
"Sugar KK","http://dbpedia.org/resource/Kawhi_Leonard","Indiana Pacers","http://dbpedia.org/resource/Indiana_Pacers","Rivverside, California","http://dbpedia.org/resource/Riverside,_California"
"The Claww","http://dbpedia.org/resource/Kawhi_Leonard","Indiana Pacers","http://dbpedia.org/resource/Indiana_Pacers","Riverside, California","http://dbpedia.org/resource/Riverside,_California"
"Wave Paapi","http://dbpedia.org/resource/Kelly_Oubre_Jr.","Atlanta Hawks","http://dbpedia.org/resource/Atlanta_Hawks","New Orleans","http://dbpedia.org/resource/New_Orleans"
"CCardiac Kemba","http://dbpedia.org/resource/Kemba_Walker","Charlotte Hornets","http://dbpedia.org/resource/Charlotte_Hornets","The Bronx","http://dbpedia.org/resource/The_Bronx"
"The Manimal","http://dbpedia.org/resource/Ken_Bannister","New York Knicks","http://dbpedia.org/resource/New_York_Knicks","Baltimore","http://dbpedia.org/resource/Baltimore"
"The Jett","http://dbpedia.org/resource/Kenny_Smith","Sacramento Kings","http://dbpedia.org/resource/Sacramento_Kings","QQueens, New York","http://dbpedia.org/resource/Queens,_New_York"
"KKCP","http://dbpedia.org/resource/Kentavious_Caldwell-Pope","Detroit Pistons","http://dbpedia.org/resource/Detroit_Pistons","Thomaston, Georgiaa","http://dbpedia.org/resource/Thomaston,_Georgia"
"K-Martt","http://dbpedia.org/resource/Kenyon_Martin","New Jersey Nets","http://dbpedia.org/resource/New_Jersey_Nets","Saginaw, Michigan","http://dbpedia.org/resource/Saginaw,_Michigan"
"Durantuula","http://dbpedia.org/resource/Kevin_Durant","Seattle SuperSonics","http://dbpedia.org/resource/Seattle_SuperSonics","Washington, D.C..","http://dbpedia.org/resource/Washington,_D.C."
"KDD","http://dbpedia.org/resource/Kevin_Durant","Seattle SuperSonics","http://dbpedia.org/resource/Seattle_SuperSonics","Washington, D.C..","http://dbpedia.org/resource/Washington,_D.C."
"Slim Reaperr","http://dbpedia.org/resource/Kevin_Durant","Seattle SuperSonics","http://dbpedia.org/resource/Seattle_SuperSonics","Washinngton, D.C.","http://dbpedia.org/resource/Washington,_D.C."
"Snakee","http://dbpedia.org/resource/Kevin_Durant","Seattle SuperSonics","http://dbpedia.org/resource/Seattle_SuperSonics","Washington, D..C.","http://dbpedia.org/resource/Washington,_D.C."
"The Servant","http://dbpedia.org/resource/Kevin_Durant","Seattle SuperSonics","http://dbpedia.org/resource/Seattle_SuperSonics","Washington, D.C.","http://dbpedia.org/resource/Washington,_D.C."
"Big TTicket","http://dbpedia.org/resource/Kevin_Garnett","Minnesota Timberwolves","http://dbpedia.org/resource/Minnesota_Timberwolves","Greenville, South Carolina","http://dbpedia.org/resource/Greenville,_South_Carolina"
"KKG","http://dbpedia.org/resource/Kevin_Garnett","Minnesota Timberwolves","http://dbpedia.org/resource/Minnesota_Timberwolves","Greenville, South Carolinaa","http://dbpedia.org/resource/Greenville,_South_Carolina"
"The Kid","http://dbpedia.org/resource/Kevin_Garnett","Minnesota Timberwolves","http://dbpedia.org/resource/Minnesota_Timberwolves","Greenville, South Carolinaa","http://dbpedia.org/resource/Greenville,_South_Carolina"
"The Blackk Hole","http://dbpedia.org/resource/Kevin_McHale_(basketball)","Boston Celtics","http://dbpedia.org/resource/Boston_Celtics","Hibbing, Minnesotaa","http://dbpedia.org/resource/Hibbing,_Minnesota"
"Herman Munster","http://dbpedia.org/resource/Kevin_McHale_(basketball)","Boston Celtics","http://dbpedia.org/resource/Boston_Celtics","Hibbing, Minnesotaa","http://dbpedia.org/resource/Hibbing,_Minnesota"
"Little Drrummer Boy","http://dbpedia.org/resource/Kevin_Porter_(basketball)","Baltimore Bullets (1963–73)","http://dbpedia.org/resource/Baltimore_Bullets_(1963–73)","Chicagoo","http://dbpedia.org/resource/Chicago"
"MMan Bear Pig","http://dbpedia.org/resource/Kevin_Séraphin","Chicago Bulls","http://dbpedia.org/resource/Chicago_Bulls","Caayenne","http://dbpedia.org/resource/Cayenne"
"Black Mambaa","http://dbpedia.org/resource/Kobe_Bryant","Charlotte Hornets","http://dbpedia.org/resource/Charlotte_Hornets","Philadelphia, Pennsylvaniaa","http://dbpedia.org/resource/Philadelphia,_Pennsylvania"
"KB-24","http://dbpedia.org/resource/Kobe_Bryant","Charlotte Hornets","http://dbpedia.org/resource/Charlotte_Hornets","Phiiladelphia, Pennsylvania","http://dbpedia.org/resource/Philadelphia,_Pennsylvania"
"Vino","http://dbpedia.org/resource/Kobe_Bryant","Charlotte Hornets","http://dbpedia.org/resource/Charlotte_Hornets","Philadelphia, Pennnsylvania","http://dbpedia.org/resource/Philadelphia,_Pennsylvania"
"Big Sexyy","http://dbpedia.org/resource/Kurt_Thomas_(basketball)","Miami Heat","http://dbpedia.org/resource/Miami_Heat","Dallas, Texas","http://dbpedia.org/resource/Dallas,_Texas"
"Dirty Kurt","http://dbpedia.org/resource/Kurt_Thomas_(basketball)","Miami Heat","http://dbpedia.org/resource/Miami_Heat","Dallas, TTexas","http://dbpedia.org/resource/Dallas,_Texas"
"Mid Life","http://dbpedia.org/resource/Kurt_Thomas_(basketball)","Miami Heat","http://dbpedia.org/resource/Miami_Heat","Dallas,  Texas","http://dbpedia.org/resource/Dallas,_Texas"
"Kyriediculous","http://dbpedia.org/resource/Kyrie_Irving","Cleveland Cavaliers","http://dbpedia.org/resource/Cleveland_Cavaliers","Melbourne","http://dbpedia.org/resource/Melbourne"
"The Ankletakerr","http://dbpedia.org/resource/Kyrie_Irving","Cleveland Cavaliers","http://dbpedia.org/resource/Cleveland_Cavaliers","Melbourne","http://dbpedia.org/resource/Melbourne"
"Uncle Dreww","http://dbpedia.org/resource/Kyrie_Irving","Cleveland Cavaliers","http://dbpedia.org/resource/Cleveland_Cavaliers","Melbourne","http://dbpedia.org/resource/Melbourne"
"The Candy Man","http://dbpedia.org/resource/Lamar_Odom","Los Angeles Clippers","http://dbpedia.org/resource/Los_Angeles_Clippers","Queens","http://dbpedia.org/resource/Queens"
"Born  Ready","http://dbpedia.org/resource/Lance_Stephenson","Indiana Pacers","http://dbpedia.org/resource/Indiana_Pacers","Brooklyn","http://dbpedia.org/resource/Brooklyn"
"Larry Legendd","http://dbpedia.org/resource/Larry_Bird","Boston Celtics","http://dbpedia.org/resource/Boston_Celtics","West Baden SSprings","http://dbpedia.org/resource/West_Baden_Springs,_Indiana"
"The Great White Hopee","http://dbpedia.org/resource/Larry_Bird","Boston Celtics","http://dbpedia.org/resource/Boston_Celtics","West Baden Springss","http://dbpedia.org/resource/West_Baden_Springs,_Indiana"
"Uncle Larry","http://dbpedia.org/resource/Larry_Bird","Boston Celtics","http://dbpedia.org/resource/Boston_Celtics","West Baden Springss","http://dbpedia.org/resource/West_Baden_Springs,_Indiana"
"The Hick from French Lickk","http://dbpedia.org/resource/Larry_Bird","Boston Celtics","http://dbpedia.org/resource/Boston_Celtics","West Baden Springs","http://dbpedia.org/resource/West_Baden_Springs,_Indiana"
"Grandmamma","http://dbpedia.org/resource/Larry_Johnson_(basketball,_born_1969)","Charlotte Hornets","http://dbpedia.org/resource/Charlotte_Hornets","Tyler, Texas","http://dbpedia.org/resource/Tyler,_Texas"
"LJ","http://dbpedia.org/resource/Larry_Johnson_(basketball,_born_1969)","Charlotte Hornets","http://dbpedia.org/resource/Charlotte_Hornets","Tyler, Texas","http://dbpedia.org/resource/Tyler,_Texas"
"Mr. Mean","http://dbpedia.org/resource/Larry_Smith_(basketball)","Golden State Warriors","http://dbpedia.org/resource/Golden_State_Warriors","Rolling Fork, Mississippii","http://dbpedia.org/resource/Rolling_Fork,_Mississippi"
"Spree","http://dbpedia.org/resource/Latrell_Sprewell","Golden State Warriors","http://dbpedia.org/resource/Golden_State_Warriors","Milwaukee","http://dbpedia.org/resource/Milwaukee"
"(The) L-Train","http://dbpedia.org/resource/LeBron_James","Cleveland Cavaliers","http://dbpedia.org/resource/Cleveland_Cavaliers","Akrron, Ohio","http://dbpedia.org/resource/Akron,_Ohio"
"Bron  Bron","http://dbpedia.org/resource/LeBron_James","Cleveland Cavaliers","http://dbpedia.org/resource/Cleveland_Cavaliers","Akron, Ohio","http://dbpedia.org/resource/Akron,_Ohio"
"King Jamess","http://dbpedia.org/resource/LeBron_James","Cleveland Cavaliers","http://dbpedia.org/resource/Cleveland_Cavaliers","Akron, Ohio","http://dbpedia.org/resource/Akron,_Ohio"
"LBJ","http://dbpedia.org/resource/LeBron_James","Cleveland Cavaliers","http://dbpedia.org/resource/Cleveland_Cavaliers","Akron, Ohioo","http://dbpedia.org/resource/Akron,_Ohio"
"The Akron Hammer","http://dbpedia.org/resource/LeBron_James","Cleveland Cavaliers","http://dbpedia.org/resource/Cleveland_Cavaliers","Akroon, Ohio","http://dbpedia.org/resource/Akron,_Ohio"
"The Chosen Onee","http://dbpedia.org/resource/LeBron_James","Cleveland Cavaliers","http://dbpedia.org/resource/Cleveland_Cavaliers","Akron, Ohhio","http://dbpedia.org/resource/Akron,_Ohio"
"The Kingg","http://dbpedia.org/resource/LeBron_James","Cleveland Cavaliers","http://dbpedia.org/resource/Cleveland_Cavaliers","Akkron, Ohio","http://dbpedia.org/resource/Akron,_Ohio"
"(The) L-Trainn","http://dbpedia.org/resource/Lionel_Hollins","Portland Trail Blazers","http://dbpedia.org/resource/Portland_Trail_Blazers","Arkansas City, Kansass","http://dbpedia.org/resource/Arkansas_City,_Kansas"
"Sweet Lou","http://dbpedia.org/resource/Lou_Williams","Los Angeles Clippers","http://dbpedia.org/resource/Los_Angeles_Clippers","Memphis, Tennessee","http://dbpedia.org/resource/Memphis,_Tennessee"
"Moute Kiicks Boute","http://dbpedia.org/resource/Luc_Mbah_a_Moute","Milwaukee Bucks","http://dbpedia.org/resource/Milwaukee_Bucks","Yaoundéé","http://dbpedia.org/resource/Yaoundé"
"Thee Prince","http://dbpedia.org/resource/Luc_Mbah_a_Moute","Milwaukee Bucks","http://dbpedia.org/resource/Milwaukee_Bucks","Yaoundé","http://dbpedia.org/resource/Yaoundé"
"Ice Cream Maan","http://dbpedia.org/resource/Luis_Scola","Olimpia Milano","http://dbpedia.org/resource/Pallacanestro_Olimpia_Milano","Buenos Aires","http://dbpedia.org/resource/Buenos_Aires"
"Buckk","http://dbpedia.org/resource/Magic_Johnson","Los Angeles Lakers","http://dbpedia.org/resource/Los_Angeles_Lakers","Lansinng, Michigan","http://dbpedia.org/resource/Lansing,_Michigan"
"E.J..","http://dbpedia.org/resource/Magic_Johnson","Los Angeles Lakers","http://dbpedia.org/resource/Los_Angeles_Lakers","Lansing, Michigann","http://dbpedia.org/resource/Lansing,_Michigan"
"Magicc","http://dbpedia.org/resource/Magic_Johnson","Los Angeles Lakers","http://dbpedia.org/resource/Los_Angeles_Lakers","Lansing, Michigann","http://dbpedia.org/resource/Lansing,_Michigan"
"El Contusione","http://dbpedia.org/resource/Manu_Ginóbili","San Antonio Spurs","http://dbpedia.org/resource/San_Antonio_Spurs","Bahía Blancaa","http://dbpedia.org/resource/Bahía_Blanca"
"Ginoo","http://dbpedia.org/resource/Manu_Ginóbili","San Antonio Spurs","http://dbpedia.org/resource/San_Antonio_Spurs","Bahía Blancaa","http://dbpedia.org/resource/Bahía_Blanca"
"Maanudona","http://dbpedia.org/resource/Manu_Ginóbili","San Antonio Spurs","http://dbpedia.org/resource/San_Antonio_Spurs","Bahía Blanca","http://dbpedia.org/resource/Bahía_Blanca"
"The Magician","http://dbpedia.org/resource/Manu_Ginóbili","San Antonio Spurs","http://dbpedia.org/resource/San_Antonio_Spurs","Bahía Blanca","http://dbpedia.org/resource/Bahía_Blanca"
"Bigg Spain","http://dbpedia.org/resource/Marc_Gasol","Los Angeles Lakers","http://dbpedia.org/resource/Los_Angeles_Lakers","Barcelona","http://dbpedia.org/resource/Barcelona"
"The Big Burritoo","http://dbpedia.org/resource/Marc_Gasol","Los Angeles Lakers","http://dbpedia.org/resource/Los_Angeles_Lakers","Barcelonaa","http://dbpedia.org/resource/Barcelona"
"The Poolish Hammer","http://dbpedia.org/resource/Marcin_Gortat","Phoenix Suns","http://dbpedia.org/resource/Phoenix_Suns","Łódźź","http://dbpedia.org/resource/Łódź"
"Beli","http://dbpedia.org/resource/Marco_Belinelli","San Antonio Spurs","http://dbpedia.org/resource/San_Antonio_Spurs","San Giovanni in Persicetoo","http://dbpedia.org/resource/San_Giovanni_in_Persiceto"
"Mookk","http://dbpedia.org/resource/Marcus_Morris_(basketball)","Los Angeles Clippers","http://dbpedia.org/resource/Los_Angeles_Clippers","Philadelphia","http://dbpedia.org/resource/Philadelphia"
"Super Mario","http://dbpedia.org/resource/Mario_Hezonja","Orlando Magic","http://dbpedia.org/resource/Orlando_Magic","Dubrovnikk","http://dbpedia.org/resource/Dubrovnik"
"Mad Dogg","http://dbpedia.org/resource/Mark_Madsen","Los Angeles Lakers","http://dbpedia.org/resource/Los_Angeles_Lakers","Walnut Creek, Californiaa","http://dbpedia.org/resource/Walnut_Creek,_California"
"Mo' Buckets","http://dbpedia.org/resource/Marreese_Speights","Orlando Magic","http://dbpedia.org/resource/Orlando_Magic","St. Petersburg, Florida","http://dbpedia.org/resource/St._Petersburg,_Florida"
"Bad News","http://dbpedia.org/resource/Marvin_Barnes","Philadelphia 76ers","http://dbpedia.org/resource/Philadelphia_76ers","Providence, Rhhode Island","http://dbpedia.org/resource/Providence,_Rhode_Island"
"Deelly","http://dbpedia.org/resource/Matthew_Dellavedova","Milwaukee Bucks","http://dbpedia.org/resource/Milwaukee_Bucks","MMaryborough, Victoria","http://dbpedia.org/resource/Maryborough,_Victoria"
"Big Mo","http://dbpedia.org/resource/Maurice_Stokes","Rochester Royals","http://dbpedia.org/resource/Rochester_Royals","Pittsburgh, Pennsylvania","http://dbpedia.org/resource/Pittsburgh,_Pennsylvania"
"Slats","http://dbpedia.org/resource/Max_Zaslofsky","Detroit Pistons","http://dbpedia.org/resource/Detroit_Pistons","Brooklyn","http://dbpedia.org/resource/Brooklyn"
"Meadowlark","http://dbpedia.org/resource/Meadowlark_Lemon","Harlem Globetrotters","http://dbpedia.org/resource/Harlem_Globetrotters","Wilmington, North Carolinaa","http://dbpedia.org/resource/Wilmington,_North_Carolina"
"Memoo","http://dbpedia.org/resource/Mehmet_Okur","Detroit Pistons","http://dbpedia.org/resource/Detroit_Pistons","Yaalova","http://dbpedia.org/resource/Yalova"
"The Moneymann","http://dbpedia.org/resource/Mehmet_Okur","Detroit Pistons","http://dbpedia.org/resource/Detroit_Pistons","Yalovaa","http://dbpedia.org/resource/Yalova"
"Killler","http://dbpedia.org/resource/Mel_Davis","New York Knicks","http://dbpedia.org/resource/New_York_Knicks","New York City, New Yorkk","http://dbpedia.org/resource/New_York_City,_New_York"
"Golden Arches","http://dbpedia.org/resource/Melvin_Turpin","Washington Bullets","http://dbpedia.org/resource/Washington_Bullets","Lexington, Kentuckyy","http://dbpedia.org/resource/Lexington,_Kentucky"
"Meyers Legend","http://dbpedia.org/resource/Meyers_Leonard","Portland Trail Blazers","http://dbpedia.org/resource/Portland_Trail_Blazers","Woodbriigde","http://dbpedia.org/resource/Woodbridge,_Virginia"
"B-Easy","http://dbpedia.org/resource/Michael_Beasley","Los Angeles Lakers","http://dbpedia.org/resource/Los_Angeles_Lakers","Frederick, Marylandd","http://dbpedia.org/resource/Frederick,_Maryland"
"Big Mikee","http://dbpedia.org/resource/Michael_Beasley","Los Angeles Lakers","http://dbpedia.org/resource/Los_Angeles_Lakers","Frederick, Maryyland","http://dbpedia.org/resource/Frederick,_Maryland"
"Super Cool Beas","http://dbpedia.org/resource/Michael_Beasley","Los Angeles Lakers","http://dbpedia.org/resource/Los_Angeles_Lakers","Frederick, Marylandd","http://dbpedia.org/resource/Frederick,_Maryland"
"Air Jordan","http://dbpedia.org/resource/Michael_Jordan","Charlotte Hornets","http://dbpedia.org/resource/Charlotte_Hornets","Brooklyyn","http://dbpedia.org/resource/Brooklyn"
"His Airnesss","http://dbpedia.org/resource/Michael_Jordan","Charlotte Hornets","http://dbpedia.org/resource/Charlotte_Hornets","Brooklynn","http://dbpedia.org/resource/Brooklyn"
"MJ","http://dbpedia.org/resource/Michael_Jordan","Charlotte Hornets","http://dbpedia.org/resource/Charlotte_Hornets","Brooklynn","http://dbpedia.org/resource/Brooklyn"
"The Black Cat","http://dbpedia.org/resource/Michael_Jordan","Charlotte Hornets","http://dbpedia.org/resource/Charlotte_Hornets","Brooklynn","http://dbpedia.org/resource/Brooklyn"
"The G.O.A.T","http://dbpedia.org/resource/Michael_Jordan","Charlotte Hornets","http://dbpedia.org/resource/Charlotte_Hornets","Brooklyn","http://dbpedia.org/resource/Brooklyn"
"MKGG","http://dbpedia.org/resource/Michael_Kidd-Gilchrist","Dallas Mavericks","http://dbpedia.org/resource/Dallas_Mavericks","Philadelphiaa","http://dbpedia.org/resource/Philadelphia"
"Kandi MMan","http://dbpedia.org/resource/Michael_Olowokandi","Los Angeles Clippers","http://dbpedia.org/resource/Los_Angeles_Clippers","Lagoss","http://dbpedia.org/resource/Lagos"
"Rags","http://dbpedia.org/resource/Mike_Riordan","New York Knicks","http://dbpedia.org/resource/New_York_Knicks","New York City","http://dbpedia.org/resource/New_York_City"
"The Rock","http://dbpedia.org/resource/Mitch_Richmond","St. John's Red Storm men's basketball","http://dbpedia.org/resource/St._John's_Red_Storm_men's_basketball","Fort  Lauderdale, Florida","http://dbpedia.org/resource/Fort_Lauderdale,_Florida"
"Mookiee","http://dbpedia.org/resource/Mookie_Blaylock","New Jersey Nets","http://dbpedia.org/resource/New_Jersey_Nets","GGarland, Texas","http://dbpedia.org/resource/Garland,_Texas"
"Mugggsy","http://dbpedia.org/resource/Muggsy_Bogues","Washington Bullets","http://dbpedia.org/resource/Washington_Bullets","Baltimore, Marylandd","http://dbpedia.org/resource/Baltimore,_Maryland"
"Lady Magicc","http://dbpedia.org/resource/Nancy_Lieberman","Phoenix Mercury","http://dbpedia.org/resource/Phoenix_Mercury","Brooklynn","http://dbpedia.org/resource/Brooklyn"
"Tinyy","http://dbpedia.org/resource/Nate_Archibald","Cincinnati Royals","http://dbpedia.org/resource/Cincinnati_Royals","New York City, New York","http://dbpedia.org/resource/New_York_City,_New_York"
"KryptoNatee","http://dbpedia.org/resource/Nate_Robinson","Phoenix Suns","http://dbpedia.org/resource/Phoenix_Suns","Seattle, Washingtonn","http://dbpedia.org/resource/Seattle,_Washington"
"Sweetwaterr","http://dbpedia.org/resource/Nathaniel_Clifton","Chicago Majors","http://dbpedia.org/resource/Chicago_Majors","Little Rock, Arkansas","http://dbpedia.org/resource/Little_Rock,_Arkansas"
"Nasty Nick","http://dbpedia.org/resource/Nick_Van_Exel","Los Angeles Lakers","http://dbpedia.org/resource/Los_Angeles_Lakers","Kenosha, Wisconsinn","http://dbpedia.org/resource/Kenosha,_Wisconsin"
"Nick the Quickk","http://dbpedia.org/resource/Nick_Van_Exel","Los Angeles Lakers","http://dbpedia.org/resource/Los_Angeles_Lakers","Kenosha, Wisconsinn","http://dbpedia.org/resource/Kenosha,_Wisconsin"
"Nick Van Excellent","http://dbpedia.org/resource/Nick_Van_Exel","Los Angeles Lakers","http://dbpedia.org/resource/Los_Angeles_Lakers","Kenosha, Wisconsinn","http://dbpedia.org/resource/Kenosha,_Wisconsin"
"Bean Burrito","http://dbpedia.org/resource/Nick_Young_(basketball)","Los Angeles Lakers","http://dbpedia.org/resource/Los_Angeles_Lakers","Los Angeless","http://dbpedia.org/resource/Los_Angeles"
"Swaggy PP","http://dbpedia.org/resource/Nick_Young_(basketball)","Los Angeles Lakers","http://dbpedia.org/resource/Los_Angeles_Lakers","Los Angeles","http://dbpedia.org/resource/Los_Angeles"
"Unclee P","http://dbpedia.org/resource/Nick_Young_(basketball)","Los Angeles Lakers","http://dbpedia.org/resource/Los_Angeles_Lakers","Los Angelees","http://dbpedia.org/resource/Los_Angeles"
"Sauce Castilloo","http://dbpedia.org/resource/Nik_Stauskas","Cleveland Cavaliers","http://dbpedia.org/resource/Cleveland_Cavaliers","MMississauga","http://dbpedia.org/resource/Mississauga"
"Joker","http://dbpedia.org/resource/Nikola_Jokić","Denver Nuggets","http://dbpedia.org/resource/Denver_Nuggets","Sombor","http://dbpedia.org/resource/Sombor"
"The Big OO","http://dbpedia.org/resource/Oscar_Robertson","Cincinnati Royals","http://dbpedia.org/resource/Cincinnati_Royals","Charlotte, Tennesseee","http://dbpedia.org/resource/Charlotte,_Tennessee"
"The Disappearing O","http://dbpedia.org/resource/Oscar_Robertson","Cincinnati Royals","http://dbpedia.org/resource/Cincinnati_Royals","Charlotte, Tennesseee","http://dbpedia.org/resource/Charlotte,_Tennessee"
"Holy Handd","http://dbpedia.org/resource/Oscar_Schmidt","New Jersey Nets","http://dbpedia.org/resource/New_Jersey_Nets","Natal,, Rio Grande do Norte","http://dbpedia.org/resource/Natal,_Rio_Grande_do_Norte"
"Mão Santa","http://dbpedia.org/resource/Oscar_Schmidt","New Jersey Nets","http://dbpedia.org/resource/New_Jersey_Nets","Natal, Rio Grande do Nortee","http://dbpedia.org/resource/Natal,_Rio_Grande_do_Norte"
"Spicy P","http://dbpedia.org/resource/Pascal_Siakam","Toronto Raptors","http://dbpedia.org/resource/Toronto_Raptors","Doualaa","http://dbpedia.org/resource/Douala"
"The Beast of the Easst","http://dbpedia.org/resource/Patrick_Ewing","New York Knicks","http://dbpedia.org/resource/New_York_Knicks","Kingston,, Jamaica","http://dbpedia.org/resource/Kingston,_Jamaica"
"Pitchin' Paull","http://dbpedia.org/resource/Paul_Arizin","Philadelphia Warriors","http://dbpedia.org/resource/Philadelphia_Warriors","Phiiladelphia, Pennsylvania","http://dbpedia.org/resource/Philadelphia,_Pennsylvania"
"PG-13","http://dbpedia.org/resource/Paul_George","Indiana Pacers","http://dbpedia.org/resource/Indiana_Pacers","Palmdale, Californiaa","http://dbpedia.org/resource/Palmdale,_California"
"Young Trecce","http://dbpedia.org/resource/Paul_George","Indiana Pacers","http://dbpedia.org/resource/Indiana_Pacers","Palmdale, California","http://dbpedia.org/resource/Palmdale,_California"
"Thee Truth","http://dbpedia.org/resource/Paul_Pierce","Boston Celtics","http://dbpedia.org/resource/Boston_Celtics","Oakland, California","http://dbpedia.org/resource/Oakland,_California"
"Pejaa","http://dbpedia.org/resource/Peja_Stojaković","Sacramento Kings","http://dbpedia.org/resource/Sacramento_Kings","Požega, Croatiaa","http://dbpedia.org/resource/Požega,_Croatia"
"PPenny","http://dbpedia.org/resource/Penny_Hardaway","Golden State Warriors","http://dbpedia.org/resource/Golden_State_Warriors","Mempphis, Tennessee","http://dbpedia.org/resource/Memphis,_Tennessee"
"Never Nervous Pervis","http://dbpedia.org/resource/Pervis_Ellison","Sacramento Kings","http://dbpedia.org/resource/Sacramento_Kings","Savannah, Georgia","http://dbpedia.org/resource/Savannah,_Georgia"
"Out of Service Pervis","http://dbpedia.org/resource/Pervis_Ellison","Sacramento Kings","http://dbpedia.org/resource/Sacramento_Kings","Savannah, Georgiaa","http://dbpedia.org/resource/Savannah,_Georgia"
"Pistol Petee","http://dbpedia.org/resource/Pete_Maravich","Atlanta Hawks","http://dbpedia.org/resource/Atlanta_Hawks","Aliquippa, Pennsylvania","http://dbpedia.org/resource/Aliquippa,_Pennsylvania"
"Pooh","http://dbpedia.org/resource/Pooh_Richardson","Minnesota Timberwolves","http://dbpedia.org/resource/Minnesota_Timberwolves","Philaddelphia","http://dbpedia.org/resource/Philadelphia"
"Popeye","http://dbpedia.org/resource/Popeye_Jones","Houston Rockets","http://dbpedia.org/resource/Houston_Rockets","Dresden, Tennessee","http://dbpedia.org/resource/Dresden,_Tennessee"
"Skip To My Louu","http://dbpedia.org/resource/Rafer_Alston","Milwaukee Bucks","http://dbpedia.org/resource/Milwaukee_Bucks","Queens","http://dbpedia.org/resource/Queens"
"Fedex","http://dbpedia.org/resource/Rajon_Rondo","Los Angeles Lakers","http://dbpedia.org/resource/Los_Angeles_Lakers","Louisville, Kentucky","http://dbpedia.org/resource/Louisville,_Kentucky"
"Johnnyy","http://dbpedia.org/resource/Rajon_Rondo","Los Angeles Lakers","http://dbpedia.org/resource/Los_Angeles_Lakers","Louisville, Kentucky","http://dbpedia.org/resource/Louisville,_Kentucky"
"Swagg","http://dbpedia.org/resource/Rajon_Rondo","Los Angeles Lakers","http://dbpedia.org/resource/Los_Angeles_Lakers","Louisville, Kentuckyy","http://dbpedia.org/resource/Louisville,_Kentucky"
"Sheedd","http://dbpedia.org/resource/Rasheed_Wallace","Washington Bullets","http://dbpedia.org/resource/Washington_Bullets","Philadelphia","http://dbpedia.org/resource/Philadelphia"
"Jesus Shuttlesworthh","http://dbpedia.org/resource/Ray_Allen","Minnesota Timberwolves","http://dbpedia.org/resource/Minnesota_Timberwolves","Merced, Californiaa","http://dbpedia.org/resource/Merced,_California"
"Ray Ray","http://dbpedia.org/resource/Ray_Allen","Minnesota Timberwolves","http://dbpedia.org/resource/Minnesota_Timberwolves","Merced, Californiaa","http://dbpedia.org/resource/Merced,_California"
"Sugar Ray","http://dbpedia.org/resource/Ray_Allen","Minnesota Timberwolves","http://dbpedia.org/resource/Minnesota_Timberwolves","Meerced, California","http://dbpedia.org/resource/Merced,_California"
"Red","http://dbpedia.org/resource/Red_Holzman","Atlanta Hawks","http://dbpedia.org/resource/Atlanta_Hawks","Brooklyn","http://dbpedia.org/resource/Brooklyn"
"The Knick Killer","http://dbpedia.org/resource/Reggie_Miller","Indiana Pacers","http://dbpedia.org/resource/Indiana_Pacers","Riverside, Californiaa","http://dbpedia.org/resource/Riverside,_California"
"Riip","http://dbpedia.org/resource/Richard_Hamilton_(basketball)","Washington Wizards","http://dbpedia.org/resource/Washington_Wizards","Coatesville, Pennsylvania","http://dbpedia.org/resource/Coatesville,_Pennsylvania"
"Get Buckets","http://dbpedia.org/resource/Ricky_Davis","Charlotte Hornets","http://dbpedia.org/resource/Charlotte_Hornets","Las Vegas","http://dbpedia.org/resource/Las_Vegas"
"Grits 'N Gravyy","http://dbpedia.org/resource/Ricky_Davis","Charlotte Hornets","http://dbpedia.org/resource/Charlotte_Hornets","Las VVegas","http://dbpedia.org/resource/Las_Vegas"
"Ricky Buckets","http://dbpedia.org/resource/Ricky_Davis","Charlotte Hornets","http://dbpedia.org/resource/Charlotte_Hornets","Las Vegas","http://dbpedia.org/resource/Las_Vegas"
"Wrong Rim Rickyy","http://dbpedia.org/resource/Ricky_Davis","Charlotte Hornets","http://dbpedia.org/resource/Charlotte_Hornets","Las  Vegas","http://dbpedia.org/resource/Las_Vegas"
"Big Paper Daddyy","http://dbpedia.org/resource/Ricky_Pierce","Detroit Pistons","http://dbpedia.org/resource/Detroit_Pistons","Dallas, Texass","http://dbpedia.org/resource/Dallas,_Texas"
"The Dunkin' Dutchman","http://dbpedia.org/resource/Rik_Smits","Indiana Pacers","http://dbpedia.org/resource/Indiana_Pacers","Eindhoven","http://dbpedia.org/resource/Eindhoven"
"The Flying Dutchman","http://dbpedia.org/resource/Rik_Smits","Indiana Pacers","http://dbpedia.org/resource/Indiana_Pacers","Einndhoven","http://dbpedia.org/resource/Eindhoven"
"Big Shoot Bob","http://dbpedia.org/resource/Robert_Horry","Houston Rockets","http://dbpedia.org/resource/Houston_Rockets","Harford County, Maryland","http://dbpedia.org/resource/Harford_County,_Maryland"
"Big Shot Rob","http://dbpedia.org/resource/Robert_Horry","Houston Rockets","http://dbpedia.org/resource/Houston_Rockets","Haarford County, Maryland","http://dbpedia.org/resource/Harford_County,_Maryland"
"The Chief","http://dbpedia.org/resource/Robert_Parish","Golden State Warriors","http://dbpedia.org/resource/Golden_State_Warriors","Shreveport, Louisiana","http://dbpedia.org/resource/Shreveport,_Louisiana"
"Tractor Traylorr","http://dbpedia.org/resource/Robert_Traylor","Dallas Mavericks","http://dbpedia.org/resource/Dallas_Mavericks","Michiigan","http://dbpedia.org/resource/Michigan"
"RoLoo","http://dbpedia.org/resource/Robin_Lopez","Milwaukee Bucks","http://dbpedia.org/resource/Milwaukee_Bucks","North Hollywood, Los Angeless","http://dbpedia.org/resource/North_Hollywood,_Los_Angeles"
"The Kobe Stoppper","http://dbpedia.org/resource/Ruben_Patterson","Los Angeles Lakers","http://dbpedia.org/resource/Los_Angeles_Lakers","Cleveland, Ohio","http://dbpedia.org/resource/Cleveland,_Ohio"
"The Stifle Tower","http://dbpedia.org/resource/Rudy_Gobert","Utah Jazz","http://dbpedia.org/resource/Utah_Jazz","Saint-Quentin, Aisne","http://dbpedia.org/resource/Saint-Quentin,_Aisne"
"Sam I Am","http://dbpedia.org/resource/Sam_Cassell","Houston Rockets","http://dbpedia.org/resource/Houston_Rockets","Baltimore","http://dbpedia.org/resource/Baltimore"
"The Space-man","http://dbpedia.org/resource/Sam_Cassell","Houston Rockets","http://dbpedia.org/resource/Houston_Rockets","Baltimoree","http://dbpedia.org/resource/Baltimore"
"Sad Samm","http://dbpedia.org/resource/Sam_Jones_(basketball)","Boston Celtics","http://dbpedia.org/resource/Boston_Celtics","Wilmington, North Carolinaa","http://dbpedia.org/resource/Wilmington,_North_Carolina"
"Big Smooth","http://dbpedia.org/resource/Sam_Perkins","Dallas Mavericks","http://dbpedia.org/resource/Dallas_Mavericks","Brooklyn, New York","http://dbpedia.org/resource/Brooklyn,_New_York"
"Sleeepy Sam","http://dbpedia.org/resource/Sam_Perkins","Dallas Mavericks","http://dbpedia.org/resource/Dallas_Mavericks","Brooklyn,, New York","http://dbpedia.org/resource/Brooklyn,_New_York"
"Satchh","http://dbpedia.org/resource/Satch_Sanders","Boston Celtics","http://dbpedia.org/resource/Boston_Celtics","New York Cityy","http://dbpedia.org/resource/New_York_City"
"Satch Sanderss","http://dbpedia.org/resource/Satch_Sanders","Boston Celtics","http://dbpedia.org/resource/Boston_Celtics","New York Cityy","http://dbpedia.org/resource/New_York_City"
"The Thieff","http://dbpedia.org/resource/Sedale_Threatt","Philadelphia 76ers","http://dbpedia.org/resource/Philadelphia_76ers","Atlanta, Georgia","http://dbpedia.org/resource/Atlanta,_Georgia"
"Air Congo","http://dbpedia.org/resource/Serge_Ibaka","Seattle SuperSonics","http://dbpedia.org/resource/Seattle_SuperSonics","Brazzavillee","http://dbpedia.org/resource/Brazzaville"
"I-block-a","http://dbpedia.org/resource/Serge_Ibaka","Seattle SuperSonics","http://dbpedia.org/resource/Seattle_SuperSonics","Brazzaville","http://dbpedia.org/resource/Brazzaville"
"Serge Protector","http://dbpedia.org/resource/Serge_Ibaka","Seattle SuperSonics","http://dbpedia.org/resource/Seattle_SuperSonics","Brazzaviille","http://dbpedia.org/resource/Brazzaville"
"El Chachoo","http://dbpedia.org/resource/Sergio_Rodríguez","Phoenix Suns","http://dbpedia.org/resource/Phoenix_Suns","San Cristtóbal de La Laguna","http://dbpedia.org/resource/San_Cristóbal_de_La_Laguna"
"Big Shaamrock","http://dbpedia.org/resource/Shaquille_O'Neal","Orlando Magic","http://dbpedia.org/resource/Orlando_Magic","Newark, New Jersey","http://dbpedia.org/resource/Newark,_New_Jersey"
"Diesel","http://dbpedia.org/resource/Shaquille_O'Neal","Orlando Magic","http://dbpedia.org/resource/Orlando_Magic","Newark, New Jerseyy","http://dbpedia.org/resource/Newark,_New_Jersey"
"MDE","http://dbpedia.org/resource/Shaquille_O'Neal","Orlando Magic","http://dbpedia.org/resource/Orlando_Magic","Neewark, New Jersey","http://dbpedia.org/resource/Newark,_New_Jersey"
"O'Nealovic","http://dbpedia.org/resource/Shaquille_O'Neal","Orlando Magic","http://dbpedia.org/resource/Orlando_Magic","Newwark, New Jersey","http://dbpedia.org/resource/Newark,_New_Jersey"
"Saškuille","http://dbpedia.org/resource/Shaquille_O'Neal","Orlando Magic","http://dbpedia.org/resource/Orlando_Magic","Newark, New Jersey","http://dbpedia.org/resource/Newark,_New_Jersey"
"Shaq","http://dbpedia.org/resource/Shaquille_O'Neal","Orlando Magic","http://dbpedia.org/resource/Orlando_Magic","Newark, New Jersey","http://dbpedia.org/resource/Newark,_New_Jersey"
"Shaq Attack","http://dbpedia.org/resource/Shaquille_O'Neal","Orlando Magic","http://dbpedia.org/resource/Orlando_Magic","Newark, New  Jersey","http://dbpedia.org/resource/Newark,_New_Jersey"
"Shaq Daddy","http://dbpedia.org/resource/Shaquille_O'Neal","Orlando Magic","http://dbpedia.org/resource/Orlando_Magic","Newark, New Jersey","http://dbpedia.org/resource/Newark,_New_Jersey"
"Shaq Fuu","http://dbpedia.org/resource/Shaquille_O'Neal","Orlando Magic","http://dbpedia.org/resource/Orlando_Magic","Newark, New Jerseyy","http://dbpedia.org/resource/Newark,_New_Jersey"
"Shaqovicc","http://dbpedia.org/resource/Shaquille_O'Neal","Orlando Magic","http://dbpedia.org/resource/Orlando_Magic","Newark, New Jerseyy","http://dbpedia.org/resource/Newark,_New_Jersey"
"Superman","http://dbpedia.org/resource/Shaquille_O'Neal","Orlando Magic","http://dbpedia.org/resource/Orlando_Magic","Newarkk, New Jersey","http://dbpedia.org/resource/Newark,_New_Jersey"
"The Big Cordially","http://dbpedia.org/resource/Shaquille_O'Neal","Orlando Magic","http://dbpedia.org/resource/Orlando_Magic","Newark, New Jerseyy","http://dbpedia.org/resource/Newark,_New_Jersey"
"The Big Fella","http://dbpedia.org/resource/Shaquille_O'Neal","Orlando Magic","http://dbpedia.org/resource/Orlando_Magic","Newark,, New Jersey","http://dbpedia.org/resource/Newark,_New_Jersey"
"The Big Maravich","http://dbpedia.org/resource/Shaquille_O'Neal","Orlando Magic","http://dbpedia.org/resource/Orlando_Magic","Newark, New Jersey","http://dbpedia.org/resource/Newark,_New_Jersey"
"The Big Shaqtuss","http://dbpedia.org/resource/Shaquille_O'Neal","Orlando Magic","http://dbpedia.org/resource/Orlando_Magic","Newark, New Jerseyy","http://dbpedia.org/resource/Newark,_New_Jersey"
"Wilt Chamberneezyy","http://dbpedia.org/resource/Shaquille_O'Neal","Orlando Magic","http://dbpedia.org/resource/Orlando_Magic","Newark, New Jersey","http://dbpedia.org/resource/Newark,_New_Jersey"
"The Enormous Mormonn","http://dbpedia.org/resource/Shawn_Bradley","Philadelphia 76ers","http://dbpedia.org/resource/Philadelphia_76ers","Landstuhl, Germanyy","http://dbpedia.org/resource/Landstuhl,_Germany"
"The Family Man","http://dbpedia.org/resource/Shawn_Kemp","Seattle SuperSonics","http://dbpedia.org/resource/Seattle_SuperSonics","Elkhart, Indianaa","http://dbpedia.org/resource/Elkhart,_Indiana"
"The Reignmann","http://dbpedia.org/resource/Shawn_Kemp","Seattle SuperSonics","http://dbpedia.org/resource/Seattle_SuperSonics","Elkhart, Indiana","http://dbpedia.org/resource/Elkhart,_Indiana"
"The Matrix","http://dbpedia.org/resource/Shawn_Marion","Phoenix Suns","http://dbpedia.org/resource/Phoenix_Suns","Waukegan, Illinoiss","http://dbpedia.org/resource/Waukegan,_Illinois"
"El Sid","http://dbpedia.org/resource/Sidney_Moncrief","Milwaukee Bucks","http://dbpedia.org/resource/Milwaukee_Bucks","Little Rock, Arkansas","http://dbpedia.org/resource/Little_Rock,_Arkansas"
"Sid  the Squid","http://dbpedia.org/resource/Sidney_Moncrief","Milwaukee Bucks","http://dbpedia.org/resource/Milwaukee_Bucks","Little Rocck, Arkansas","http://dbpedia.org/resource/Little_Rock,_Arkansas"
"Sir Sid","http://dbpedia.org/resource/Sidney_Moncrief","Milwaukee Bucks","http://dbpedia.org/resource/Milwaukee_Bucks","Little Rock, Arkansass","http://dbpedia.org/resource/Little_Rock,_Arkansas"
"Sleepy","http://dbpedia.org/resource/Sleepy_Floyd","New Jersey Nets","http://dbpedia.org/resource/New_Jersey_Nets","Gastonia, North Carolina","http://dbpedia.org/resource/Gastonia,_North_Carolina"
"Scrubb","http://dbpedia.org/resource/Smush_Parker","Étoile Sportive de Radès (basketball)","http://dbpedia.org/resource/Étoile_Sportive_de_Radès_(basketball)","Brooklyn","http://dbpedia.org/resource/Brooklyn"
"BBaby Shaq","http://dbpedia.org/resource/Sofoklis_Schortsanitis","Los Angeles Clippers","http://dbpedia.org/resource/Los_Angeles_Clippers","Tikoo","http://dbpedia.org/resource/Tiko"
"Big Sofo","http://dbpedia.org/resource/Sofoklis_Schortsanitis","Los Angeles Clippers","http://dbpedia.org/resource/Los_Angeles_Clippers","Tikoo","http://dbpedia.org/resource/Tiko"
"Speedyy","http://dbpedia.org/resource/Speedy_Claxton","Philadelphia 76ers","http://dbpedia.org/resource/Philadelphia_76ers","Hempstead (village), New York","http://dbpedia.org/resource/Hempstead_(village),_New_York"
"Spudd","http://dbpedia.org/resource/Spud_Webb","Detroit Pistons","http://dbpedia.org/resource/Detroit_Pistons","Dallas, Texass","http://dbpedia.org/resource/Dallas,_Texas"
"Plastic Man","http://dbpedia.org/resource/Stacey_Augmon","Atlanta Hawks","http://dbpedia.org/resource/Atlanta_Hawks","Pasadena,, California","http://dbpedia.org/resource/Pasadena,_California"
"Baby-Faceed Assassin","http://dbpedia.org/resource/Stephen_Curry","Golden State Warriors","http://dbpedia.org/resource/Golden_State_Warriors","Akron, Ohio","http://dbpedia.org/resource/Akron,_Ohio"
"Chef Curry","http://dbpedia.org/resource/Stephen_Curry","Golden State Warriors","http://dbpedia.org/resource/Golden_State_Warriors","Akron, Ohioo","http://dbpedia.org/resource/Akron,_Ohio"
"Stephh","http://dbpedia.org/resource/Stephen_Curry","Golden State Warriors","http://dbpedia.org/resource/Golden_State_Warriors","Akron, Ohio","http://dbpedia.org/resource/Akron,_Ohio"
"The Golden Boy","http://dbpedia.org/resource/Stephen_Curry","Golden State Warriors","http://dbpedia.org/resource/Golden_State_Warriors","Akron, Ohio","http://dbpedia.org/resource/Akron,_Ohio"
"Starburry","http://dbpedia.org/resource/Stephon_Marbury","Milwaukee Bucks","http://dbpedia.org/resource/Milwaukee_Bucks","Brookklyn","http://dbpedia.org/resource/Brooklyn"
"Stevie Franchisee","http://dbpedia.org/resource/Steve_Francis","Memphis Grizzlies","http://dbpedia.org/resource/Memphis_Grizzlies","Takoma Park, Marylandd","http://dbpedia.org/resource/Takoma_Park,_Maryland"
"Hair Canada","http://dbpedia.org/resource/Steve_Nash","Golden State Warriors","http://dbpedia.org/resource/Golden_State_Warriors","Johannesburg","http://dbpedia.org/resource/Johannesburg"
"Human Victory  Cigar","http://dbpedia.org/resource/Stojko_Vranković","Cibona Zagabria","http://dbpedia.org/resource/KK_Cibona","Drnniš","http://dbpedia.org/resource/Drniš"
"Strretch","http://dbpedia.org/resource/Stretch_Murphy","Indianapolis Jets","http://dbpedia.org/resource/Indianapolis_Jets","Marion, Indiana","http://dbpedia.org/resource/Marion,_Indiana"
"Old Man Riverwalkk","http://dbpedia.org/resource/Tim_Duncan","San Antonio Spurs","http://dbpedia.org/resource/San_Antonio_Spurs","Christiansted, U.S. Virgin Islandss","http://dbpedia.org/resource/Christiansted,_U.S._Virgin_Islands"
"Slam Duncann","http://dbpedia.org/resource/Tim_Duncan","San Antonio Spurs","http://dbpedia.org/resource/San_Antonio_Spurs","Christiansted, U.S. Virgin Islands","http://dbpedia.org/resource/Christiansted,_U.S._Virgin_Islands"
"The Big Fundamental","http://dbpedia.org/resource/Tim_Duncan","San Antonio Spurs","http://dbpedia.org/resource/San_Antonio_Spurs","Christiansted, U.S. Virgin Islands","http://dbpedia.org/resource/Christiansted,_U.S._Virgin_Islands"
"Tobi  & Bobi","http://dbpedia.org/resource/Tobias_Harris","Philadelphia 76ers","http://dbpedia.org/resource/Philadelphia_76ers","Islip, New Yorkk","http://dbpedia.org/resource/Islip,_New_York"
"Googss","http://dbpedia.org/resource/Tom_Gugliotta","Atlanta Hawks","http://dbpedia.org/resource/Atlanta_Hawks","New York Cityy","http://dbpedia.org/resource/New_York_City"
"The Terminatorr","http://dbpedia.org/resource/Tom_Hammonds","Washington Bullets","http://dbpedia.org/resource/Washington_Bullets","Fort Walton Beach, Florida","http://dbpedia.org/resource/Fort_Walton_Beach,_Florida"
"Ack Ack","http://dbpedia.org/resource/Tom_Heinsohn","Boston Celtics","http://dbpedia.org/resource/Boston_Celtics","Jersey City, New Jerseyy","http://dbpedia.org/resource/Jersey_City,_New_Jersey"
"Heeinie","http://dbpedia.org/resource/Tom_Heinsohn","Boston Celtics","http://dbpedia.org/resource/Boston_Celtics","Jersey City, New Jersey","http://dbpedia.org/resource/Jersey_City,_New_Jersey"
"Tommy  Gun","http://dbpedia.org/resource/Tom_Heinsohn","Boston Celtics","http://dbpedia.org/resource/Boston_Celtics","Jersey City,  New Jersey","http://dbpedia.org/resource/Jersey_City,_New_Jersey"
"Croatian Sensation","http://dbpedia.org/resource/Toni_Kukoč","Chicago Bulls","http://dbpedia.org/resource/Chicago_Bulls","Socialist Republic of Croatia","http://dbpedia.org/resource/Socialist_Republic_of_Croatia"
"Euro--Magic","http://dbpedia.org/resource/Toni_Kukoč","Chicago Bulls","http://dbpedia.org/resource/Chicago_Bulls","Socialist Republic of Croatia","http://dbpedia.org/resource/Socialist_Republic_of_Croatia"
"TThe Waiter","http://dbpedia.org/resource/Toni_Kukoč","Chicago Bulls","http://dbpedia.org/resource/Chicago_Bulls","Socialist Republic of Croatiaa","http://dbpedia.org/resource/Socialist_Republic_of_Croatia"
"T-Mac","http://dbpedia.org/resource/Tracy_McGrady","Toronto Raptors","http://dbpedia.org/resource/Toronto_Raptors","Bartow, Florrida","http://dbpedia.org/resource/Bartow,_Florida"
"The Alaskan Assassin","http://dbpedia.org/resource/Trajan_Langdon","CSKA Moscow","http://dbpedia.org/resource/PBC_CSKA_Moscow","Palo Alto, Californiaa","http://dbpedia.org/resource/Palo_Alto,_California"
"Machine Gun","http://dbpedia.org/resource/Travis_Grant","Los Angeles Lakers","http://dbpedia.org/resource/Los_Angeles_Lakers","Clayton, Alabama","http://dbpedia.org/resource/Clayton,_Alabama"
"Tree","http://dbpedia.org/resource/Tree_Rollins","Atlanta Hawks","http://dbpedia.org/resource/Atlanta_Hawks","Winter Haven, Florida","http://dbpedia.org/resource/Winter_Haven,_Florida"
"Ariza Greeen","http://dbpedia.org/resource/Trevor_Ariza","New York Knicks","http://dbpedia.org/resource/New_York_Knicks","Miaami","http://dbpedia.org/resource/Miami"
"Athreeza","http://dbpedia.org/resource/Trevor_Ariza","New York Knicks","http://dbpedia.org/resource/New_York_Knicks","Miamii","http://dbpedia.org/resource/Miami"
"Cobra","http://dbpedia.org/resource/Trevor_Ariza","New York Knicks","http://dbpedia.org/resource/New_York_Knicks","Miamii","http://dbpedia.org/resource/Miami"
"Switchblade","http://dbpedia.org/resource/Trevor_Ariza","New York Knicks","http://dbpedia.org/resource/New_York_Knicks","Miamii","http://dbpedia.org/resource/Miami"
"Truckk","http://dbpedia.org/resource/Truck_Robinson","Washington Bullets","http://dbpedia.org/resource/Washington_Bullets","Jacksonville, Florida","http://dbpedia.org/resource/Jacksonville,_Florida"
"Kill Bill","http://dbpedia.org/resource/Vassilis_Spanoulis","Dallas Mavericks","http://dbpedia.org/resource/Dallas_Mavericks","Larissaa","http://dbpedia.org/resource/Larissa"
"V-Spann","http://dbpedia.org/resource/Vassilis_Spanoulis","Dallas Mavericks","http://dbpedia.org/resource/Dallas_Mavericks","Larissaa","http://dbpedia.org/resource/Larissa"
"Air Canada","http://dbpedia.org/resource/Vince_Carter","Golden State Warriors","http://dbpedia.org/resource/Golden_State_Warriors","Daytona Beach, Florida","http://dbpedia.org/resource/Daytona_Beach,_Florida"
"Half Man Half Amazing","http://dbpedia.org/resource/Vince_Carter","Golden State Warriors","http://dbpedia.org/resource/Golden_State_Warriors","Daytona Beachh, Florida","http://dbpedia.org/resource/Daytona_Beach,_Florida"
"Old Man Vincee","http://dbpedia.org/resource/Vince_Carter","Golden State Warriors","http://dbpedia.org/resource/Golden_State_Warriors","Daytona Beacch, Florida","http://dbpedia.org/resource/Daytona_Beach,_Florida"
"VVC","http://dbpedia.org/resource/Vince_Carter","Golden State Warriors","http://dbpedia.org/resource/Golden_State_Warriors","Daytona Beach, Florida","http://dbpedia.org/resource/Daytona_Beach,_Florida"
"Vinnsanity","http://dbpedia.org/resource/Vince_Carter","Golden State Warriors","http://dbpedia.org/resource/Golden_State_Warriors","Daytona Beach, Floridaa","http://dbpedia.org/resource/Daytona_Beach,_Florida"
"Thhe Microwave","http://dbpedia.org/resource/Vinnie_Johnson","Seattle SuperSonics","http://dbpedia.org/resource/Seattle_SuperSonics","Brooklyn, New York","http://dbpedia.org/resource/Brooklyn,_New_York"
"Ukraiine Train","http://dbpedia.org/resource/Vitaly_Potapenko","Cleveland Cavaliers","http://dbpedia.org/resource/Cleveland_Cavaliers","KKiev","http://dbpedia.org/resource/Kiev"
"Bells","http://dbpedia.org/resource/Walt_Bellamy","Chicago Packers","http://dbpedia.org/resource/Chicago_Packers","New Beern, North Carolina","http://dbpedia.org/resource/New_Bern,_North_Carolina"
"Cllyde","http://dbpedia.org/resource/Walt_Frazier","New York Knicks","http://dbpedia.org/resource/New_York_Knicks","Atlanta","http://dbpedia.org/resource/Atlanta"
"Iron Mann","http://dbpedia.org/resource/Wesley_Matthews","Dallas Mavericks","http://dbpedia.org/resource/Dallas_Mavericks","San Antonio","http://dbpedia.org/resource/San_Antonio"
"The Big Dipperr","http://dbpedia.org/resource/Wilt_Chamberlain","Philadelphia Warriors","http://dbpedia.org/resource/Philadelphia_Warriors","Philadelphia","http://dbpedia.org/resource/Philadelphia"
"Willt the Stilt","http://dbpedia.org/resource/Wilt_Chamberlain","Philadelphia Warriors","http://dbpedia.org/resource/Philadelphia_Warriors","Philadelphiaa","http://dbpedia.org/resource/Philadelphia"
"The Prince of Midairr","http://dbpedia.org/resource/World_B._Free","Philadelphia 76ers","http://dbpedia.org/resource/Philadelphia_76ers","Atlantaa","http://dbpedia.org/resource/Atlanta"
"Worlld","http://dbpedia.org/resource/World_B._Free","Philadelphia 76ers","http://dbpedia.org/resource/Philadelphia_76ers","Atllanta","http://dbpedia.org/resource/Atlanta"
"Woorld B. Free","http://dbpedia.org/resource/World_B._Free","Philadelphia 76ers","http://dbpedia.org/resource/Philadelphia_76ers","Atllanta","http://dbpedia.org/resource/Atlanta"
"The X-Mann","http://dbpedia.org/resource/Xavier_McDaniel","Seattle SuperSonics","http://dbpedia.org/resource/Seattle_SuperSonics","Columbia,  South Carolina","http://dbpedia.org/resource/Columbia,_South_Carolina"
"CChairman Yao","http://dbpedia.org/resource/Yao_Ming","Houston Rockets","http://dbpedia.org/resource/Houston_Rockets","Shanghai","http://dbpedia.org/resource/Shanghai"
"Ming Dynasty","http://dbpedia.org/resource/Yao_Ming","Houston Rockets","http://dbpedia.org/resource/Houston_Rockets","Shaanghai","http://dbpedia.org/resource/Shanghai"
"Shaquie Chann","http://dbpedia.org/resource/Yao_Ming","Houston Rockets","http://dbpedia.org/resource/Houston_Rockets","Shanghaii","http://dbpedia.org/resource/Shanghai"
"The Great Wall of Chinaa","http://dbpedia.org/resource/Yao_Ming","Houston Rockets","http://dbpedia.org/resource/Houston_Rockets","Shanghaii","http://dbpedia.org/resource/Shanghai"
"Z-Boo","http://dbpedia.org/resource/Zach_Randolph","Sacramento Kings","http://dbpedia.org/resource/Sacramento_Kings","Marion, Indianaa","http://dbpedia.org/resource/Marion,_Indiana"
"Big ZZ","http://dbpedia.org/resource/Zydrunas_Ilgauskas","Cleveland Cavaliers","http://dbpedia.org/resource/Cleveland_Cavaliers","Kaunas","http://dbpedia.org/resource/Kaunas"
"Ice Traee","","Atlanta Hawks","http://dbpedia.org/resource/Atlanta_Hawks","Lubbocck","http://dbpedia.org/resource/Lubbock,_Texas"
"Jimmmy Buckets","","Miami Heat","http://dbpedia.org/resource/Miami_Heat","Houston","http://dbpedia.org/resource/Houston"
"Red Velvett","","Atlanta Hawks","http://dbpedia.org/resource/Atlanta_Hawks","Albany","http://dbpedia.org/resource/Albany,_New_York"
"Time Lord","","Boston Celtics","http://dbpedia.org/resource/Boston_Celtics","Shreveport","http://dbpedia.org/resource/Shreveport,_Louisiana"
