"???O","???O__URI","???[?O","?`?[??","?`?[??__URI","????","?N","??"
"Jeff Bagwell","http://dbpedia.org/resource/Jeff_Bagwell","NL","Astros","http://dbpedia.org/resource/Houston_Astros","07-18","2001","."
"John Olerud","http://dbpedia.org/resource/John_Olerud","AL","Mariners","http://dbpedia.org/resource/Seattle_Mariners","06-17","2001","??2"
"Luis Gonzalez","http://dbpedia.org/resource/Luis_Gonzalez_(outfielder)","?m?k","Diamondbacks","http://dbpedia.org/resource/Arizona_Diamondbacks","07-05","2000","."
"Eric Chavez","http://dbpedia.org/resource/Eric_Chavez","?`?k","Athletics","http://dbpedia.org/resource/Oakland_Athletics","06-21","2000","."
"Mike Lansing","http://dbpedia.org/resource/Mike_Lansing","?m?k","Rockies","http://dbpedia.org/resource/Colorado_Rockies","06-18","2000","."
"Jason Kendall","http://dbpedia.org/resource/Jason_Kendall","?m?k","Pirates","http://dbpedia.org/resource/Pittsburgh_Pirates","05-19","2000","."
"Jose Valentin","http://dbpedia.org/resource/José_Valentín","?`?k","White Sox","http://dbpedia.org/resource/Chicago_White_Sox","04-27","2000","."
"Chris Singleton","http://dbpedia.org/resource/Chris_Singleton_(baseball)","?`?k","White Sox","http://dbpedia.org/resource/Chicago_White_Sox","07-06","1999","."
"Todd Helton","http://dbpedia.org/resource/Todd_Helton","?m?k","Rockies","http://dbpedia.org/resource/Colorado_Rockies","06-19","1999","."
"Jeff Kent","http://dbpedia.org/resource/Jeff_Kent","?m?k","Giants","http://dbpedia.org/resource/San_Francisco_Giants","05-03","1999","."
"Neifi Perez","http://dbpedia.org/resource/Neifi_Pérez","?m?k","Rockies","http://dbpedia.org/resource/Colorado_Rockies","07-25","1998","."
"Dante Bichette","http://dbpedia.org/resource/Dante_Bichette","?m?k","Rockies","http://dbpedia.org/resource/Colorado_Rockies","06-10","1998","."
"Mike Blowers","http://dbpedia.org/resource/Mike_Blowers","?`?k","Athletics","http://dbpedia.org/resource/Oakland_Athletics","05-18","1998","."
"John Olerud","http://dbpedia.org/resource/John_Olerud","?m?k","Mets","http://dbpedia.org/resource/New_York_Mets","09-11","1997","??1"
"Alex Rodriguez","http://dbpedia.org/resource/Alex_Rodriguez","?`?k","Mariners","http://dbpedia.org/resource/Seattle_Mariners","06-05","1997","."
"Alex Ochoa","http://dbpedia.org/resource/Alex_Ochoa","?m?k","Mets","http://dbpedia.org/resource/New_York_Mets","07-03","1996","."
"John Valentin","http://dbpedia.org/resource/John_Valentin","?`?k","Red Sox","http://dbpedia.org/resource/Boston_Red_Sox","06-06","1996","."
"John Mabry","http://dbpedia.org/resource/John_Mabry","?m?k","Cardinals","http://dbpedia.org/resource/St._Louis_Cardinals","05-18","1996","."
"Tony Fernandez","http://dbpedia.org/resource/Tony_Fernández","?`?k","Yankees","http://dbpedia.org/resource/New_York_Yankees","09-03","1995","."
"Gregg Jefferies","http://dbpedia.org/resource/Gregg_Jefferies","?m?k","Phillies","http://dbpedia.org/resource/Philadelphia_Phillies","08-25","1995","."
"Rondell White","http://dbpedia.org/resource/Rondell_White","?m?k","Expos","http://dbpedia.org/resource/Montreal_Expos","06-11","1995","."
"Scott Cooper","http://dbpedia.org/resource/Scott_Cooper_(baseball)","?`?k","Red Sox","http://dbpedia.org/resource/Boston_Red_Sox","04-12","1994","."
"Travis Fryman","http://dbpedia.org/resource/Travis_Fryman","?`?k","Tigers","http://dbpedia.org/resource/Detroit_Tigers","07-28","1993","."
"Jay Buhner","http://dbpedia.org/resource/Jay_Buhner","?`?k","Mariners","http://dbpedia.org/resource/Seattle_Mariners","07-23","1993","."
"Mark Grace","http://dbpedia.org/resource/Mark_Grace","?m?k","Cubs","http://dbpedia.org/resource/Chicago_Cubs","05-09","1993","."
"Andujar Cedeno","http://dbpedia.org/resource/Andújar_Cedeño","?m?k","Astros","http://dbpedia.org/resource/Houston_Astros","08-25","1992","."
"Ray Lankford","http://dbpedia.org/resource/Ray_Lankford","?m?k","Cardinals","http://dbpedia.org/resource/St._Louis_Cardinals","09-15","1991","."
"Dave Winfield","http://dbpedia.org/resource/Dave_Winfield","?`?k","Angels","http://dbpedia.org/resource/Los_Angeles_Angels_of_Anaheim","06-24","1991","."
"Paul Molitor","http://dbpedia.org/resource/Paul_Molitor","?`?k","Brewers","http://dbpedia.org/resource/Milwaukee_Brewers","05-15","1991","."
"Robby Thompson","http://dbpedia.org/resource/Robby_Thompson","?m?k","Giants","http://dbpedia.org/resource/San_Francisco_Giants","04-22","1991","."
"George Brett","http://dbpedia.org/resource/George_Brett","?`?k","Royals","http://dbpedia.org/resource/Kansas_City_Royals","07-25","1990","2"
"Gary Redus","http://dbpedia.org/resource/Gary_Redus","?m?k","Pirates","http://dbpedia.org/resource/Pittsburgh_Pirates","08-25","1989","."
"Kevin McReynolds","http://dbpedia.org/resource/Kevin_McReynolds","?m?k","Mets","http://dbpedia.org/resource/New_York_Mets","08-01","1989","."
"Eric Davis","http://dbpedia.org/resource/Eric_Davis_(baseball)","?m?k","Reds","http://dbpedia.org/resource/Cincinnati_Reds","06-02","1989","."
"Kelly Gruber","http://dbpedia.org/resource/Kelly_Gruber","?`?k","Blue Jays","http://dbpedia.org/resource/Toronto_Blue_Jays","04-16","1989","."
"Mike Greenwell","http://dbpedia.org/resource/Mike_Greenwell","?`?k","Red Sox","http://dbpedia.org/resource/Boston_Red_Sox","09-14","1988","."
"Chris Speier","http://dbpedia.org/resource/Chris_Speier","?m?k","Giants","http://dbpedia.org/resource/San_Francisco_Giants","07-09","1988","2"
"Robin Yount","http://dbpedia.org/resource/Robin_Yount","?`?k","Brewers","http://dbpedia.org/resource/Milwaukee_Brewers","06-12","1988","."
"Albert Hall","http://dbpedia.org/resource/Albert_Hall_(baseball)","?m?k","Braves","http://dbpedia.org/resource/Atlanta_Braves","09-23","1987","."
"Tim Raines","http://dbpedia.org/resource/Tim_Raines","?m?k","Expos","http://dbpedia.org/resource/Montreal_Expos","08-16","1987","."
"Candy Maldonado","http://dbpedia.org/resource/Candy_Maldonado","?m?k","Giants","http://dbpedia.org/resource/San_Francisco_Giants","05-04","1987","."
"Andre Dawson","http://dbpedia.org/resource/Andre_Dawson","?m?k","Cubs","http://dbpedia.org/resource/Chicago_Cubs","04-29","1987","."
"Kirby Puckett","http://dbpedia.org/resource/Kirby_Puckett","?`?k","Twins","http://dbpedia.org/resource/Minnesota_Twins","08-01","1986","."
"Tony Phillips","http://dbpedia.org/resource/Tony_Phillips","?`?k","Athletics","http://dbpedia.org/resource/Oakland_Athletics","05-16","1986","."
"Rich Gedman","http://dbpedia.org/resource/Rich_Gedman","?`?k","Red Sox","http://dbpedia.org/resource/Boston_Red_Sox","09-18","1985","."
"Oddibe McDowell","http://dbpedia.org/resource/Oddibe_McDowell","?`?k","Rangers","http://dbpedia.org/resource/Texas_Rangers_(baseball)","07-23","1985","."
"Keith Hernandez","http://dbpedia.org/resource/Keith_Hernandez","?m?k","Mets","http://dbpedia.org/resource/New_York_Mets","07-04","1985","."
"Jeff Leonard","http://dbpedia.org/resource/Jeffrey_Leonard","?m?k","Giants","http://dbpedia.org/resource/San_Francisco_Giants","06-27","1985","."
"Dwight Evans","http://dbpedia.org/resource/Dwight_Evans","?`?k","Red Sox","http://dbpedia.org/resource/Boston_Red_Sox","06-28","1984","."
"Willie McGee","http://dbpedia.org/resource/Willie_McGee","?m?k","Cardinals","http://dbpedia.org/resource/St._Louis_Cardinals","06-23","1984","."
"Carlton Fisk","http://dbpedia.org/resource/Carlton_Fisk","?`?k","White Sox","http://dbpedia.org/resource/Chicago_White_Sox","05-16","1984","."
"Cal Ripken, Jr.","http://dbpedia.org/resource/Cal_Ripken,_Jr.","?`?k","Orioles","http://dbpedia.org/resource/Baltimore_Orioles","05-06","1984","."
"Frank White","http://dbpedia.org/resource/Frank_White_(baseball)","?`?k","Royals","http://dbpedia.org/resource/Kansas_City_Royals","08-03","1982","2"
"Charlie Moore","http://dbpedia.org/resource/Charlie_Moore","?`?k","Brewers","http://dbpedia.org/resource/Milwaukee_Brewers","10-01","1980","."
"Gary Ward","http://dbpedia.org/resource/Gary_Ward_(outfielder)","?`?k","Twins","http://dbpedia.org/resource/Minnesota_Twins","09-18","1980","."
"Mike Easler","http://dbpedia.org/resource/Mike_Easler","?m?k","Pirates","http://dbpedia.org/resource/Pittsburgh_Pirates","06-12","1980","."
"Fred Lynn","http://dbpedia.org/resource/Fred_Lynn","?`?k","Red Sox","http://dbpedia.org/resource/Boston_Red_Sox","05-13","1980","."
"Ivan DeJesus","http://dbpedia.org/resource/Iván_DeJesús","?m?k","Cubs","http://dbpedia.org/resource/Chicago_Cubs","04-22","1980","."
"Frank White","http://dbpedia.org/resource/Frank_White_(baseball)","?`?k","Royals","http://dbpedia.org/resource/Kansas_City_Royals","09-26","1979","1"
"Bob Watson","http://dbpedia.org/resource/Bob_Watson","?`?k","Red Sox","http://dbpedia.org/resource/Boston_Red_Sox","09-15","1979","??2"
"Dan Ford","http://dbpedia.org/resource/Dan_Ford","?`?k","Angels","http://dbpedia.org/resource/Los_Angeles_Angels_of_Anaheim","08-10","1979","."
"George Brett","http://dbpedia.org/resource/George_Brett","?`?k","Royals","http://dbpedia.org/resource/Kansas_City_Royals","05-28","1979","1"
"Mike Cubbage","http://dbpedia.org/resource/Mike_Cubbage","?`?k","Twins","http://dbpedia.org/resource/Minnesota_Twins","07-27","1978","."
"Chris Speier","http://dbpedia.org/resource/Chris_Speier","?m?k","Expos","http://dbpedia.org/resource/Montreal_Expos","07-20","1978","1"
"Andre Thornton","http://dbpedia.org/resource/Andre_Thornton","?`?k","Indians","http://dbpedia.org/resource/Cleveland_Indians","04-22","1978","."
"Jack Brohamer","http://dbpedia.org/resource/Jack_Brohamer","?`?k","White Sox","http://dbpedia.org/resource/Chicago_White_Sox","09-24","1977","."
"John Mayberry","http://dbpedia.org/resource/John_Mayberry","?`?k","Royals","http://dbpedia.org/resource/Kansas_City_Royals","08-05","1977","."
"Bob Watson","http://dbpedia.org/resource/Bob_Watson","?m?k","Astros","http://dbpedia.org/resource/Houston_Astros","06-24","1977","??1"
"Mike Hegan","http://dbpedia.org/resource/Mike_Hegan","?`?k","Brewers","http://dbpedia.org/resource/Milwaukee_Brewers","09-03","1976","."
"Cesar Cedeno","http://dbpedia.org/resource/César_Cedeño","?m?k","Astros","http://dbpedia.org/resource/Houston_Astros","08-09","1976","2"
"Lyman Bostock","http://dbpedia.org/resource/Lyman_Bostock","?`?k","Twins","http://dbpedia.org/resource/Minnesota_Twins","07-24","1976","."
"Mike Phillips","http://dbpedia.org/resource/Mike_Phillips_(baseball)","?m?k","Mets","http://dbpedia.org/resource/New_York_Mets","06-25","1976","."
"Larry Hisle","http://dbpedia.org/resource/Larry_Hisle","?`?k","Twins","http://dbpedia.org/resource/Minnesota_Twins","06-04","1976","."
"Tim Foli","http://dbpedia.org/resource/Tim_Foli","?m?k","Expos","http://dbpedia.org/resource/Montreal_Expos","04-22","1976","."
"Lou Brock","http://dbpedia.org/resource/Lou_Brock","?m?k","Cardinals","http://dbpedia.org/resource/St._Louis_Cardinals","05-27","1975","."
"Richie Zisk","http://dbpedia.org/resource/Richie_Zisk","?m?k","Pirates","http://dbpedia.org/resource/Pittsburgh_Pirates","06-09","1974","."
"Joe Torre","http://dbpedia.org/resource/Joe_Torre","?m?k","Cardinals","http://dbpedia.org/resource/St._Louis_Cardinals","06-27","1973","."
"Cesar Tovar","http://dbpedia.org/resource/César_Tovar","?`?k","Twins","http://dbpedia.org/resource/Minnesota_Twins","09-19","1972","."
"Bobby Murcer","http://dbpedia.org/resource/Bobby_Murcer","?`?k","Yankees","http://dbpedia.org/resource/New_York_Yankees","08-29","1972","."
"Cesar Cedeno","http://dbpedia.org/resource/César_Cedeño","?m?k","Astros","http://dbpedia.org/resource/Houston_Astros","08-02","1972","1"
"Dave Kingman","http://dbpedia.org/resource/Dave_Kingman","?m?k","Giants","http://dbpedia.org/resource/San_Francisco_Giants","04-16","1972","."
"Freddie Patek","http://dbpedia.org/resource/Freddie_Patek","?`?k","Royals","http://dbpedia.org/resource/Kansas_City_Royals","07-09","1971","."
"Jim Ray Hart","http://dbpedia.org/resource/Jim_Ray_Hart","?m?k","Giants","http://dbpedia.org/resource/San_Francisco_Giants","07-08","1970","."
"Tommie Agee","http://dbpedia.org/resource/Tommie_Agee","?m?k","Mets","http://dbpedia.org/resource/New_York_Mets","07-06","1970","."
"Tony Horton","http://dbpedia.org/resource/Tony_Horton_(baseball)","?`?k","Indians","http://dbpedia.org/resource/Cleveland_Indians","07-02","1970","."
"Rod Carew","http://dbpedia.org/resource/Rod_Carew","?`?k","Twins","http://dbpedia.org/resource/Minnesota_Twins","05-20","1970","."
"Wes Parker","http://dbpedia.org/resource/Wes_Parker","?m?k","Dodgers","http://dbpedia.org/resource/Los_Angeles_Dodgers","05-07","1970","."
"Jim Fregosi","http://dbpedia.org/resource/Jim_Fregosi","?`?k","Angels","http://dbpedia.org/resource/Los_Angeles_Angels_of_Anaheim","05-20","1968","2"
"Randy Hundley","http://dbpedia.org/resource/Randy_Hundley","?m?k","Cubs","http://dbpedia.org/resource/Chicago_Cubs","08-11","1966","2"
"Billy Williams","http://dbpedia.org/resource/Billy_Williams_(left_fielder)","?m?k","Cubs","http://dbpedia.org/resource/Chicago_Cubs","07-17","1966","2"
"Carl Yastrzemski","http://dbpedia.org/resource/Carl_Yastrzemski","?`?k","Red Sox","http://dbpedia.org/resource/Boston_Red_Sox","05-14","1965","2"
"Jim Fregosi","http://dbpedia.org/resource/Jim_Fregosi","?`?k","Angels","http://dbpedia.org/resource/Los_Angeles_Angels_of_Anaheim","07-28","1964","1"
"Willie Stargell","http://dbpedia.org/resource/Willie_Stargell","?m?k","Pirates","http://dbpedia.org/resource/Pittsburgh_Pirates","07-22","1964","."
"Ken Boyer","http://dbpedia.org/resource/Ken_Boyer","?m?k","Cardinals","http://dbpedia.org/resource/St._Louis_Cardinals","06-16","1964","2"
"Jim King","http://dbpedia.org/resource/Jim_King_(basketball)","?`?k","Senators","http://dbpedia.org/resource/Washington_Senators_(1961-71)","05-26","1964","."
"Jim Hickman","http://dbpedia.org/resource/Jim_Hickman_(1960s_outfielder)","?m?k","Mets","http://dbpedia.org/resource/New_York_Mets","08-07","1963","."
"Johnny Callison","http://dbpedia.org/resource/Johnny_Callison","?m?k","Phillies","http://dbpedia.org/resource/Philadelphia_Phillies","06-27","1963","."
"Lu Clinton","http://dbpedia.org/resource/Lou_Clinton","?`?k","Red Sox","http://dbpedia.org/resource/Boston_Red_Sox","07-13","1962","."
"Ken Boyer","http://dbpedia.org/resource/Ken_Boyer","?m?k","Cardinals","http://dbpedia.org/resource/St._Louis_Cardinals","09-14","1961","1"
"Bill White","http://dbpedia.org/resource/Bill_White_(first_baseman)","?m?k","Cardinals","http://dbpedia.org/resource/St._Louis_Cardinals","08-14","1960","."
"Brooks Robinson","http://dbpedia.org/resource/Brooks_Robinson","?`?k","Orioles","http://dbpedia.org/resource/Baltimore_Orioles","07-15","1960","."
"Frank Robinson","http://dbpedia.org/resource/Frank_Robinson","?m?k","Reds","http://dbpedia.org/resource/Cincinnati_Reds","05-02","1959","."
"Mickey Mantle","http://dbpedia.org/resource/Mickey_Mantle","?`?k","Yankees","http://dbpedia.org/resource/New_York_Yankees","07-23","1957","."
"Lee Walls","http://dbpedia.org/resource/Lee_Walls","?m?k","Cubs","http://dbpedia.org/resource/Chicago_Cubs","07-02","1957","."
"Don Mueller","http://dbpedia.org/resource/Don_Mueller","?m?k","Giants","http://dbpedia.org/resource/San_Francisco_Giants","07-11","1954","."
"Larry Doby","http://dbpedia.org/resource/Larry_Doby","?`?k","Indians","http://dbpedia.org/resource/Cleveland_Indians","06-04","1952","."
"Gus Bell","http://dbpedia.org/resource/Gus_Bell","?m?k","Pirates","http://dbpedia.org/resource/Pittsburgh_Pirates","06-04","1951","."
"Hoot Evers","http://dbpedia.org/resource/Hoot_Evers","?`?k","Tigers","http://dbpedia.org/resource/Detroit_Tigers","09-07","1950","."
"Elmer Valo","http://dbpedia.org/resource/Elmer_Valo","?`?k","Athletics","http://dbpedia.org/resource/Oakland_Athletics","08-02","1950","."
"Roy Smalley","http://dbpedia.org/resource/Roy_Smalley,_Jr.","?m?k","Cubs","http://dbpedia.org/resource/Chicago_Cubs","06-28","1950","."
"Ralph Kiner","http://dbpedia.org/resource/Ralph_Kiner","?m?k","Pirates","http://dbpedia.org/resource/Pittsburgh_Pirates","06-25","1950","."
"George Kell","http://dbpedia.org/resource/George_Kell","?`?k","Tigers","http://dbpedia.org/resource/Detroit_Tigers","06-02","1950","."
"Stan Musial","http://dbpedia.org/resource/Stan_Musial","?m?k","Cardinals","http://dbpedia.org/resource/St._Louis_Cardinals","07-24","1949","."
"Gil Hodges","http://dbpedia.org/resource/Gil_Hodges","?m?k","Dodgers","http://dbpedia.org/resource/Los_Angeles_Dodgers","06-25","1949","."
"Wally Westlake","http://dbpedia.org/resource/Wally_Westlake","?m?k","Pirates","http://dbpedia.org/resource/Pittsburgh_Pirates","06-14","1949","2"
"Jackie Robinson","http://dbpedia.org/resource/Jackie_Robinson","?m?k","Dodgers","http://dbpedia.org/resource/Los_Angeles_Dodgers","08-29","1948","."
"Wally Westlake","http://dbpedia.org/resource/Wally_Westlake","?m?k","Pirates","http://dbpedia.org/resource/Pittsburgh_Pirates","07-30","1948","1"
"Joe DiMaggio","http://dbpedia.org/resource/Joe_DiMaggio","?`?k","Yankees","http://dbpedia.org/resource/New_York_Yankees","05-20","1948","2"
"Vic Wertz","http://dbpedia.org/resource/Vic_Wertz","?`?k","Tigers","http://dbpedia.org/resource/Detroit_Tigers","09-14","1947","."
"Bobby Doerr","http://dbpedia.org/resource/Bobby_Doerr","?`?k","Red Sox","http://dbpedia.org/resource/Boston_Red_Sox","05-13","1947","2"
"Ted Williams","http://dbpedia.org/resource/Ted_Williams","?`?k","Red Sox","http://dbpedia.org/resource/Boston_Red_Sox","07-21","1946","."
"Mickey Vernon","http://dbpedia.org/resource/Mickey_Vernon","?`?k","Senators","http://dbpedia.org/resource/History_of_the_Washington_Senators_(1901-60)","05-19","1946","."
"Bill Salked","http://dbpedia.org/resource/Bill_Salkeld","?m?k","Pirates","http://dbpedia.org/resource/Pittsburgh_Pirates","08-04","1945","."
"Bob Elliott","http://dbpedia.org/resource/Bob_Elliott_(baseball)","?m?k","Pirates","http://dbpedia.org/resource/Pittsburgh_Pirates","07-15","1945","."
"Dixie Walker","http://dbpedia.org/resource/Dixie_Walker","?m?k","Dodgers","http://dbpedia.org/resource/Los_Angeles_Dodgers","09-02","1944","."
"Bob Johnson","http://dbpedia.org/resource/Bob_Johnson_(outfielder)","?`?k","Red Sox","http://dbpedia.org/resource/Boston_Red_Sox","07-06","1944","."
"Bobby Doerr","http://dbpedia.org/resource/Bobby_Doerr","?`?k","Red Sox","http://dbpedia.org/resource/Boston_Red_Sox","05-17","1944","1"
"Leon Culberson","http://dbpedia.org/resource/Leon_Culberson","?`?k","Red Sox","http://dbpedia.org/resource/Boston_Red_Sox","07-03","1943","."
"George McQuinn","http://dbpedia.org/resource/George_McQuinn","?`?k","Browns","http://dbpedia.org/resource/History_of_the_St._Louis_Browns","07-19","1941","."
"Joe Gordon","http://dbpedia.org/resource/Joe_Gordon","?`?k","Yankees","http://dbpedia.org/resource/New_York_Yankees","09-08","1940","."
"Joe Cronin","http://dbpedia.org/resource/Joe_Cronin","?`?k","Red Sox","http://dbpedia.org/resource/Boston_Red_Sox","08-02","1940","2"
"Buddy Rosar","http://dbpedia.org/resource/Buddy_Rosar","?`?k","Yankees","http://dbpedia.org/resource/New_York_Yankees","07-19","1940","."
"Johnny Mize","http://dbpedia.org/resource/Johnny_Mize","?m?k","Cardinals","http://dbpedia.org/resource/St._Louis_Cardinals","07-13","1940","."
"Harry Danning","http://dbpedia.org/resource/Harry_Danning","?m?k","Giants","http://dbpedia.org/resource/San_Francisco_Giants","06-15","1940","."
"Harry Craft","http://dbpedia.org/resource/Harry_Craft","?m?k","Reds","http://dbpedia.org/resource/Cincinnati_Reds","06-08","1940","."
"Arky Vaughan","http://dbpedia.org/resource/Arky_Vaughan","?m?k","Pirates","http://dbpedia.org/resource/Pittsburgh_Pirates","07-19","1939","2"
"Charlie Gehringer","http://dbpedia.org/resource/Charlie_Gehringer","?`?k","Tigers","http://dbpedia.org/resource/Detroit_Tigers","05-27","1939","."
"Sam Chapman","http://dbpedia.org/resource/Sam_Chapman","?`?k","Athletics","http://dbpedia.org/resource/Oakland_Athletics","05-05","1939","."
"Odell Hale","http://dbpedia.org/resource/Odell_Hale","?`?k","Indians","http://dbpedia.org/resource/Cleveland_Indians","07-12","1938","."
"Lou Gehrig","http://dbpedia.org/resource/Lou_Gehrig","?`?k","Yankees","http://dbpedia.org/resource/New_York_Yankees","08-01","1937","2"
"Joe DiMaggio","http://dbpedia.org/resource/Joe_DiMaggio","?`?k","Yankees","http://dbpedia.org/resource/New_York_Yankees","07-09","1937","1"
"Gee Walker","http://dbpedia.org/resource/Gee_Walker","?`?k","Tigers","http://dbpedia.org/resource/Detroit_Tigers","04-20","1937","."
"Sam Leslie","http://dbpedia.org/resource/Sam_Leslie","?m?k","Giants","http://dbpedia.org/resource/San_Francisco_Giants","05-24","1936","."
"Joe Medwick","http://dbpedia.org/resource/Joe_Medwick","?m?k","Cardinals","http://dbpedia.org/resource/St._Louis_Cardinals","06-29","1935","."
"Moose Solters","http://dbpedia.org/resource/Moose_Solters","?`?k","Red Sox","http://dbpedia.org/resource/Boston_Red_Sox","08-19","1934","."
"Lou Gehrig","http://dbpedia.org/resource/Lou_Gehrig","?`?k","Yankees","http://dbpedia.org/resource/New_York_Yankees","06-25","1934","."
"Roger Cramer","http://dbpedia.org/resource/Doc_Cramer","?`?k","Athletics","http://dbpedia.org/resource/Oakland_Athletics","06-10","1934","."
"Babe Herman","http://dbpedia.org/resource/Babe_Herman","?m?k","Cubs","http://dbpedia.org/resource/Chicago_Cubs","09-30","1933","3"
"Earl Averill","http://dbpedia.org/resource/Earl_Averill","?`?k","Indians","http://dbpedia.org/resource/Cleveland_Indians","08-17","1933","."
"Jimmie Foxx","http://dbpedia.org/resource/Jimmie_Foxx","?`?k","Athletics","http://dbpedia.org/resource/Oakland_Athletics","08-14","1933","."
"Pinky Higgins","http://dbpedia.org/resource/Pinky_Higgins","?`?k","Athletics","http://dbpedia.org/resource/Oakland_Athletics","08-06","1933","."
"Mickey Cochrane","http://dbpedia.org/resource/Mickey_Cochrane","?`?k","Athletics","http://dbpedia.org/resource/Oakland_Athletics","08-02","1933","2"
"Arky Vaughan","http://dbpedia.org/resource/Arky_Vaughan","?m?k","Pirates","http://dbpedia.org/resource/Pittsburgh_Pirates","06-24","1933","1"
"Chuck Klein","http://dbpedia.org/resource/Chuck_Klein","?m?k","Phillies","http://dbpedia.org/resource/Philadelphia_Phillies","05-26","1933","2"
"Pepper Martin","http://dbpedia.org/resource/Pepper_Martin","?m?k","Cardinals","http://dbpedia.org/resource/St._Louis_Cardinals","05-05","1933","."
"Mickey Cochrane","http://dbpedia.org/resource/Mickey_Cochrane","?`?k","Athletics","http://dbpedia.org/resource/Oakland_Athletics","07-22","1932","."
"Tony Lazzeri","http://dbpedia.org/resource/Tony_Lazzeri","?`?k","Yankees","http://dbpedia.org/resource/New_York_Yankees","06-03","1932","."
"Babe Herman","http://dbpedia.org/resource/Babe_Herman","?m?k","Dodgers","http://dbpedia.org/resource/Los_Angeles_Dodgers","07-24","1931","2"
"Chuck Klein","http://dbpedia.org/resource/Chuck_Klein","?m?k","Phillies","http://dbpedia.org/resource/Philadelphia_Phillies","07-01","1931","1"
"Babe Herman","http://dbpedia.org/resource/Babe_Herman","?m?k","Dodgers","http://dbpedia.org/resource/Los_Angeles_Dodgers","05-18","1931","1"
"Chick Hafey","http://dbpedia.org/resource/Chick_Hafey","?m?k","Cardinals","http://dbpedia.org/resource/St._Louis_Cardinals","08-21","1930","."
"Hack Wilson","http://dbpedia.org/resource/Hack_Wilson","?m?k","Cubs","http://dbpedia.org/resource/Chicago_Cubs","06-23","1930","."
"Freddy Lindstrom","http://dbpedia.org/resource/Freddie_Lindstrom","?m?k","Giants","http://dbpedia.org/resource/San_Francisco_Giants","05-08","1930","."
"Joe Cronin","http://dbpedia.org/resource/Joe_Cronin","?`?k","Senators","http://dbpedia.org/resource/History_of_the_Washington_Senators_(1901-60)","09-02","1929","1"
"Oscar Melillo","http://dbpedia.org/resource/Ski_Melillo","?`?k","Browns","http://dbpedia.org/resource/History_of_the_St._Louis_Browns","05-23","1929","."
"Mel Ott","http://dbpedia.org/resource/Mel_Ott","?m?k","Giants","http://dbpedia.org/resource/San_Francisco_Giants","05-16","1929","."
"Bob Meusel","http://dbpedia.org/resource/Bob_Meusel","?`?k","Yankees","http://dbpedia.org/resource/New_York_Yankees","07-26","1928","3"
"Bill Terry","http://dbpedia.org/resource/Bill_Terry","?m?k","Giants","http://dbpedia.org/resource/San_Francisco_Giants","05-29","1928","."
"Cy Williams","http://dbpedia.org/resource/Cy_Williams","?m?k","Phillies","http://dbpedia.org/resource/Philadelphia_Phillies","08-05","1927","."
"Jim Bottomley","http://dbpedia.org/resource/Jim_Bottomley","?m?k","Cardinals","http://dbpedia.org/resource/St._Louis_Cardinals","07-15","1927","."
"Bob Fothergill","http://dbpedia.org/resource/Bob_Fothergill","?`?k","Tigers","http://dbpedia.org/resource/Detroit_Tigers","09-26","1926","."
"Roy Carlyle","http://dbpedia.org/resource/Roy_Carlyle","?`?k","Red Sox","http://dbpedia.org/resource/Boston_Red_Sox","07-21","1925","."
"Max Carey","http://dbpedia.org/resource/Max_Carey","?m?k","Pirates","http://dbpedia.org/resource/Pittsburgh_Pirates","06-20","1925","."
"Kiki Cuyler","http://dbpedia.org/resource/Kiki_Cuyler","?m?k","Pirates","http://dbpedia.org/resource/Pittsburgh_Pirates","06-04","1925","."
"Goose Goslin","http://dbpedia.org/resource/Goose_Goslin","?`?k","Senators","http://dbpedia.org/resource/History_of_the_Washington_Senators_(1901-60)","08-28","1924","."
"Baby Doll Jacobson","http://dbpedia.org/resource/Baby_Doll_Jacobson","?`?k","Browns","http://dbpedia.org/resource/History_of_the_St._Louis_Browns","04-17","1924","."
"Pie Traynor","http://dbpedia.org/resource/Pie_Traynor","?m?k","Pirates","http://dbpedia.org/resource/Pittsburgh_Pirates","07-07","1923","."
"Bob Meusel","http://dbpedia.org/resource/Bob_Meusel","?`?k","Yankees","http://dbpedia.org/resource/New_York_Yankees","07-03","1922","2"
"Ray Schalk","http://dbpedia.org/resource/Ray_Schalk","?`?k","White Sox","http://dbpedia.org/resource/Chicago_White_Sox","06-27","1922","."
"Jimmy Johnston","http://dbpedia.org/resource/Jimmy_Johnston","?m?k","Dodgers","http://dbpedia.org/resource/Los_Angeles_Dodgers","05-25","1922","."
"Ross Youngs","http://dbpedia.org/resource/Ross_Youngs","?m?k","Giants","http://dbpedia.org/resource/San_Francisco_Giants","04-29","1922","."
"Dave Robertson","http://dbpedia.org/resource/Dave_Robertson","?m?k","Pirates","http://dbpedia.org/resource/Pittsburgh_Pirates","08-30","1921","."
"George Sisler","http://dbpedia.org/resource/George_Sisler","?`?k","Browns","http://dbpedia.org/resource/History_of_the_St._Louis_Browns","08-13","1921","2"
"Dave Bancroft","http://dbpedia.org/resource/Dave_Bancroft","?m?k","Giants","http://dbpedia.org/resource/San_Francisco_Giants","06-01","1921","."
"Bob Meusel","http://dbpedia.org/resource/Bob_Meusel","?`?k","Yankees","http://dbpedia.org/resource/New_York_Yankees","05-07","1921","1"
"Bobby Veach","http://dbpedia.org/resource/Bobby_Veach","?`?k","Tigers","http://dbpedia.org/resource/Detroit_Tigers","09-17","1920","."
"George Burns","http://dbpedia.org/resource/George_Burns_(outfielder)","?m?k","Giants","http://dbpedia.org/resource/San_Francisco_Giants","09-17","1920","."
"George Sisler","http://dbpedia.org/resource/George_Sisler","?`?k","Browns","http://dbpedia.org/resource/History_of_the_St._Louis_Browns","08-08","1920","1"
"Cliff Heathcote","http://dbpedia.org/resource/Cliff_Heathcote","?m?k","Cardinals","http://dbpedia.org/resource/St._Louis_Cardinals","07-13","1918","."
"Heinie Groh","http://dbpedia.org/resource/Heinie_Groh","?m?k","Reds","http://dbpedia.org/resource/Cincinnati_Reds","07-05","1915","."
"Honus Wagner","http://dbpedia.org/resource/Honus_Wagner","?m?k","Pirates","http://dbpedia.org/resource/Pittsburgh_Pirates","08-22","1912","."
"Bert Daniels","http://dbpedia.org/resource/Bert_Daniels","?`?k","Yankees","http://dbpedia.org/resource/New_York_Yankees","07-25","1912","."
"Chief Meyers","http://dbpedia.org/resource/Chief_Meyers","?m?k","Giants","http://dbpedia.org/resource/San_Francisco_Giants","06-10","1912","."
"Tris Speaker","http://dbpedia.org/resource/Tris_Speaker","?`?k","Red Sox","http://dbpedia.org/resource/Boston_Red_Sox","06-09","1912","."
"Mike Mitchell","http://dbpedia.org/resource/Mike_Mitchell_(baseball)","?m?k","Reds","http://dbpedia.org/resource/Cincinnati_Reds","08-19","1911","."
"Frank Baker","http://dbpedia.org/resource/Frank_Baker_(outfielder)","?`?k","Athletics","http://dbpedia.org/resource/Oakland_Athletics","07-03","1911","."
"Bill Collins","http://dbpedia.org/resource/Bill_Collins_(outfielder)","?m?k","Braves","http://dbpedia.org/resource/Atlanta_Braves","10-06","1910","."
"Danny Murphy","http://dbpedia.org/resource/Danny_Murphy_(second_baseman)","?`?k","Athletics","http://dbpedia.org/resource/Oakland_Athletics","08-25","1910","."
"Owen Wilson","http://dbpedia.org/resource/Chief_Wilson","?m?k","Pirates","http://dbpedia.org/resource/Pittsburgh_Pirates","07-03","1910","."
"Otis Clymer","http://dbpedia.org/resource/Otis_Clymer","?`?k","Senators","http://dbpedia.org/resource/History_of_the_Washington_Senators_(1901-60)","10-02","1908","."
"John Bates","http://dbpedia.org/resource/John_Bates_(baseball)","?m?k","Braves","http://dbpedia.org/resource/Atlanta_Braves","04-26","1907","."
"Sam Mertes","http://dbpedia.org/resource/Sam_Mertes","?m?k","Giants","http://dbpedia.org/resource/San_Francisco_Giants","10-04","1904","."
"Duff Cooley","http://dbpedia.org/resource/Duff_Cooley","?m?k","Braves","http://dbpedia.org/resource/Atlanta_Braves","06-20","1904","."
"Bill Bradley","http://dbpedia.org/resource/Bill_Bradley","?`?k","Indians","http://dbpedia.org/resource/Cleveland_Indians","09-24","1903","."
"Pat Dougherty","http://dbpedia.org/resource/Pat_Dougherty","?`?k","Red Sox","http://dbpedia.org/resource/Boston_Red_Sox","07-29","1903","."
"Buck Freeman","http://dbpedia.org/resource/Buck_Freeman","?`?k","Red Sox","http://dbpedia.org/resource/Boston_Red_Sox","07-21","1903","."
"Fred Clarke","http://dbpedia.org/resource/Fred_Clarke","?m?k","Pirates","http://dbpedia.org/resource/Pittsburgh_Pirates","05-07","1903","2"
"Nap Lajoie","http://dbpedia.org/resource/Nap_Lajoie","?`?k","Athletics","http://dbpedia.org/resource/Oakland_Athletics","07-30","1901","."
"Fred Clarke","http://dbpedia.org/resource/Fred_Clarke","?m?k","Pirates","http://dbpedia.org/resource/Pittsburgh_Pirates","07-23","1901","1"
"Harry Davis","http://dbpedia.org/resource/Harry_Davis_(1900s_first_baseman)","?`?k","Athletics","http://dbpedia.org/resource/Oakland_Athletics","07-10","1901","."
"Bill Joyce","http://dbpedia.org/resource/Bill_Joyce_(baseball)","?m?k","Washington","http://dbpedia.org/resource/Washington_Senators_(1891–99)","05-30","1896","."
"Herman Long","http://dbpedia.org/resource/Herman_Long_(baseball)","?m?k","Boston","http://dbpedia.org/resource/History_of_the_Boston_Braves","05-09","1896","."
"Ed Cartwright","http://dbpedia.org/resource/Ed_Cartwright","?m?k","Washington","http://dbpedia.org/resource/Washington_Senators_(1891–99)","09-30","1895","."
"Tom Dowd","http://dbpedia.org/resource/Tommy_Dowd_(baseball)","?m?k","St. Louis","http://dbpedia.org/resource/History_of_the_St._Louis_Browns","08-16","1895","."
"Tom Parrett","http://dbpedia.org/resource/Tom_Parrott","?m?k","Cincinnati","http://dbpedia.org/resource/Cincinnati_Reds","09-28","1894","."
"Sam Thompson","http://dbpedia.org/resource/Sam_Thompson","?m?k","Philadelphia","http://dbpedia.org/resource/Philadelphia_Phillies","08-17","1894","."
"Bill Hassamaer","http://dbpedia.org/resource/Bill_Hassamaer","?m?k","Washington","http://dbpedia.org/resource/Washington_Senators_(1891–99)","06-13","1894","."
"Lave Cross","http://dbpedia.org/resource/Lave_Cross","?m?k","Philadelphia","http://dbpedia.org/resource/Philadelphia_Phillies","04-24","1894","."
"Jimmy Ryan","http://dbpedia.org/resource/Jimmy_Ryan_(baseball)","?m?k","Chicago","http://dbpedia.org/resource/History_of_the_Chicago_Cubs","07-01","1891","2"
"John Reilly","http://dbpedia.org/resource/John_Reilly_(baseball)","?m?k","Cincinnati","http://dbpedia.org/resource/Cincinnati_Reds","08-06","1890","."
"Tom Burns","http://dbpedia.org/resource/Tom_Burns_(baseball)","?m?k","Brooklyn","http://dbpedia.org/resource/History_of_the_Brooklyn_Dodgers","08-01","1890","."
"Larry Twitchell","http://dbpedia.org/resource/Larry_Twitchell","?m?k","Cleveland","http://dbpedia.org/resource/Cleveland_Spiders","08-15","1889","."
"John Glasscock","http://dbpedia.org/resource/Jack_Glasscock","?m?k","Indianapolis","http://dbpedia.org/resource/St._Louis_Maroons/Indianapolis_Hoosiers","08-08","1889","."
"Mike Tiernan","http://dbpedia.org/resource/Mike_Tiernan","?m?k","New York","http://dbpedia.org/resource/History_of_the_New_York_Giants_(baseball)","08-25","1888","."
"Jimmy Ryan","http://dbpedia.org/resource/Jimmy_Ryan_(baseball)","?m?k","Chicago","http://dbpedia.org/resource/History_of_the_Chicago_Cubs","07-28","1888","1"
"Fred Carroll","http://dbpedia.org/resource/Fred_Carroll","?m?k","Pittsburgh","http://dbpedia.org/resource/Pittsburgh_Pirates","05-02","1887","."
"John Rowe","http://dbpedia.org/resource/Jack_Rowe","?m?k","Detroit","http://dbpedia.org/resource/Detroit_Wolverines","08-21","1886","."
"Fred Dunlap","http://dbpedia.org/resource/Fred_Dunlap","?m?k","St. Louis","http://dbpedia.org/resource/History_of_the_St._Louis_Browns","05-24","1886","."
"Bill McQuery","http://dbpedia.org/resource/Mox_McQuery","?m?k","Detroit","http://dbpedia.org/resource/Detroit_Wolverines","09-28","1885","."
"George Wood","http://dbpedia.org/resource/George_Wood_(baseball)","?m?k","Detroit","http://dbpedia.org/resource/Detroit_Wolverines","06-13","1885","."
"Jim O'Rourke","http://dbpedia.org/resource/Jim_O'Rourke_(baseball)","?m?k","Buffalo","http://dbpedia.org/resource/Buffalo_Bisons_(NL)","06-16","1884","."
"Charles Foley","http://dbpedia.org/resource/Curry_Foley","?m?k","Buffalo","http://dbpedia.org/resource/Buffalo_Bisons_(NL)","05-25","1882","."
